# folded parameter tensors, total=28626

[conv1.bias] shape=[16] dtype=float32
0.046629511
-0.10785352
0.27974722
-0.47765175
0.050725672
0.18053535
0.33709654
-0.32083806
0.74337757
0.68752778
-0.43317592
-0.31854615
-0.15153012
0.34272283
0.30420232
-0.77119172

[conv1.weight] shape=[16, 3, 3, 3] dtype=float32
-0.070327461
-0.10201323
-0.074376211
-0.09120129
-0.14711761
-0.084663309
-0.012638365
-0.10365596
-0.058524318
0.088289917
0.17032678
0.11715604
0.18961133
0.26042619
0.19606368
0.13801809
0.16866057
0.10540253
-0.050652716
-0.11113761
-0.020999927
-0.10952523
-0.20222054
-0.10660963
-0.048957635
-0.12648734
-0.04610556
0.037366696
0.023129046
-0.022904666
0.025923029
0.0052057081
-0.025162715
0.0010264182
-0.014242299
-0.010360297
0.066644929
0.074676238
0.0056552249
0.036000274
0.025941674
-0.023939071
0.014500947
-0.0081944754
-0.034037061
0.09211845
0.11484188
0.04426574
0.0083974041
0.017535916
-0.01791409
-0.027419232
-0.03036938
-0.034514397
-0.025126899
0.022261759
0.12231497
0.11960057
-0.011189775
-0.1201914
0.005685891
-0.05037035
-0.04831586
-0.010008884
-0.036197454
-0.017749188
0.21170603
-0.0019440954
-0.20792173
0.13781512
0.014104767
-0.071012378
-0.038436506
-0.043736152
-0.035165053
0.22716667
0.023135997
-0.22450426
0.15191042
0.027697731
-0.13492908
0.061686158
0.048488971
0.088028803
0.04181955
0.035075333
0.065828182
-0.00047200112
-0.089334279
-0.10818745
0.015279121
-0.026062075
0.014836112
0.040368423
0.019752264
0.04035053
0.044138908
-0.037969258
-0.072973728
-0.042738501
-0.070839718
-0.026909182
-0.04722549
-0.048995975
-0.020228263
-0.088879481
-0.13253383
-0.15456991
0.021520754
0.012332536
0.0075407885
0.020764546
-0.011228345
-0.012493221
0.0080355164
-0.030187789
-0.024853822
-0.0021090303
-0.028449394
-0.036026411
-0.008760944
-0.053127356
-0.054911915
-0.0037770383
-0.043762915
-0.038142793
0.025503961
0.031476349
0.016615517
0.014694297
0.0089593995
-0.0036235666
-0.0038293069
-0.015347793
-0.023647796
-0.023852034
-0.052197471
-0.011979294
-0.04678677
-0.067371607
-0.024487568
-0.065029494
-0.069811575
-0.036502607
0.017519619
-0.00019408567
0.010610366
0.017773697
0.0085929586
0.015344459
-0.0066753016
-0.0050917678
-0.0043841721
0.026220435
0.021575758
0.010757015
0.042407319
0.047342554
0.036563031
0.044199493
0.058656998
0.047144406
0.060761712
0.077074043
0.077385895
0.00047937658
-0.030369883
0.010356067
-0.042018957
-0.11674682
-0.030273858
0.074415579
0.096330769
0.089223444
-0.0016045412
-0.037977476
-0.016582346
-0.03509327
-0.1200627
-0.068245038
0.069279172
0.10981866
0.084573805
-0.012136652
-0.017461373
-0.021301467
-0.046888728
-0.094140112
-0.072902858
-0.15271676
-0.001259357
-0.21419145
0.04841413
0.39326128
-2.5747582e-05
0.12724085
0.45423383
0.13487476
0.11709682
0.098573692
-0.019952368
-0.19414182
-0.21608979
-0.34106368
-0.16600068
-0.27251095
-0.22976448
0.045253694
0.13946721
0.14839171
-0.043033611
0.037835222
0.005025235
-0.035121862
-0.041573718
0.017250577
-0.19329067
0.8931033
-0.32321006
0.094763175
-1.1229199
0.19718719
0.22867267
0.24164732
0.11608111
-0.23365396
0.7039597
0.010262404
-0.11127778
-1.3422493
0.26924762
-0.050731514
0.31500438
0.20282653
-0.09376552
0.86377889
-0.55496007
0.23972587
-0.24721935
0.11364911
-0.060757875
0.22714442
-0.30178723
0.079417169
-0.71818984
-0.19791386
0.42341635
-0.57021827
0.28042233
0.30519584
0.33821893
0.1092286
0.32860979
-0.36257839
0.29941294
0.080360517
-0.58220804
0.56545258
-0.23605183
-0.069133319
-0.078936994
0.27651918
-0.020913538
0.20828588
0.13555108
-0.52419281
0.38504443
-0.066873878
-0.17452899
-0.24012539
0.05354505
0.011155079
0.054197427
0.22481507
-0.78899455
0.28207159
0.17183317
-0.41470003
0.14470042
0.090886183
-0.14961739
0.020863149
0.34492296
-0.79295754
0.41512358
0.32933632
-0.29470149
0.32074571
0.10277954
-0.010076896
-0.074187189
0.32203841
-0.452292
0.34184179
-0.042725261
-0.28510329
-0.016552443
0.15137856
0.1741472
0.042144399
-0.10686356
-0.11645675
-0.14471604
-0.15288408
-0.15357794
-0.077535033
-0.03169049
0.0031697552
-0.12168846
-0.1235664
-0.081604794
-0.11502947
-0.093062587
-0.029304514
0.027495543
-0.00024677184
0.092445225
0.011762688
0.064262755
0.18117246
0.18038541
0.053179469
0.1954705
0.27693468
-0.11944067
-0.14300846
-0.11268796
-0.026050497
0.0081229722
0.022897609
0.069095671
0.1137445
0.12968637
-0.051966406
-0.074342266
-0.048271406
0.0013946609
0.022536293
0.017057544
0.034610782
0.055563476
0.045010801
-0.099183671
-0.080453329
-0.023521548
-0.02507983
0.018576652
0.038275491
0.016188907
0.043763451
0.055282056
0.54419625
0.44334206
-0.27946958
0.10656738
-0.012075291
-0.036552541
0.18863519
-0.50167334
-0.51400882
-0.073386781
-0.020213472
-0.18724008
-0.26500931
-0.016799526
0.46064514
0.23841313
-0.057971101
0.14957893
-0.20005818
-0.11520889
-0.25267464
-0.40160325
0.077934973
0.35169053
0.096070349
0.142647
0.1769993
0.002891693
0.045760378
0.055709247
-0.13339631
-0.016295118
0.1363418
0.00028192683
-0.041492224
-0.037366591
-0.088759892
-0.019623421
0.093736522
-0.19105928
-0.041438412
0.18435313
0.0042125676
0.011338414
0.057053693
-0.096443146
-0.040053774
0.023768838
-0.19726439
-0.015372355
0.18144161
-0.019384608
0.042208191
0.092393354
0.0023816784
-0.02994464
0.061555248
-0.069543906
-0.18390672
-0.10556958
-0.025617931
-0.070637003
0.019336753
0.049185105
-0.0065853745
0.061921313
-0.045084454
-0.17796698
-0.111762
-0.0098453686
-0.06951534
0.01805689
0.10507016
0.038910527
0.077810869
0.0029900465
-0.13889727
-0.078777894
0.042117793
-0.052816343
0.025449574

[conv2.bias] shape=[16] dtype=float32
0.07804288
0.079919502
0.20060542
0.66162968
0.38259527
-0.17608169
0.25964287
0.39932138
0.19254783
0.57338905
0.012866676
-0.084300086
0.030257583
-0.081911527
-0.11731391
0.0014623106

[conv2.weight] shape=[16, 16, 3, 3] dtype=float32
0.26750129
0.058066782
-0.13994019
0.14230071
-0.088356137
-0.15919012
0.015952753
-0.15091975
-0.07266137
-0.025076838
0.014075432
3.7945316e-05
0.022224676
0.04091499
0.073680446
-0.025193421
0.037545566
0.077284895
-0.070315577
-0.040585268
0.04485986
-0.064654902
0.083401389
-0.035092015
0.014972125
0.069400229
-0.057582226
-0.042518195
-0.030107524
-0.024331693
0.03623198
-0.0091273095
-0.047855705
0.016176984
0.001627587
-0.01641749
-0.035027504
0.076871589
0.13596147
-0.032611083
0.061488669
0.042994507
0.0018428143
0.04233712
-0.026734279
0.03317973
0.070469826
0.14718063
-0.12772956
-0.03219327
0.071919151
-0.27103904
-0.089749858
0.044269148
-0.089713052
0.037243471
0.19688983
0.030777402
0.10341743
-0.010624032
0.0032779006
0.066969126
-0.069694057
0.0022370461
-0.058692768
-0.00048558481
0.029698167
-0.13712102
-0.055232983
-0.013827576
-0.081634298
-0.036116842
0.10507546
-0.581249
0.19080211
-0.43099439
0.25014207
0.31089216
0.13274911
0.23038135
-0.25160313
0.35563722
-0.22326128
-0.13202433
-0.050526138
-0.37143588
0.35366818
-0.29432729
0.2577779
-0.00038986263
-0.033395711
0.13848571
-0.094203614
0.040644571
-0.058188155
-0.15616305
-0.088297851
-0.16570354
0.043261472
0.075432584
0.0010033121
-0.029307026
-0.037081577
-0.084723733
-0.026287453
-0.044875704
0.0094860326
0.13896915
-0.12231201
-0.011391388
-0.035666417
0.10904985
0.054471072
-0.018785262
0.053137559
0.032449879
-0.027768252
-0.21353555
-0.089702055
-0.039622638
-0.0049147694
0.093300126
0.2548669
0.0071006268
0.13637686
-0.24142799
0.16956779
0.012146161
-0.1008812
-0.0034446667
-0.13213617
-0.0024523595
-0.19544101
-0.040639028
0.14708988
-0.0095651969
0.019141776
0.10736018
-0.14954257
-0.046154059
-0.024586393
-0.10481019
0.014279456
-0.10942692
-0.032964461
-0.10789743
-0.1010132
-0.067785114
-0.13087079
-0.11019482
-0.058401752
-0.092255086
-0.05235352
-0.11207964
-0.1186961
-0.08230833
-0.09799546
-0.089765243
-0.058042411
-0.098602355
-0.079145253
-0.03442362
-0.025519667
-0.052096982
0.089242689
-0.042804349
-0.065258421
0.075798146
-0.021219969
-0.11096064
0.00098438375
-0.0033627469
0.011845931
0.03323023
-0.0094328653
0.032927789
0.052101232
0.02883631
0.077903152
0.1105844
0.095252044
0.091318756
0.083043106
0.13107249
0.13247479
0.11535792
0.13663639
0.14735076
0.1278379
-0.055922169
-0.0031549479
-0.0047448617
-0.01923443
0.011333197
-0.011630472
-0.024638753
-0.016538948
-0.053416252
-0.040590081
-0.0033323236
0.029181574
-0.05833957
0.0031779015
0.034283929
0.027409056
0.03515384
0.045745291
-0.040089346
-0.015064603
0.051260017
-0.079169795
-0.026640235
0.027374066
-0.10162345
-0.045568496
0.010349611
-0.027113711
-0.033829316
-0.0050930879
-0.02225575
-0.064444683
0.090909407
-0.11237366
0.01940777
0.15034932
-0.13344091
-0.1115709
-0.099435344
-0.0073264902
0.0093084527
-0.019392233
0.062473141
0.11207905
0.10568544
0.04418439
-0.0017692288
0.019551381
0.0071523567
0.024594219
0.042077664
0.021631787
0.085259184
0.12762071
0.071690992
0.072914556
-8.3561099e-05
0.040138435
0.021612559
-0.057839174
-0.07564377
-0.10829152
-0.17113176
-0.033707332
-0.028705291
0.0086810356
-0.083413132
-0.026356481
0.022929136
0.017849429
0.052047934
0.099215291
-0.030338487
0.035545066
0.14352085
0.021820338
-0.0016172718
-0.024517493
0.057852734
0.010834495
0.019903088
0.020419037
0.023469483
-0.021013033
-0.024171775
-0.024289327
-0.031200588
-0.038176607
-0.049608979
0.011645274
-0.05477
-0.057348337
-0.03789575
0.054935381
0.091921806
0.13513362
0.018083796
0.099077955
0.15337735
-0.094393283
-0.066503681
0.092629567
-0.070493087
-0.0157128
0.17351033
-0.080692112
-0.032359596
0.14266591
-0.16234106
-0.077296294
-0.099785134
0.016147926
0.033340797
-0.05758388
0.10556585
0.06619969
-0.08561223
0.17387401
0.1701521
-0.011008215
0.23601088
0.25154552
0.12630579
-0.055414576
0.044717953
-0.051632404
0.022121403
0.069807485
0.11002814
0.047222428
0.036685623
0.018683506
-0.012779558
-0.071176529
-0.13313834
0.024451766
0.042317361
0.043796532
0.0024491898
0.013746153
0.025217403
-0.03316956
-0.032610912
-0.060188111
-0.1234603
-0.14240719
-0.10597383
0.015261496
-0.024907785
0.0023466749
0.15795396
0.12322956
0.15565
-0.25425646
-0.045025818
0.21329957
-0.0076230606
0.021858124
0.070720837
0.25055528
-0.02827003
-0.24360514
0.025381774
0.097632617
-0.052265536
-0.0072311433
0.055641081
-0.10822249
-0.0060199657
0.057001073
-0.082706235
0.012572375
0.031827632
0.04369932
-0.1835566
0.033932589
0.086693682
0.053110912
-0.019805593
-0.03475232
-0.042987455
0.084359847
0.10811855
-0.0026207792
-0.069041647
-0.10077585
0.16469185
-0.091630064
-0.12422165
-0.084122024
-0.060183268
-0.11889545
-0.024162779
-0.02744082
-0.16126651
0.058866635
-0.035355821
-0.03227593
-0.11419007
-0.01311469
0.082866728
-0.098470651
-0.051154472
0.02230889
0.026600473
-0.013631852
-0.01440694
-0.098493718
-0.032843079
0.053674523
-0.082855955
0.043077856
0.11014909
-0.094783962
-0.047348652
0.0018947774
0.16423123
0.032426804
0.0035076397
-0.13704941
-0.13175568
-0.0024962882
-0.085873373
-0.017626807
0.19878443
-0.090757959
-0.078131109
-0.14548033
-0.35064465
-0.26867154
-0.2238577
-0.10877492
-0.056486286
-0.044983655
-0.08567518
-0.054764006
-0.0031690563
-0.087302186
-0.0088398587
0.073840715
-0.011166301
-0.0066059367
-0.033326179
-0.0052729878
-0.024787728
0.011232727
-0.089334652
-0.10505757
-0.057781152
-0.092579477
-0.1019031
-0.039400689
-0.034565344
0.0033994417
0.033599343
-0.039293919
-0.011760522
-0.014153169
-0.038092703
-0.021783818
-0.030361148
0.015962029
-0.044940472
-0.080285512
0.056514408
-0.042325053
-0.080466762
0.11924303
-0.094023526
-0.12252446
0.002570793
-0.0002403438
0.00012851351
-0.0088280011
-0.0038771201
-0.0073344545
0.031492393
0.035120994
0.030923789
-0.074718162
-0.076184869
-0.072579816
-0.04945153
-0.055587552
-0.052702658
-0.014138497
-0.027531594
-0.029159354
-0.033106573
-0.083202086
-0.10025804
0.035820868
-0.013098075
-0.03387608
0.10202485
0.054437481
0.027956162
0.016979635
0.020343021
0.033677943
0.012103437
0.0010816875
-0.018016569
0.12237503
0.083484255
0.038938656
-0.012888427
-0.025648843
-0.10748386
-0.064126052
-0.018995909
-0.088903509
-0.072722986
-0.01968688
-0.026160695
0.014975905
-0.040065527
0.04503553
-0.046291586
-0.084602229
0.077651821
0.042686697
0.044083163
-0.079890221
0.073588505
0.0015140112
0.057752993
-0.040276326
-0.12148029
0.16140497
-0.071957469
-0.17260623
0.1083403
-0.076035455
-0.079960883
-0.1040072
-0.10820297
-0.10683594
-0.081571408
-0.077769965
-0.096485622
-0.19530043
-0.0015143673
-0.018263126
-0.031526323
0.0049511944
-0.013365651
-0.02734022
0.0066746655
-0.0036113912
-0.016231971
0.048286933
0.047987867
0.082884662
0.011343189
0.022662571
0.077551574
-0.0076782079
-0.0016419981
0.029765239
-0.093060322
-0.069902673
0.027626872
-0.015289437
-0.047488991
0.047949143
-0.0027667594
0.032675043
0.017056199
-0.036651146
-0.045364123
-0.038316093
-0.016908254
-0.031945486
0.029878454
-0.029144442
0.0021013245
0.054506429
-0.046165325
-0.059638843
-0.066490725
-0.0079969652
-0.027785588
-0.050029732
0.023544762
0.031852119
0.023771914
-0.043295369
0.087907314
0.40248033
-0.19628224
-0.11863962
0.16691841
-0.27209106
-0.21374919
-0.065905847
-0.17459501
-0.26382682
-0.25815681
0.13390119
-0.009694715
-0.062772378
0.23172522
0.12869434
0.043414731
0.1053943
0.044818532
-0.11598646
-0.16702874
0.016145632
-0.027542084
-0.080042794
-0.11387677
0.099452473
-0.096642144
-0.12330614
-0.08758571
-0.015238872
-0.061395146
-0.082126781
0.15000595
0.19456391
0.19179158
0.045091156
0.018306214
-0.031094179
0.047919873
0.0067438148
-0.044953402
0.017971465
-0.0076578148
-0.010334015
-0.031476852
-0.069537409
-0.12308833
0.017429207
0.012536567
-0.032306429
0.19100784
0.15196545
0.1233595
0.019158881
-0.15122603
-0.20810732
-0.12287056
-0.14918219
-0.14626305
0.11659116
0.03575334
0.11859401
-0.067999862
-0.10470155
-0.083463669
0.033425078
-0.015072634
-0.018414229
0.032277349
0.0099060358
-0.04319682
-0.24879462
0.20128269
-0.10788105
0.50378424
-0.75777882
0.24716279
-0.30686438
0.56998467
-0.20818779
-0.29426879
0.11896577
-0.17170891
0.18491812
-0.12217148
0.2342044
-0.030858688
-0.064487569
0.081920192
0.024685239
-0.30567765
-0.25520837
-0.061971959
0.12038405
0.062612936
-0.094746493
-0.28367943
-0.02575768
-0.045025684
-0.017380964
0.039578363
-0.083188795
-0.092325635
-0.022446409
0.056860536
0.053247843
0.0087367902
-0.080094591
-0.20279405
-0.17167369
0.097396769
-0.0097198077
-0.025501585
0.069253594
0.11629
-0.049844205
0.045081414
-0.2250454
0.15056972
0.35778618
-0.011051175
-0.21080956
-0.2491418
0.067691214
0.048214842
-0.19696094
-0.20037611
0.0011855805
0.046791378
0.093044296
-0.0098411422
0.095385753
0.15316673
-0.10105199
-0.0057400176
-0.098832607
0.030097574
-0.014073495
-0.11726034
-0.051214423
0.13106875
0.098646566
-0.00063853618
0.11459083
0.17237242
0.15757714
-0.037381113
-0.010791119
-0.016222578
-0.1455313
-0.13202609
-0.1392045
-0.018068077
-0.093233518
-0.10108542
0.044843405
-0.00065737765
-0.00095432467
0.18144581
0.061200768
0.018869186
-0.090378605
-0.15970591
-0.068405062
0.072408266
-0.0016207552
-0.11458549
0.084598273
0.063695945
0.053078525
0.07742168
0.072326168
0.074100271
0.056232825
0.045311287
0.03134675
-0.013481206
-0.031917684
-0.04974252
-0.027948754
-0.044573158
-0.052301761
0.064357072
0.036941655
0.0075113503
0.058232792
0.0068609728
-0.051879611
-0.023182061
0.0082431287
0.0073556113
-0.054334
-0.038289763
-0.050754983
0.011439683
0.017478863
-0.015025699
0.066761225
0.096235119
0.04426441
0.16569288
0.32384795
0.27072915
-0.027579654
-0.046570152
-0.019507749
0.025233096
0.039050862
0.026542136
0.016653001
0.0091923866
0.0060473876
-0.071633168
-0.11470306
-0.15123507
0.029235106
-0.23454735
-0.2440182
0.0014708089
0.26352045
0.21458852
-0.013540127
-0.097331129
-0.0012017296
0.13827142
0.16043265
0.12938607
-0.049913704
0.0056374408
0.11151963
-0.10259053
-0.2104408
-0.17960154
-0.15069979
-0.2081033
-0.24802761
0.053472545
0.018270349
-0.058292154
0.11149459
0.16877311
0.11450238
0.044925474
0.13146913
0.11983113
-0.043004181
0.023800168
0.024529204
-0.08695484
-0.063017674
-0.064960778
-0.014408812
-0.0076668868
-0.0052341367
0.038698178
0.11401082
0.061151344
-0.034435753
-0.00041649409
-0.052983668
0.018046467
0.00099676859
-0.1847409
-0.1630238
-0.0086718248
0.11065201
0.098464869
0.081853464
0.045097213
0.025759658
-0.13112052
-0.14285272
-0.056285352
-0.031004455
-0.015763866
0.050971162
0.10792095
0.12807913
-0.097930737
-0.078562267
-0.11046895
0.087590978
0.076068103
0.081890702
-0.021807946
-0.028836241
0.0019299379
-0.034254447
-0.081934385
-0.046202477
-0.036285784
-0.0078856125
0.063364036
-0.049762186
-0.017588768
0.074516945
0.0016125566
-0.069181979
-0.070642084
0.02241726
-0.02371216
-0.03636406
0.0095375432
-0.039568335
-0.043077547
0.24975172
0.053957131
-0.024301261
-0.10056777
-0.21331595
-0.27601612
-0.13944599
-0.082158104
0.090635449
0.035238151
0.0034915004
-0.059334233
-0.0051062494
-0.020114934
-0.041931733
-0.028952695
0.019384079
0.067165613
0.13917421
0.096386068
0.035694342
0.09160471
0.031585623
-0.056414947
0.014861467
-0.020312898
-0.054324761
0.03397534
-0.038724098
-0.12362657
0.0047651688
-0.020315776
-0.030147994
-0.0034502449
0.048997678
0.10455794
0.18375906
0.066099659
-0.056034006
-0.090216137
-0.21738915
-0.26655662
-0.36769965
-0.27685601
0.038256686
-0.13865252
-0.093243383
0.048590057
-0.026681053
0.024242561
0.11104841
0.02366714
0.036671545
0.023485284
-0.0095143588
0.082942054
0.066932283
0.17998344
0.16743943
-0.037183262
-0.048540566
-0.20226233
-0.21666659
-0.0070783109
0.1063383
-0.018719146
0.21013314
0.090944283
-0.024696995
-0.0011597286
-0.14924236
-0.11914632
-0.035767179
0.13421318
0.018396119
-0.021358337
-0.050117593
-0.0076015559
-0.079401366
-0.24029849
-0.12605751
-0.032527279
-0.089688495
-0.094267435
-0.037118934
-0.020362584
0.026765684
-0.0061139199
0.038348809
0.073905513
-0.068876773
-0.0092932526
0.041227553
-0.02258965
0.017016357
-0.043228447
0.061729319
-0.009464887
-0.10142255
0.024293039
0.027971836
-0.027723767
-0.081032708
0.065214112
0.13933496
-0.039705727
0.018621743
0.04125445
-0.22543027
-0.14121895
0.017133858
0.062065613
0.036316052
0.1774562
0.24863677
0.020480199
0.075424425
-0.018937534
0.090192132
0.047678519
0.034483936
0.030436926
-0.082595967
-0.094484173
-0.093763649
-0.10101935
0.22555993
0.26288277
0.051770106
0.14214562
0.16846286
-0.077470012
-0.11732756
-0.088133715
-0.26386988
-0.0064293714
-0.0020657575
0.011937901
-0.048442245
-0.051191051
-0.062968113
-0.040860433
-0.10105701
-0.16117272
-0.087153338
-0.077738464
-0.0070237457
0.03999313
-0.078543894
-0.03866652
0.065779604
-0.07233236
-0.017068403
-0.10925707
-0.06800206
-0.053771973
-0.044871639
-0.017605523
-0.043377198
-0.024096763
-0.021976529
-0.063248537
-0.096210696
-0.092070632
-0.05627095
-0.040152337
-0.026453286
0.028623795
0.064522028
0.080749616
0.1254984
0.027502082
0.060647089
0.051059786
-0.037984725
0.013703066
0.018611692
-0.090744711
-0.030854279
-0.018285546
-0.041744769
0.073073693
0.13178384
-0.016369555
0.063883543
0.087269038
0.009193846
0.020419855
-0.0059045465
-0.14757213
-0.19624029
-0.2147634
0.020359738
0.010049542
0.045695972
0.014700214
0.029587368
0.082688756
0.1371208
-0.084193304
-0.147131
-0.035921507
-0.090285391
0.052022129
0.032078177
0.11471148
-0.042890698
-0.025622955
-0.15119447
-0.17863396
0.18806992
-0.018072996
0.054710921
0.039347295
-0.010284286
0.20380473
-0.15614532
-0.16162401
-0.20050412
-0.16211388
-0.19433543
-0.13754781
-0.19921158
-0.16139488
-0.1292174
0.020500932
0.026519878
-0.059343033
0.036950231
0.075677089
0.021604562
-0.0372082
0.020520074
0.023231346
0.037808307
0.076480888
0.093442664
0.068798319
0.074818954
0.09532588
0.057573147
0.093764335
0.072736166
0.1460955
0.09227252
0.019407131
-0.011813771
-0.06970191
-0.024474217
-0.14194356
-0.14109901
-0.013424302
-0.029493989
-0.072055034
0.013938541
-0.085751973
-0.11780765
-0.0022727745
-0.093152829
-0.066243947
0.043394085
-0.092225306
-0.079082683
-0.04780224
-0.099147364
-0.047062442
0.0060528489
0.036696542
0.08747299
0.098843277
0.043999374
-0.032502729
-0.017655179
0.047717728
-0.036192872
-0.010008259
0.016800703
-0.03283722
-0.021146674
0.013737684
-0.027492186
-0.039723292
-0.010553536
-0.061847363
-0.057059832
0.034701131
-0.037553173
-0.04715487
0.076348796
-0.11325841
0.066082537
0.11540218
-0.074147314
-0.11637419
0.0296547
-0.039818235
-0.0066028475
0.010481725
-0.019448288
-0.014583474
0.028807564
-0.0083700037
0.021879068
0.00051331258
-0.017531652
0.0053911367
0.047038645
0.0047596544
0.017002685
0.029921442
-0.029620618
0.015674297
-0.032184929
-0.093452103
0.0051169065
0.13983561
0.069234788
-0.018398523
0.14410295
0.0065176734
-0.067179337
0.15709646
-0.038654737
-0.1140099
0.018112963
-0.028963435
-0.062089693
0.015573266
-0.10543352
0.038789473
0.056066949
-0.14037678
0.12084858
0.059379507
-0.095387176
0.132707
0.047059126
-0.17384154
0.012759857
0.049104344
-0.10002456
-0.10407343
0.091798887
-0.12771069
0.093996398
0.060926095
-0.045574378
-0.028455857
-0.11300959
0.23856823
-0.16936624
-0.015238705
-0.26998958
0.10549682
0.37905851
-0.68119794
0.46420497
0.42193294
-0.86705905
0.28713152
-0.195044
0.29707402
-0.20666844
-0.22957218
0.20931168
-0.34662247
-0.080402516
-0.017222017
-0.10255007
0.012276181
-0.086517707
-0.0052766185
0.0109185
-0.16531424
-0.071403302
0.13611868
-0.074450262
-0.016347434
0.019959342
-0.022339253
0.047818389
-0.19085057
-0.12375091
-0.13678351
0.0072951182
0.057663109
0.03320675
0.1620961
-0.19794807
0.1597119
-0.044474747
-0.24745423
0.11260308
0.0068820794
-0.10386746
0.094002403
0.11884455
-0.20265001
0.14569643
-0.04355773
-0.13328488
0.14075944
-0.038796544
-0.070616841
0.0093857106
0.060635384
-0.033293094
0.0049360814
0.08099702
-0.10762885
0.0094591398
0.061961383
-0.13605435
-0.053872839
-0.0062603732
0.018755022
-0.048544224
-0.019390389
0.0096759731
-0.06779252
-0.030406957
0.049797982
-0.0280788
-0.082166553
-0.13877073
-0.1462626
-0.049009152
-0.060053438
-0.034049675
-0.093617767
-0.068419687
-0.021732677
0.037885472
-0.068476513
-0.065723725
0.15490676
0.025079783
0.083620504
0.06174051
-0.046457697
0.15366887
-0.080106884
-0.061936259
-0.075470537
-0.078725249
-0.049732156
-0.027563633
-0.066480249
-0.052131236
-0.042549498
0.087165974
0.11706556
0.073125027
0.015169884
0.063019171
0.07318572
-0.089749105
-0.044172712
0.019135362
-0.048705515
-0.0020244932
0.05859166
-0.055252377
-0.034726467
0.015045284
-0.007441456
-0.020197652
0.01548834
0.16173749
0.10552546
0.056473576
-0.20881155
-0.19293883
-0.17240076
-0.31895584
-0.39514074
-0.43981329
-0.11167715
-0.1759586
-0.17356707
0.056568105
-0.061562974
-0.11836523
0.16902469
0.043761779
-0.020239655
0.056554936
-0.1258045
-0.049696162
0.20735793
0.12043908
0.0088489167
-0.033267796
-0.17670394
-0.099946111
0.013564656
-0.052892786
-0.014007078
0.015022465
-0.0090064416
0.021842187
-0.0059202961
0.033359997
-0.035790224
0.065058209
0.12828182
0.062618196
0.057413619
0.12397902
0.0070644962
-0.17611484
-0.1180889
-0.047029063
-0.14325432
-0.19323622
-0.17830852
-0.016067613
-0.081484675
-0.091930144
0.23706374
0.15405148
0.10636559
0.045308571
-0.03880474
-0.097405799
0.078598045
0.0031689142
-0.12270242
0.0039036097
0.074402571
0.02992544
0.031760365
0.11917137
0.087680221
-0.12315267
-0.030003572
0.019909365
-0.02783853
-0.06646876
-0.025908019
0.11006375
0.027845876
0.071459524
-0.082200781
-0.14771043
-0.063378178
-0.25277328
-0.21850964
-0.076986223
0.10116858
0.088655174
0.089403488
0.022244658
0.081019945
0.13012806
-0.18412496
-0.12777078
-0.045734923
-0.053349573
-0.17410226
0.014935317
0.075130396
-0.16455303
-0.15563315
0.32392612
0.053739592
-0.1174789
0.086704955
0.10639264
0.019375475
0.032788567
0.054287702
0.018530553
-0.023759894
-0.0096871033
0.017296277
0.087491155
-0.20900618
-0.31477031
0.18796755
0.094351575
-0.077874139
-0.086627588
0.15204301
0.080212399
0.032257628
0.05296652
0.052942336
-0.068909161
-0.050318055
0.061406527
-0.070538841
-0.063378356
-0.011139259
0.083993733
0.093216717
0.014241918
0.035444841
0.10129028
0.097563833
-0.061978023
0.013429385
0.052069485
0.0017765405
0.046442349
0.11236629
0.01105677
-0.045423105
-0.028125776
0.045978207
-0.096594609
-0.14302512
-0.12561992
0.16272804
0.10407633
-0.16587798
-0.0064560226
0.1711915
-0.18461536
-0.19785376
0.02282327
-0.010918611
-0.14032684
0.064721599
0.14657097
-0.027853448
-0.073443785
0.030979196
0.03343904
-0.0798954
-0.0054025403
0.34876609
-0.14031006
-0.42353553
0.057065781
0.30175853
0.075212382
-0.3859092
0.074691743
0.18293977
0.091877237
-0.20567591
-0.096849091
0.29051083
0.0071442234
-0.27941689
-0.064142548
0.20152377
-0.012429584
-0.19435784
-0.035992935
-0.011327243
-0.19953951
-0.07122688
-0.025620697
0.018113993
-0.018385613
-0.14056742
-0.035731629
0.058884513
-0.062919445
-0.042196084
0.023551363
0.06951037
0.02864358
0.06017394
0.033060074
-0.10204719
-0.066015117
-0.0015483338
-0.028827552
-0.1044791
-0.087012649
0.00015901493
0.058253717
-0.15837991
0.1765905
0.1829614
-0.15493192
-0.22764802
0.076094098
0.21697623
-0.10063862
-0.13230763
0.06835375
0.19806938
0.12764455
-0.31603196
-0.0029076468
0.20903091
-0.17033586
-0.18993019
-0.015260901
0.045061916
0.018201547
-0.12533756
-0.020590695
0.030498251
-0.013415942
-0.10065505
-0.098830298
0.034416862
-0.043812729
-0.077762567
-0.18450417
0.068283215
0.076151974
-0.0086284615
0.18413413
0.16967666
0.075507335
-0.066630989
-0.054063674
-0.0368338
0.050056733
0.10865217
0.11023442
0.1134652
0.14744824
0.13599214
-0.028793214
0.028177897
0.19181781
-0.044256918
-0.019273262
0.047019087
-0.033760007
-0.14070676
-0.23424378
0.059027363
0.054280344
0.015304811
0.043599457
0.021511769
-0.0092458064
0.10243902
0.067027152
0.032222468
0.018959671
0.0052657002
-0.013717891
-0.033105388
-0.044247594
-0.093933962
-0.088503338
-0.10415717
-0.16596581
-0.10032124
-0.084992774
-0.063493356
0.0089664469
0.0060864673
0.005202916
0.092880391
0.073343746
0.055651549
-0.28807965
-0.24243625
-0.20270294
-0.13342299
-0.10888399
-0.10995753
0.019144259
0.07804317
0.011929492
0.075476117
0.060266782
0.11711914
0.12167625
0.065163977
0.091661364
0.039764989
-0.075961724
-0.079683192
0.013143297
-0.23601304
0.022819672
0.055049021
0.059089918
0.14494337
0.0010225459
0.06094379
-0.0012257717
-0.002018491
0.047440816
-0.033235267
0.014829462
0.078921951
0.012242623
-0.11527556
0.044161659
0.022557585
0.018415641
-0.022988981
-0.072486416
0.15806712
0.16065863
0.10866614
-0.033576321
-0.011825865
0.045948654
-0.10652339
-0.086281888
-0.047007903
0.00069457589
0.033568058
0.067830823
0.060990624
0.065677024
0.085255675
0.20324172
0.15215801
0.14113665
0.11697888
0.066378877
0.092875555
0.0086656408
-0.048005451
-0.031173561
0.17349993
0.15792988
0.032811303
0.010996656
-0.017160434
-0.01440581
-0.14650907
-0.13897039
0.071046121
0.14662415
0.080718912
0.020616263
0.091886356
0.024149897
-0.04999169
-0.14258245
-0.091069929
-0.011922617
0.304683
0.33443061
0.29307067
0.18825109
0.18777671
0.14251778
0.099382617
0.078762718
0.06824819
0.10723332
-0.030278845
-0.065769985
0.049089964
-0.071286559
-0.097904474
-0.0050931005
-0.094955474
-0.12748036
0.16523881
0.091250964
0.042658154
0.069386147
-0.017614169
-0.048235621
0.01024086
-0.068566941
-0.081285454
0.0043372246
0.076786362
0.026216833
-0.084162928
0.02574816
0.051881265
-0.070306391
0.02106685
0.025303226
-0.029158833
-0.058765154
-0.029914122
-0.044898488
-0.065074466
-0.035567656
-0.036786765
-0.045300044
-0.019464817
-0.12056803
-0.098146997
-0.052719127
-0.094368458
-0.061998535
-0.014576121
-0.0088014416
0.037009262
0.072693996
0.055744443
0.073718309
-0.040971518
0.11611987
0.13899621
0.033146881
0.18440481
0.19969663
0.1117746
0.036574081
0.051682454
0.010159769
-0.050068796
-0.029344305
-0.024691047
-0.015743421
0.0013013779
0.027857602
-0.16820623
-0.17649232
-0.065887302
-0.052308924
-0.036410064
0.029291291
0.12948489
0.18151119
0.16476773
-0.078770496
0.039908119
-0.024261389
-0.038018942
-0.0033854812
0.03839061
-0.030635841
0.015696347
0.040768903
-0.11606148
-0.20398438
-0.10577656
0.0917404
0.038048752
-0.042217821
0.088981152
0.18884219
0.070774771
0.0087351436
-0.035754688
0.058731277
-0.030122066
-0.012887182
0.069127545
-0.08829505
-0.05862974
-0.035778467
0.051624354
-0.032248843
-0.16458818
0.041136362
-0.022274692
-0.13713613
0.11744387
0.064165771
-0.049497712
0.1262967
0.13227741
0.072656259
0.05947211
0.03905895
-0.033200949
0.084118627
0.045711409
-0.0364726
0.23564339
0.14226618
-0.097288691
0.19436455
-0.033920411
-0.24196871
0.085706808
-0.061263833
-0.15833597
-0.0041776984
0.0020500892
0.046140708
0.041299313
-0.013722031
0.033083402
0.046155345
-0.042941719
-0.015975356
-0.028061593
-0.094234653
-0.0020727655
0.030872276
-0.019259192
0.042663515
0.11245466
0.067690544
0.098895214
-0.078091577
-0.05252675
-0.10968137
0.019571774
0.08187443
0.012320925
0.0012916708
0.096343666
0.030589154
-0.022803102
-0.030114353
-0.023830183
0.053279616
-0.011816674
-0.013091979
0.065239936
0.021301476
0.01934804
-0.063876189
-0.089826688
0.047774795
0.13320886
-0.012408784
-0.012461067
0.05626414
-0.034866337
-0.0059935562
0.01750022
0.0044983388
-0.023282981
-0.01094664
-0.015663801
-0.026753424
-0.0086777611
-0.033107329
-0.045519061
0.0071545443
-0.01087485
0.012022438
0.038950935
0.013818579
0.0032155621
0.084401414
0.041700374
0.026651008
0.0030465275
0.032195762
0.046910711
-0.044410009
-0.025643175
-0.022968406
-0.0050783907
0.0058085811
-0.0092238616
0.037798468
0.1031995
0.0011532707
-0.20006943
-0.15114336
-0.19383962
0.15645441
0.096956015
0.085418247
-0.07055705
-0.056349318
-0.012384551
0.043572608
0.036542147
0.040327642
0.0043471763
0.013657627
-0.0046247998
0.19267188
0.42141002
0.22375737
-0.31286412
-0.47733545
-0.29266667
0.046033341
0.11791385
0.054423288
0.010898386
0.042330921
0.054540787
0.04604999
0.098800279
0.033646464
-0.051461045
-0.10673247
-0.014601038
-0.064247005
-0.041003995
-0.054197378
-0.043611977
-0.06913913
0.031218119
-0.0043614116
-0.045477092
-0.030600306
-0.031324107
0.0073454939
-0.012877925
-0.0036167498
-0.0080493269
-0.042370837
-0.0083586313
0.015202246
-0.025359867
0.025606584
0.021914734
0.019830741
-0.051699474
-0.075925842
-0.087801598
0.03383996
0.054645211
0.022903683
-0.092291929
-0.1185913
-0.13205013
0.042748291
0.012452179
0.050331395
0.051704228
0.085201442
0.090128437
0.075477391
-0.058839366
-0.10762624
0.023145797
0.013593829
0.050499871
-0.0074990732
0.0030240736
0.046327051
0.013053181
-0.0095106503
0.018380176
-0.065000631
-0.062609896
-0.06433621
-0.027533205
-0.041176051
-0.046630342
0.058794901
-0.04695452
-0.086570218
0.12016131
-0.0064484687
-0.076881759
0.14513081
0.026943501
-0.061486043
-0.058724221
-0.044772346
-0.032658581
-0.060626894
-0.0183705
0.02863707
-0.095546581
-0.022152271
0.091625944
-0.1696735
-0.15155254
-0.17069404
-0.16061904
-0.22954562
-0.31858483
0.033666193
-0.068641074
-0.056456853
0.10984012
0.029323434
-0.045148712
0.061916247
0.012626638
-0.052653551
-0.039884727
-0.014701877
-0.021545505
0.046783589
0.0024753106
-0.025615932
0.066003539
0.023305316
-0.032592423
0.045682345
0.017205589
-0.040153131
-0.048741344
-0.10711325
-0.12707633
0.04442301
-0.003093089
-0.032877613
0.14732915
0.11653625
0.082926892
0.17322174
-0.034736365
-0.23601171
0.089309067
0.051315688
-0.064971864
-0.14525405
0.010035103
0.1721952
0.084322333
0.051395983
-0.066958256
-0.015788918
0.01135625
-0.066814445
-0.0074509396
0.016856415
0.0035448838
-0.015507849
0.033237837
0.051825672
0.05915067
-0.011455245
-0.061104108
0.0093113687
0.0242349
-0.030351911
-0.0029806283
0.032840382
-0.02316054
-0.060208622
0.01769785
0.18994612
-0.05278236
-0.13711338
0.075226635
-0.13472633
-0.046318244
-0.02807867
-0.10796525
-0.015373325
-0.011453096
-0.06152061
-0.022903651
0.0096900817
0.11959341
-0.019955015
-0.14053284
0.086611949
0.00063269434
-0.11433206
-0.029444136
-0.035098024
-0.07095287
0.054992054
0.014489699
-0.023325879
-0.051832289
-0.077914566
-0.12211605
0.010531722
-0.04317417
-0.087734476
0.019420777
0.0080598332
0.10646636
-0.043368362
-0.0084007112
0.16027685
-0.035555299
-0.0090833586
-0.025602346
-0.048985235
0.16408753
0.03527081
0.03827187
0.28691205
0.18935394
-0.01334098
0.25517526
0.16513395
0.017909085
-0.044334896
-0.093178533
0.10844654
0.0043884604
-0.13185707
0.052659255
0.0052559651
-0.12881528
0.21095169
0.049296401
0.03007105
0.067070723
-0.097759277
-0.078402638
-0.018030101
-0.20557435
-0.14748023
-0.018615598
0.038678955
0.033159658
-0.051899683
0.0018844961
0.015669646
-0.066191979
-0.027568934
-0.024492418
0.12353629
0.061702959
-0.3336556
0.26649895
0.11085765
-0.44708636
0.28993669
0.083178498
-0.30159464
0.027704204
-0.016670834
-0.080924362
0.061555564
0.023936916
-0.051614515
-0.011148554
-0.040142968
-0.08649601
0.046898749
0.066491641
0.036805827
0.044204336
0.04508901
-0.050972909
0.034897801
0.0050641829
-0.10710471
0.016786762
-0.0025139772
0.027794056
-0.022853341
-0.021462547
0.015522116
-0.070314586
-0.033216078
-0.003253249
-0.031642959
-0.040037446
-0.078759439
0.053789448
0.093464993
0.003657562
0.10187709
0.048255157
-0.096945629
-0.048454713
-0.043515116
0.04707234
-0.038126096
-0.1196349
-0.029443085
0.054075271
-0.055394996
0.061587155
0.064457819
-0.037420742
0.025846602
-0.057469063
0.098050646
-0.090174772
-0.014661748
-0.040940285
0.00040178854
0.031231778
-0.040437374
0.073829107
-0.2585085
0.1944335
-0.032025371
-0.31149951
0.60779637
-0.18172297
0.029853104
-0.29586318
-0.034579404
-0.07480143
-0.35316783
-0.081123672
0.16948482
-0.064511977
0.096990734
0.035398398
-0.078602143
-0.11734927
0.0015319923
-0.041958988
-0.037653949
-0.0086709168
0.02644679
0.034074452
0.077982068
0.017124172
0.023325169
0.10402617
-0.031714905
-0.03433295
0.041392278
-0.116207
-0.12735409
0.0039454941
-0.060965259
0.045359652
-0.031845264
-0.057048172
0.11105457
0.034497317
-0.06215002
0.13996276
-0.139956
0.03208404
-0.055898651
-0.37988406
0.072547376
0.18033446
-0.45299152
0.1876732
0.32073984
0.016582387
0.025530474
0.00081015035
0.066777974
0.11619111
-0.0046013859
-0.0095985169
0.019102225
-0.11050255

[conv3.bias] shape=[32] dtype=float32
0.17161933
0.56551266
0.54907608
-0.13820831
-0.46521401
0.29941618
-0.078487039
0.51327002
0.17175658
-0.011738062
0.31759757
-0.26598543
-0.013366938
-0.19052993
0.56114888
0.16107127
0.039171465
0.66413164
0.11644363
-0.11508766
-0.046074495
0.0085292161
-0.30172843
0.38288292
0.11665645
-0.2451428
-0.26221609
-0.43791997
0.27916875
-0.24682254
0.39633659
0.051837683

[conv3.weight] shape=[32, 16, 3, 3] dtype=float32
0.056793064
0.47002736
0.2637786
0.062342353
0.14265856
-0.15558775
-0.063627265
0.28401205
-0.011651846
-0.14544451
0.15284403
0.1289399
0.0033739349
0.086866751
0.11442663
0.082865663
-0.017093796
-0.074224979
0.099912681
0.079371087
-0.16454957
0.18468451
-0.12840579
-0.11207488
0.14890754
-0.00089222117
-0.17578118
-0.12508771
-0.3120625
-0.10134815
0.083958372
-0.0037737512
0.010828475
0.1836528
0.077156737
0.020804338
0.011268673
0.042679876
-0.045800157
-0.22935097
-0.047115795
0.096481472
-0.18812598
0.0226903
0.16730924
0.033132002
0.014730889
-0.091386206
-0.30553186
-0.26012778
0.18537264
-0.37516469
-0.22358426
0.13928169
0.020343389
0.1984148
0.19743896
-0.082053751
0.16492757
0.019163217
-0.33113688
0.055775333
0.056974579
0.31050909
-0.011286177
-0.39120242
0.15227753
-0.11258323
-0.018873582
0.041819565
-0.11218175
0.044005591
-0.28907171
0.0056695379
0.28290102
-0.080244303
0.073711932
0.059278123
-0.11008393
0.033033848
-0.063851304
-0.37123042
0.13868278
0.30307582
-0.18614997
-0.18735459
0.19046614
-0.1153307
-0.20433721
0.13938984
-0.35222766
-0.079980388
0.12455654
-0.56525177
-0.10774075
0.36112446
-0.015730713
-0.12965409
0.43883941
0.075324483
0.10770894
0.2843385
-0.16296984
-0.15966444
-0.1068043
-0.060543559
-0.099161997
-0.019989863
0.07089784
0.1009934
0.12263566
-0.16593905
-0.11358182
0.11094554
-0.32141706
-0.035598766
0.12892619
0.15813075
0.045894708
-0.10512354
-0.21564479
-0.19435669
0.0020301742
-0.25212604
-0.37905928
-0.040450212
-0.13302588
-0.066518389
-0.18957734
-0.21213894
0.026219765
0.076759428
-0.023924936
0.083995208
0.059937969
-0.27059436
-0.10542416
0.024947522
-0.069978483
-0.015239296
-0.21876024
0.023691371
0.26967388
0.10922093
-0.21400766
0.14170377
0.040112142
0.0071143745
0.27056709
0.033859331
-0.24909593
-0.36564469
-0.20565014
-0.012268907
0.0089298896
0.080427095
-0.13026735
-0.23699291
0.10300668
0.095802166
-0.053348787
0.34732041
-0.075725906
0.085561767
0.046235245
0.0013407392
0.13444072
-0.045513485
-0.012880227
-0.042614184
-0.25518242
-0.057585906
-0.14164984
-0.087974973
0.0077411798
-0.059385039
-0.075533457
0.11060199
0.2373492
0.2052494
0.055674572
0.25618055
-0.057141922
-0.034383774
0.10139284
-0.071872905
-0.14958797
0.021514246
0.082478061
0.22336796
-0.046969533
0.052633278
0.17267038
-0.0047988421
-0.073451802
0.10480717
-0.10006677
0.029082788
-0.17655239
-0.0072080009
0.099552266
-0.11228455
0.066058137
-0.050372716
-0.12406559
-0.12747569
0.10739999
0.047116872
-0.16239555
-0.067742594
0.035076778
-0.059403326
-0.030790368
0.090660363
0.065255679
-0.0052461857
0.080829799
0.092062414
0.028760796
-0.28176111
-0.096602611
-0.19615299
-0.44148517
-0.73133439
-0.56537801
0.14997281
-0.039184026
-0.2828677
0.057194121
0.11701968
-0.058150548
0.19784975
-0.08046449
0.14909726
0.19388421
0.086570658
-0.027033279
0.14637473
0.22212537
-0.16439985
-0.13179909
-0.16241856
0.076339036
0.053299606
-0.040268902
0.19303228
0.049013391
0.064049825
0.22322975
-0.02790954
-0.16347903
-0.050472457
0.028317966
-0.069626912
0.080133066
0.037979003
0.093127877
0.10615261
-0.0033128145
-0.19306372
-0.16217086
0.077132747
-0.084204726
0.087598056
-0.0024161616
-0.099419765
0.097752459
0.033483826
-0.0027533327
0.068029337
-0.017210672
0.02604853
0.089455493
0.14890422
-0.0040460634
-0.037683379
-0.21042442
-0.029375548
0.011626964
-0.013355113
0.15244073
0.18961099
-0.3996532
-0.31034502
-0.098718703
-0.47035798
-0.7707153
-0.75283223
0.098725043
0.23921116
0.01961926
0.062701456
0.085403711
-0.033204876
0.062093273
-0.042274453
-0.037713684
0.011388216
0.039622154
0.13375354
-0.042096928
0.0039103632
0.14863032
-0.21160296
-0.16934259
-0.061397444
0.08384788
-0.014638257
-0.05709761
0.046917006
-0.11736798
-0.023860041
-0.06901034
0.079578571
0.061432231
0.058164541
0.0037200009
-0.016395856
0.10791515
-0.039466675
-0.037311718
-0.0016516465
-0.22844945
-0.21309529
0.15741847
0.052309427
-0.077816129
0.1343036
0.090805009
0.022175821
-0.079950802
-0.0013762031
0.07145635
-0.028917186
-0.17336123
-0.15667967
-0.017624816
-0.21698506
-0.19001432
-0.11623599
-0.14674149
-0.15226588
0.080510661
0.055511884
-0.094574459
0.05073835
-0.076722689
-0.13680886
0.031329673
-0.20054533
-0.060877047
0.027069131
0.047105115
0.018336102
-0.0077109938
-0.057475403
0.047100462
-0.071383685
-0.076324418
0.0031338939
0.053139146
0.047170408
0.067754865
0.037798893
0.0047390768
0.026361698
0.073559575
0.041509639
0.0039393045
0.052623086
-0.12565529
-0.16829728
0.019256763
-0.025027253
-0.10278391
0.03883044
0.0087032234
0.024301717
0.074113421
-0.15096435
0.021375654
0.015152359
-0.00010667175
-0.17935112
-0.1095226
0.024250023
-0.025721988
-0.083196923
0.0035518219
0.053346254
-0.020564832
-0.019736463
0.043343976
-0.027690893
0.065559626
0.064667486
-0.012680547
-0.068487734
-0.019401595
-0.046987247
-0.020015271
0.043369778
-0.016260965
0.14524232
0.15205373
-0.11314891
-0.20886499
-0.35333493
-0.058240179
-0.24100322
-0.33912882
-0.072075181
-0.28263548
-0.23323344
-0.041341696
-0.096027814
-0.089596555
0.11020193
-0.0039174757
-0.0068267048
0.097044021
0.092974856
-0.032035232
0.017983997
0.11437423
-0.01067798
0.089017183
-0.034773532
-0.048552807
0.11576074
0.13328879
0.072813012
-0.082963802
-0.17006944
0.103385
-0.19252507
-0.10929588
0.23309739
-0.1478972
0.074745052
0.13544604
0.092771627
0.032850746
-0.078336015
-0.036143135
0.068241082
-0.17794073
0.0028603412
0.18983039
-0.20166259
0.10915568
0.16467415
-0.022223622
0.070197672
-0.088666432
-0.14178585
0.21171342
-0.089857623
-0.032516588
0.11917146
0.028176656
0.15630428
0.14292325
-0.056022748
-0.14376056
0.3605482
0.03503013
-0.23496446
0.016043391
-0.040875003
-0.10845038
-0.16000402
-0.075706206
-0.063939393
-0.021496428
0.017403491
0.073613644
0.17377472
0.058945168
0.16168374
0.11368354
0.21487089
0.2152506
0.28891471
-0.067918763
-0.17013051
0.0012379604
0.12536436
0.11584193
-0.070480958
-0.012381636
0.13992827
-0.11148006
0.0370223
-0.037708294
-0.16338517
-0.17930903
0.04505571
0.0025626719
0.10241728
0.12370442
0.28990191
-0.067182966
-0.25426772
0.28620857
0.10853145
0.0023706767
-0.068741404
-0.023551146
0.030692514
-0.2433134
0.25875607
0.61737931
-0.049726762
-0.084937379
-0.074048139
0.14689991
-0.10471524
-0.081052586
0.1926052
0.074140437
-0.10005561
0.06945242
-0.14460768
-0.091772303
0.099293321
-0.21783128
-0.20400195
-0.045233209
-0.10217645
-0.016724965
0.057758745
0.14931794
-0.048756991
0.08612667
0.011564552
-0.21048707
-0.1480656
0.049294207
-0.057510167
0.052156433
-0.038846917
0.10959192
-0.12307046
-0.056026742
0.046076078
-0.074048735
-0.033854645
0.067686193
0.0061954008
0.1059112
0.035599895
0.049072899
0.13981034
0.089493588
0.15028711
0.067480996
-0.049268551
-0.096638426
-0.12715809
0.058783155
-0.21782665
-0.12737602
0.014224655
-0.18178923
0.019781858
-0.0093308659
-0.095290251
-0.3251318
-0.250938
-0.35655776
-0.20169887
0.12746152
-0.30674309
0.099478506
0.5064947
0.40583941
0.03446706
-0.10778236
0.21851595
0.096262656
-0.063249551
-0.14775908
-0.11530258
-0.079574436
0.18934901
0.19324608
0.04924256
-0.0024184403
0.086948134
0.089210719
-0.19930802
-0.057928987
0.0061094537
0.15288459
-0.098350778
0.055156928
0.16947207
0.032851424
-0.0079752356
0.25166461
0.38548234
0.061882589
0.032274604
0.12648034
0.064307377
-0.062656216
0.094089642
0.0045655631
-0.049091421
0.1944322
0.16485025
0.14931567
0.13351665
0.25325599
0.022429617
-0.023108426
0.070350662
0.024676504
-0.068702884
-0.021163115
0.049983937
-0.028462531
-0.0072124652
-0.020778049
0.040218782
-0.036448605
0.097171925
-0.0049217804
-0.00089173857
0.15254742
0.063802585
-0.02433311
0.025058337
0.13103597
0.065290876
-0.065862253
-0.076347001
-0.042468518
-0.054603837
-0.004551271
-0.090243615
-0.092542551
0.022337155
0.021888647
0.15675721
0.066882662
0.092369646
0.060564894
0.0013383033
0.21073885
-0.024275262
-0.22464024
-0.15743174
-0.10061973
-0.39546683
-0.27428839
-0.014893346
-0.05668861
-0.14511952
0.24874943
0.098829016
-0.08150705
0.12763979
0.15273304
0.011096292
-0.065397933
0.07594046
0.29459003
-0.15168336
-0.21539788
0.17144164
0.12168924
-0.090178475
-0.010687231
0.06951201
-0.040375087
-0.062219027
-0.16021875
-0.037341669
0.051579084
-0.14740504
0.0026099146
0.037580807
0.094958812
0.12613276
-0.0012627145
0.0010969497
-0.057389271
0.01606077
0.038686737
-0.047253713
-0.052784957
0.0860392
0.034329418
-0.10498706
-0.042234723
0.17673737
0.067174323
-0.039838124
0.0052859364
0.033288416
-0.059024371
-0.045684397
0.24943221
-0.05413432
0.072507538
0.084726155
0.21602549
0.31898016
0.23027928
0.0147445
-0.089615241
-0.13147967
-0.018389888
-0.36502483
-0.14788358
-0.16192013
-0.22162664
-0.13334851
0.22431058
-0.048237436
0.032247968
0.038069323
-0.2544457
-0.079040878
-0.1077648
-0.29500443
-0.069118664
-0.049701829
-0.17701076
0.022767227
-0.079074085
-0.092011102
0.036025383
0.080905437
0.027578719
0.11721246
0.08457797
0.10260901
0.009567841
0.015351221
-0.098409563
-0.018259933
-0.12624425
-0.22569655
-0.20424093
-0.057299539
-0.072767034
-0.27521917
-0.066729791
-0.082928732
-0.23521131
0.0083409194
0.10464302
0.06024991
-0.11454274
-0.23943518
-0.20807646
-0.092892841
-0.29129809
-0.24722859
-0.026294375
-0.12625472
-0.045403607
0.075830504
0.06457679
0.17808841
-0.067167461
-0.081867769
-0.20115918
0.12371761
0.15131506
0.073419385
0.044891901
-0.22238231
-0.15243471
0.022071267
-0.10023222
-0.094493933
0.028653791
-0.093963578
-0.091767833
-0.23771957
0.049321394
-0.13907063
-0.18077812
0.15996565
0.020437872
0.021706348
0.27064893
0.071616121
0.24825464
0.095318593
0.3714653
0.29627556
0.17788331
0.27742472
-0.061651196
-0.11477898
0.062145188
0.012801755
-0.07933934
0.014503228
0.0022690268
0.044180166
0.1547775
0.053336404
0.072917089
0.12404218
-0.14223269
-0.089408897
0.034311775
-0.075681217
-0.019966463
-0.012861307
-0.19004539
-0.21031713
-0.083090827
-0.078521423
-0.077224754
-0.091815986
-0.065060295
-0.17755952
-0.133173
0.044132583
-0.023263607
0.049256559
0.041247867
0.20200852
0.18381335
-0.16155379
0.093907833
0.008243314
-0.08791782
0.086974114
-0.12442359
0.18883219
0.059363864
0.13446228
0.038849257
-0.0071401643
-0.059860982
0.24292634
0.2418029
0.11066837
0.058100227
0.13750271
0.15698296
0.025060099
0.00095943356
0.10915019
-0.17145035
-0.2098967
0.015686072
0.1293219
0.095543437
0.18275093
0.083963625
0.022841046
0.12973337
-0.17820406
-0.24464758
-0.16647078
0.26644158
0.084942274
0.071139731
-0.019572221
-0.035286605
0.07307864
-0.36778516
-0.077187523
0.18300907
0.27694139
0.18080166
0.15294378
0.16892299
0.059593212
-0.04391763
-0.19293281
-0.2829774
-0.13454013
-0.11963177
-0.040013675
-0.038038995
0.053575061
0.10170016
0.20619763
0.025341053
-0.032818504
-0.1385628
-0.17551646
-0.15342434
-0.097584389
-0.069236338
-0.18030919
0.0096282875
0.18813914
0.27219528
0.14582992
-0.29220164
-0.042319633
0.047135297
-0.11784402
0.17254828
0.1046349
0.17534545
0.12258057
-0.069639571
-0.062588245
0.10664073
-0.13047339
-0.13697876
-0.12422263
-0.067172632
-0.17808504
-0.12069412
-0.24941239
0.31170031
-0.022982707
-0.032787956
-0.16228916
0.0393086
0.24489056
-0.069848336
0.17611751
0.26380917
0.1298873
-0.042470846
-0.070597552
-0.064611599
-0.15826492
-0.10739215
-0.045565639
0.22062619
0.12538055
0.023324819
0.22409606
0.089654654
0.13256246
0.28265828
0.068433277
-0.18023251
-0.47543734
-0.3904393
0.015322015
0.016091729
0.15949851
0.16326678
0.29220274
-0.06241237
0.13340589
0.30038634
-0.055772394
-0.019718615
0.24549364
0.13387969
0.081256881
0.16480617
-0.19613722
0.31615305
0.075639941
-0.38227987
0.071714483
-0.05072815
-0.072659574
-0.021905053
-0.058381148
-0.1412483
0.049688067
-0.025441257
-0.042719167
-0.21026804
-0.036809485
-0.016000675
-0.025333675
0.12630065
-0.22494492
0.12800772
-0.057175517
0.11756503
-0.048712086
0.040001031
-0.02060381
-0.20704228
0.049918599
-0.086413138
-0.26669657
0.097387567
-0.11567266
0.026906483
0.0074421098
-0.11451343
0.22155839
0.14886305
0.21974614
-0.013873173
-0.15395041
-0.0076721325
0.075056598
0.20953785
0.067115113
0.1366538
0.33172208
0.35148895
-0.55466074
-0.77748752
-0.53667146
-0.26810688
-0.028589727
-0.015953645
-0.29790691
-0.19029231
-0.032880377
-0.12653396
-0.24216698
-0.10951392
-0.12101466
-0.040419541
-0.063356549
-0.025453217
-0.028615123
-0.055331111
-0.052052099
0.016429957
0.028526533
0.074378259
-0.01817257
-0.019156104
-0.027840644
0.025228791
-0.0082439175
0.023208765
-0.047472805
0.017725853
0.010873783
-0.0177828
-0.05916224
-0.12898551
-0.0097204698
-0.037869547
0.1143785
0.063849054
-0.059900787
0.11472915
0.045827806
0.0035779201
0.13800365
0.13397814
0.090505823
0.047208477
0.12755992
0.22346961
0.075878322
-0.012476946
-0.02854388
-0.1005355
0.03005405
-0.029111415
0.0088806553
-0.039064698
-0.058799032
-0.45037508
-0.10260431
-0.13876818
-0.38097548
-0.2557492
-0.27658334
-0.19211707
-0.062369201
-0.079489775
0.068966001
-0.013996769
0.067081854
0.019665277
-0.0044777826
-0.075226478
-0.025832742
0.090579972
-0.079194956
0.14716339
0.057610679
0.059550926
-0.034870267
0.014650196
-0.012074648
-0.12220033
0.0093055516
0.014141048
0.061263587
0.18673111
0.18819909
0.051065184
0.058394518
-0.016162619
-0.10667676
0.023522593
0.11605596
0.18709745
0.062860377
0.043498982
0.3189514
0.25272706
0.16758394
0.0076014465
0.19087499
0.23637477
-0.081468001
0.0059473268
0.1492251
-0.1003827
-0.086719379
-0.005788967
0.075255759
-0.004800268
0.085786685
0.011852076
-0.13524266
-0.084840082
0.03847206
-0.069390446
-0.17981181
0.078380719
0.092208818
-0.032851741
-0.099884719
0.10146537
0.076945245
-0.17091025
-0.12216091
-0.12532192
-0.024040472
-0.054606907
-0.10836537
0.092372514
-0.10439919
-0.07662157
0.090592422
0.19120368
0.1426678
-0.0072210375
0.14047147
0.11335416
-0.18332022
-0.041236211
-0.032516032
-0.094481081
-0.13478172
-0.061106894
-0.069097519
-0.087179542
-0.10607276
0.16577077
0.12008551
-0.013992056
0.19564576
-0.092954814
-0.38729355
0.12592369
-0.15875493
-0.19409348
0.052197386
0.021358203
-0.01301113
0.075941026
-0.02222896
0.041475315
-0.024708459
-0.12615322
0.079368122
-0.096062414
-0.1120065
-0.0057128882
-0.11186934
0.046962019
-0.080726407
0.081174992
-0.059635229
-0.12116839
0.10108331
-0.11147073
0.040688828
0.085228831
-0.020947838
0.12194168
-0.0074842013
0.0097291963
0.087951958
0.1190839
0.17152722
-0.0010105064
-0.084256254
-0.034203853
-0.15341331
-0.14200449
-0.35205176
-0.21417433
0.12915032
-0.096086673
-0.086781748
-0.012826684
-0.14035085
-0.17598444
-0.24379496
-0.29642996
-0.22022042
0.16973697
0.14072996
0.18286292
0.3063319
0.033628702
-0.16033451
-0.16487221
-0.24364097
-0.27237892
-0.034645017
-0.015295438
0.073599942
-0.087680005
-0.031550221
0.071919955
-0.028823728
0.09274777
0.061242782
0.11463588
0.15084189
0.062139299
-0.055158086
0.17103891
0.072591767
-0.11741138
-0.0038573111
-0.044859767
0.2110658
0.17022882
0.073002219
-0.14564469
0.060170013
0.10577303
-0.17121321
-0.036055785
-0.085074805
0.15574722
0.23128949
0.11705578
-0.30562466
-0.024081146
0.17845619
-0.24024881
-0.20717126
0.0843639
-0.068652511
-0.10254528
-0.010562424
0.0088081183
-0.035165038
-0.097835079
-0.023867512
-0.10969985
-0.073979206
0.2829318
0.249294
0.1135411
0.12872091
-0.044652529
-0.11501735
-0.17742158
-0.34588838
-0.35188988
0.30287591
0.074951194
0.061101746
0.33265346
0.10863972
-0.094452418
-0.10984389
-0.3310591
-0.40282276
-0.12189618
-0.1705564
-0.10065258
0.043111548
-0.0027009379
-0.070011131
-0.14093345
0.082607113
0.103611
-0.017714376
0.0094707087
-0.092392974
0.022488147
0.14605096
-0.067999318
0.020193534
0.062340096
0.0014200412
-0.15499069
-0.29056647
-0.27979541
0.22281495
-0.37330121
-0.23734796
0.45084757
0.08462695
-0.38799462
-0.11787283
-0.11586947
-0.14191245
0.39327639
-0.35296169
-0.2930918
0.2773672
0.00049037515
-0.17467785
-0.059104975
0.24926612
-0.015055143
0.10392974
0.091566786
-0.26738152
-0.28159991
-0.10609427
-0.00069290021
0.13748178
0.0867102
-0.11056807
-0.21876386
0.17252262
0.028199246
-0.089902878
-0.24621354
0.19100967
-0.090659954
0.035852835
-0.015239318
-0.093207404
0.02044813
-0.090713479
-0.17912175
-0.0049394276
-0.17270645
0.37173578
-0.13550635
-0.34192082
0.37646621
0.084222034
-0.48663855
-0.033040062
0.017669434
-0.11470202
0.12998667
-0.10400911
-0.033448417
0.36538896
-0.21763973
-0.24002409
0.45623174
0.33096218
-0.34321657
-0.084412187
0.15028508
0.17334493
-0.28948629
-0.024906065
0.27863702
-0.041525096
0.026828121
-0.073842861
-0.011165455
0.017971901
-0.038448136
0.080505878
0.2012164
-0.13552724
0.094089046
0.11367276
0.020489536
0.10129209
0.17600985
0.0090256929
0.33933711
0.22244181
-0.11116908
0.29133528
-0.067002028
-0.25731251
0.18890841
0.15840647
0.090052962
0.14594878
0.1783125
-0.064049065
0.43524817
0.0026029283
-0.23808205
0.26832837
0.092203312
-0.14928293
-0.16020678
-0.0832057
-0.019163048
-0.34044072
-0.23038565
-0.24245699
0.010976043
-0.10034063
-0.28844926
0.4831053
-0.12248095
-0.4183121
0.55987573
0.270724
-0.51341075
0.071868993
0.032340385
-0.34885243
0.29972479
-0.055527162
-0.28701931
0.36695492
-0.039288986
-0.31860691
-0.047013007
-0.279277
-0.087430269
0.34787548
-0.18268643
-0.089314491
-0.096349135
0.035862122
0.1316268
-0.0059929816
-0.10636666
-0.098753348
0.1921595
-0.057780258
-0.17691533
-0.042601384
0.1635251
0.043526366
0.014836514
0.10689369
-0.021218272
0.11439295
0.12874
0.034830153
0.024159027
-0.060560763
-0.13123885
-0.08220467
-0.076618791
0.054527249
-0.097117148
-0.11101997
-0.098799668
0.28230524
0.1194655
0.22291204
-0.046691913
-0.081447437
-0.14320412
-0.2420366
-0.22477712
-0.2661508
-0.30061719
-0.30989611
-0.44526607
-0.019601442
0.026878668
-0.093986124
0.083785944
0.12725995
0.11732656
0.056384943
0.16841957
0.06756705
-0.080986217
0.11957826
0.17490819
0.024042409
0.14881004
0.2131758
0.21860752
0.19630413
0.15566057
0.056024879
0.055236954
-0.015550449
-0.11279614
-0.094717436
0.044355035
0.096093461
-0.074349351
0.050658841
-0.044861052
-0.083726175
-0.19693157
0.24575815
-0.13518749
-0.30282888
0.15761967
-0.067886926
-0.16271397
-0.052694812
-0.099472068
-0.19701532
0.087648734
0.050805036
0.050290573
-0.041231554
0.09589725
-0.005968614
0.07467261
-0.04495107
0.030141408
0.1552956
0.1327074
0.11422022
0.096590027
0.12413133
0.052921917
-0.064087883
0.023571495
0.2352924
-0.088069014
0.086232878
0.2345195
-0.077153042
0.031539991
0.20491165
-0.072109237
-0.034746181
-0.014309791
-0.10328502
-0.085935697
-0.047698513
-0.039028313
-0.18775448
-0.13545166
0.14543575
-0.027780045
0.18987668
-0.036058128
-0.076863386
-0.05594771
0.17416148
-0.10608416
0.032034215
-0.033594593
-0.0047221803
0.047595296
-0.11076059
-0.02578711
-0.11455509
-0.12794617
-0.16626078
-0.17454727
0.03438827
0.12054519
0.018713245
0.087676898
0.0030528004
0.12693246
0.25903052
0.071178146
0.17922112
-0.2496482
-0.14502196
0.00037541409
-0.23568442
-0.23459692
-0.1091594
-0.40780339
-0.47279406
-0.32763559
0.026183397
-0.072702743
0.014681632
0.082000338
-0.06571015
0.040981922
-0.082732081
-0.25488332
-0.32134745
0.032396715
0.0082215117
-0.030890213
0.29374623
0.23791739
-0.089751936
0.19240685
0.16508333
0.052641448
0.030212358
0.03289447
0.18115793
0.095750317
0.29469985
0.07321462
0.060970023
0.088510565
-0.07316003
-0.053493407
0.016187279
0.11664593
0.10569111
-0.0095959511
-0.055124473
-0.089300469
-0.11272632
-0.095076822
-0.019955494
0.2804828
0.10267455
0.079848506
0.14895095
0.10843901
0.0328434
0.14053017
-0.045903377
0.027287178
-0.09559837
0.052218948
-0.31599641
-0.2692903
-0.058154617
-0.1039573
0.0046270262
-0.20333633
0.1413247
0.17646997
-0.13765313
0.0194827
0.081049427
-0.13686001
0.06119113
-0.063439362
0.01620758
0.10289621
0.19366896
0.0074221911
-0.010897524
0.11432768
-0.1016882
-0.1411902
0.06977538
-0.0019772463
0.15359211
-0.037672393
0.0097643323
-0.24587278
-0.3429487
-0.25994903
-0.11297398
-0.16628106
-0.11897724
-0.070375085
0.058006682
0.043621916
0.071751378
0.056097228
0.072727434
0.20082627
0.01302288
0.049716428
0.0021566981
0.034224696
-0.059348617
-0.037240967
0.18506716
-0.042512912
0.0017302594
0.041268256
0.22671185
-0.028238622
-0.020110637
0.066191301
0.16311206
0.13163252
-0.064905249
0.14697391
0.21884218
0.096909918
-0.032607932
-0.16685709
-0.10590153
-0.22370984
-0.25310418
-0.18170993
-0.0032144936
0.016537201
0.11324888
-0.11237199
-0.28149977
-0.20854817
-0.058366604
-0.055990532
-0.18438101
-0.27172905
-0.11123912
-0.12376014
-0.03933847
0.01703183
-0.082005203
-0.048218776
0.092725329
-0.022272089
-0.12414272
0.17234904
0.013204241
0.0014815015
-0.13787371
-0.18538135
0.030085644
0.09831503
0.077568956
-0.10117115
-0.0066728601
0.11632123
0.088013574
0.24379629
0.095146485
-0.009099571
-0.19466321
-0.12094783
-0.040932473
-0.086569667
0.0069153854
0.12137896
-0.12585865
-0.037900634
-0.37221444
-0.31921166
-0.11185436
-0.15471379
-0.056231927
-0.085836649
-0.1265604
0.14338557
0.22923388
-0.10213368
0.051459737
0.15883708
-0.16862801
-0.090580069
0.23403649
0.1448147
0.15610088
0.062660024
-0.0025551079
0.27867743
-0.058765277
-0.0049430761
0.20237784
0.023331424
-0.17178436
0.1955414
0.25125438
0.040091112
0.26183906
0.075085014
0.035208918
0.17433202
-0.13026579
-0.32165155
-0.086949073
0.17009723
-0.28294331
-0.10616792
0.094170824
0.016168298
0.097859703
0.033210445
-0.20395207
-0.098784082
0.30562219
-0.67512411
-0.31763682
0.13243842
-0.24882211
-0.048007116
0.3818453
0.22183454
-0.096992955
0.20180911
-0.26405865
-0.23808257
0.16481639
-0.084346674
0.037542447
-0.017457968
-0.1505627
0.025590941
0.14265184
-0.27697638
-0.059224285
0.15199882
-0.1226378
-0.054085329
0.17747216
0.1205053
-0.04740195
-0.072969504
0.2090982
0.14723219
-0.098962672
-0.16296762
-0.16957793
-0.013440321
-0.072436318
-0.12861609
0.028384982
0.041915324
-0.13794327
0.022344559
-0.041931998
-0.013556588
0.24327394
-0.019758672
0.1522934
-0.069061883
0.033914927
0.12273309
-0.18633214
0.19938987
0.076547526
-0.13035159
-0.084760115
-0.031254921
0.16581769
-0.32948774
-0.1928297
0.2070884
-0.23116334
-0.028141931
0.39978883
-0.01845769
-0.31636077
-0.10795471
0.017931638
-0.24852315
-0.058709707
0.30092266
-0.021964455
-0.044254705
-0.10587476
-0.14232332
0.25119656
-0.42327547
-0.29742172
0.15072164
-0.17749992
-0.15160999
0.29205576
0.37487939
0.12015295
0.062459927
0.26175937
-0.06291277
-0.067398824
0.075533435
-0.070035614
-0.11422765
0.23030864
0.092362471
0.042229511
0.078177862
0.08731363
0.016382366
0.028306501
-0.039983403
-0.14707634
-0.11995856
-0.39327371
-0.22119378
-0.12250187
-0.35664681
-0.13109145
0.0085863527
0.21112883
0.19988137
-0.16586229
-0.24899192
-0.071907349
-0.047188435
0.011059856
0.0038147466
0.11041868
0.16108806
-0.145109
0.06367296
0.022395631
-0.34514916
0.043421447
0.2131159
-0.084202811
-0.0081019998
0.03214971
0.10188397
0.096052021
0.19914412
0.54837501
0.030106355
-0.22321397
-0.032062117
-0.016795728
-0.25567627
-0.13103636
-0.0034533499
-0.30348
-0.31181467
0.16929643
0.19733861
0.10555453
-0.062457446
0.21580222
0.10453267
0.11183028
-0.19407935
-0.10910825
0.10785921
-0.24127626
-0.24933352
0.021751093
0.045839764
-0.021229429
-0.058504615
-0.22527257
0.063103378
0.10106047
-0.027511494
0.047635585
0.12948839
-0.070407286
-0.22058131
0.10697456
0.21485578
0.079820462
0.11161885
-0.073279507
0.068879902
-0.10526768
-0.1857271
-0.17326392
-0.035663135
-0.15601057
-0.32250261
-0.040860098
-0.092485696
-0.11279579
0.2332802
0.41838825
0.20005599
0.14133532
0.057724249
-0.099634521
0.01627961
0.06191257
0.12770614
0.13387704
-0.15985957
-0.14536597
0.18159391
0.0041700806
-0.18700546
0.079911113
0.065571584
-0.20095636
0.097545698
0.3094053
0.13614331
0.041020859
-0.092882492
-0.00019936077
0.076771885
-0.066872202
0.025048999
0.073590122
0.29077831
0.22374453
-0.1824003
-0.003897062
-0.13351326
0.060210194
0.1155677
0.0027270168
0.096120313
0.11003215
0.093993045
0.089209102
-0.020763017
-0.086837955
0.2312187
-0.044393729
-0.062179036
0.18848456
0.014710496
-0.062516585
-0.24284273
-0.32256991
0.10021857
0.17869994
0.13144578
-0.23421866
0.13746567
0.22724311
-0.10340171
-0.043578561
-0.5149011
-0.38178593
0.050407294
0.20368458
-0.064048767
0.080701612
0.36392304
0.18747628
0.069597423
0.13213164
0.06282682
-0.17520699
-0.067705102
0.080350071
-0.055957541
0.072280332
0.10007814
-0.13423038
-0.28652319
-0.065172963
-0.117591
-0.21802534
-0.035679866
-0.094237149
-0.1745515
0.034757365
-0.010033222
0.10019483
-0.2574172
-0.11939024
-0.19777322
-0.22379713
-0.11513274
0.060070712
0.031636883
-0.066622809
0.06431032
-0.040386513
-0.18476629
-0.1405323
-0.16893908
0.14156891
0.18563943
0.096368387
-0.14586437
0.14051393
-0.13347484
-0.043168023
-0.059102647
-0.11511943
0.082002386
0.20780234
0.11074615
0.095808901
-0.10511331
-0.082023069
-0.014199389
-0.10758203
0.018583298
-0.0078190025
0.07432954
-0.13909243
-0.22253339
-0.086854517
0.11699234
-0.27200934
-0.059757072
0.30689725
-0.05072334
0.10392091
0.15152317
-0.13211051
0.11279099
0.018881474
-0.041086126
0.1556247
0.073699892
-0.11448421
0.17005894
-0.10605131
0.13386351
-0.011902959
-0.14131258
0.056529045
-0.2079908
-0.050414711
0.079726636
-0.12451674
0.072011746
0.11482685
-0.082470343
-0.1495069
0.08967147
-0.032818247
-0.22335422
-0.18986464
-0.021829749
-0.23149292
0.058783982
0.048975475
-0.088915072
-0.017544685
0.0060090818
-0.092538811
0.10004961
0.089211807
-0.0082227122
-0.27764103
-0.34066471
-0.2350142
0.1778733
-0.075600721
0.042878788
0.34596846
0.13358459
0.12945557
0.024826305
0.030576728
-0.04480749
-0.010559676
-0.069218166
-0.20838115
0.015220081
0.076468855
0.014075352
0.24253397
-0.03618018
0.1345364
0.29203376
0.1753265
0.20014398
0.1266159
0.057450645
0.024942713
-0.10761934
-0.093212493
-0.14112177
-0.033370465
-0.13738257
-0.0093758516
0.068783119
-0.11689311
-0.18583849
-0.25588492
-0.31992105
-0.32223254
-0.10375271
-0.33433217
-0.22762848
-0.066230103
-0.075175896
-0.065927185
-0.16267599
-0.0080627752
-0.015637727
0.35913876
0.038950644
-0.18616718
0.26619086
-0.15153623
-0.20896846
0.40139061
0.34808496
0.3005437
0.21266036
0.0062734433
-0.042894352
-0.41765621
-0.56014329
-0.36476392
0.17895411
-0.048841804
0.019661959
0.30513376
-0.15118322
-0.11172282
0.062133633
-0.21230151
-0.10668854
0.1079692
0.29965657
0.28528261
-0.15739708
-0.068590514
-0.015094593
-0.039463129
-0.088559099
-0.057053544
0.036613427
0.095385537
-0.066507764
-0.13261448
0.071690768
0.057576329
-0.086055733
0.034532201
-0.037954543
0.11638997
0.34266958
0.010287575
-0.028167846
0.42694953
0.063856646
-0.48505634
-0.28043556
-0.21995082
0.25854582
0.20586677
-0.063895002
0.3038705
0.0909703
-0.27556691
-0.058740564
-0.33176616
-0.38141164
0.12094826
0.33784878
-0.025249725
-0.049589917
0.0086775376
-0.20997863
-0.19476624
0.061872527
-0.094340697
-0.15539452
-0.49529725
-0.18879461
-0.0085582715
-0.10022954
0.07857541
0.24296205
0.28646716
0.47329926
-0.21837987
0.1804352
0.091681093
-0.16094124
0.087748364
0.14211726
-0.14532639
0.060611747
-0.12423977
0.16666403
-0.1020821
-0.096009217
-0.054981735
0.15091817
0.34353229
-0.27755699
-0.10750672
0.14088246
-0.17758146
-0.082971871
-0.060083792
-0.11991075
0.038737208
-0.013715782
-0.16127391
-0.06423714
0.11304116
-0.20514746
-0.052750893
-0.067445144
0.041974239
0.17984955
0.05838627
0.021712422
0.29005617
-0.16065277
-0.10239995
0.1983849
0.0061237416
-0.025302792
0.17829253
-0.08733514
-0.34543204
-0.053830855
-0.35261801
-0.078445047
-0.074119776
0.19882843
-0.086629719
-0.045683775
0.1287785
-0.12560584
-0.24544536
0.1441327
-0.167037
-0.56936628
-0.18129174
0.23353603
0.011959753
-0.15300795
-0.0062169014
-0.24828944
0.082054287
-0.1014051
0.057923857
0.18611899
0.028610572
0.26391646
0.0207197
0.062042136
-0.078096412
-0.21327394
-0.16888392
-0.37761518
-0.24451426
-0.087448105
-0.070210487
0.092339642
0.33228618
0.31985217
0.28612435
-0.067049548
0.10309521
0.062715918
0.068817012
0.13218929
-0.054099757
-0.030210294
0.020928381
-0.029813703
-0.24374898
-0.22857967
-0.060298856
0.0015905281
0.04366998
0.16035946
0.0043757227
0.14511578
0.080566406
0.0014511106
-0.22328125
-0.16248293
-0.054875586
-0.0087872222
0.078709528
0.15508369
0.19032685
0.1573474
-0.088774845
-0.1392121
0.039723966
-0.093192883
-0.027599899
-0.124687
0.11068414
0.071537659
-0.12068142
0.029710924
0.072248429
0.14414881
-0.048484255
-0.092469692
-0.14760178
-0.014716539
-0.26579109
-0.12414168
0.059432499
-0.031572253
0.20755507
-0.050122194
0.059394576
0.20311432
-0.092586391
-0.093311951
-0.15257408
-0.013058138
-0.042274997
-0.13945104
-0.10337153
0.049484368
-0.10774825
-0.09798944
-0.059308115
-0.12705716
0.0056215692
-0.020908624
-0.18300958
0.09491244
0.0015704007
0.073186867
0.037594147
0.14633666
0.18338859
-0.12476714
-0.032786015
-0.17461681
-0.010561891
0.052883551
-0.13451996
0.0023847471
0.16554798
0.084457763
-0.041112151
0.050969139
-0.16097429
0.0091649713
-0.006299085
-0.048907347
-0.039261702
0.014523026
-0.083513908
-0.67384297
-0.16655326
0.35069796
-0.82770634
0.14908941
0.78310692
-0.40898269
0.2671085
0.59823996
0.033749744
0.020981079
0.037731905
-0.11785202
-0.17986175
-0.14950842
-0.09708941
0.015292319
0.066238359
0.14930034
-0.013143571
0.074332334
0.062200617
0.16796255
-0.0079791918
0.041044567
-0.025688175
0.043120656
-0.16349544
0.10347391
0.040899083
-0.033789728
0.10930266
0.13058622
-0.026560126
-0.046208724
-0.067448996
-0.27976978
-0.41673368
-0.19488254
-0.0048875087
0.025717314
0.10380542
0.072982624
0.10651107
0.053248007
-0.074304014
-0.047014736
-0.18937203
0.089790605
0.062544554
-0.078293629
0.17014062
0.052195776
-0.011906584
-0.19064909
-0.069908544
-0.086758181
-0.11553802
-0.10704225
-0.057311241
-0.013725138
0.021948831
-0.038981821
0.048219789
-0.10373882
-0.018350312
0.12124085
0.014658465
-0.13012238
-0.16223969
-0.02040343
-0.206903
-0.086734325
-0.36265561
-0.13796565
0.15718532
-0.13796447
-0.0013403465
0.040424317
-0.025935687
-0.039255008
-0.16777362
-0.37348586
-0.12034784
0.11009604
-0.11358907
0.03126692
0.21784717
0.13826348
-0.026266167
-0.21180762
-0.34405577
-0.15706635
-0.10015789
-0.11621793
-0.04744719
0.12803096
0.077073567
-0.17543723
-0.052591495
-0.099302933
-0.074176081
-0.014277096
0.15020984
0.059860803
-0.1204119
0.06229328
0.12684527
0.066129275
0.14624061
0.17008474
0.0015476923
0.056569096
0.096814319
0.014053095
-0.094868749
-0.012630239
0.095812023
-0.1838899
-0.26860738
0.082979076
0.13671401
-0.16635895
-0.15407845
-0.042272817
0.16020307
-0.26130041
-0.20149653
0.029380431
-0.002565424
-0.090421036
-0.072922252
0.06556832
0.054078225
0.079507805
-0.08735197
-0.093457781
-0.11933225
0.075370148
0.027488004
-0.0093023628
0.16430095
0.053423315
-0.091293849
-0.28574684
-0.095878512
-0.14105985
0.015567244
0.13449629
-0.029425431
0.20290202
0.077127166
0.079681158
0.021454768
-0.37431237
-0.12832449
-0.046294328
-0.22685421
-0.14779711
0.089394994
0.1633466
-0.042620413
-0.1493928
-0.13421464
-0.034987658
-0.055267464
-0.16870224
0.0029677802
0.077345394
0.13590513
0.1185868
0.14720841
0.15788664
0.097034223
0.044115186
0.04736197
0.14559042
0.040246446
0.054798141
0.10420658
-0.25242686
0.11951849
-0.037065767
-0.23860981
0.077142268
0.0044679539
-0.18215331
0.090694979
0.28670377
0.15143362
0.078432411
0.04466204
0.025417646
-0.058102619
-0.047919806
0.054217219
0.062740773
0.033225745
-0.11782865
0.077539273
0.26701462
0.11935315
0.13807927
0.24824584
-0.10702852
-0.03014922
0.11030785
0.089581445
-0.039840877
-0.24776819
0.1047711
0.15490265
0.062699847
0.036914907
0.098211683
0.014615686
0.016128112
-0.081471279
-0.18076453
0.20175451
-0.04331734
-0.22076362
0.068266511
0.010721622
0.10095361
0.21024448
-0.050918225
-0.29036105
0.35446185
-0.064735368
-0.52248538
0.23966548
-0.029108107
-0.4456096
-0.11806973
0.095898673
-0.075841539
-0.014815814
0.19644509
0.062815093
0.055851009
0.10339165
0.12522143
0.18687084
-0.013204213
-0.41671333
0.13376726
0.101592
-0.36536309
0.2549977
0.16201098
-0.27548489
-0.13789189
0.033132512
0.27773267
-0.14511573
-0.001260199
0.021806825
-0.0017027357
0.0057938448
0.044382289
0.14472972
-0.081945479
-0.33124766
0.076495655
-0.057018027
-0.32318959
0.20915419
0.053732328
-0.20054181
-0.093158595
-0.041605387
0.053524025
-0.092571534
-0.24572761
-0.35016295
-0.086678229
-0.10086482
-0.16658336
-0.024783449
0.027628828
-0.14986689
0.065956302
0.03499883
-0.21021929
0.19135092
0.10463034
-0.11563394
0.13923703
0.194528
0.040576037
0.073273167
-0.020064067
-0.099572517
-0.16454004
-0.21353868
-0.070416711
0.15143248
0.099469826
-0.32797208
0.21384856
0.049945608
-0.45330366
0.22806169
0.11025936
-0.22735231
-0.15538336
0.37189335
0.33550048
-0.061587565
0.16097863
0.13734594
-0.15939449
-0.059191715
-0.12906425
-0.25669774
0.043878894
0.21469335
-0.062919937
0.04781032
0.21630087
-0.11825397
-0.10990082
0.050639071
0.13022597
0.12850086
-0.044509325
0.10615107
-0.10395685
-0.15165621
-0.108542
0.17119855
0.16137765
-0.0038462726
-0.13212582
-0.12972297
-0.052427121
-0.16559991
0.2399673
0.054540668
0.17914289
0.45964211
-0.07207869
0.029418346
0.047891017
0.023974316
-0.33843377
-0.038915485
-0.091003932
0.042332847
0.067799948
-0.32210299
-0.31835023
-0.072211228
-0.048462413
-0.35890684
-0.17828526
-0.062963627
-0.1095259
-0.026851
-0.10385793
0.13628034
0.10804912
0.033583354
-0.10951871
-0.1414959
-0.047432862
0.32173035
-0.15391621
0.02071799
0.30282843
-0.06185855
-0.099626988
-0.30239683
-0.055956703
0.022179354
0.097747847
0.028548623
0.047308788
0.037417036
-0.056843579
0.23181561
-0.056251258
-0.13380343
-0.063697636
0.051829472
0.1688218
0.14970483
0.29025525
0.0091410186
-0.029447962
0.01128281
0.094858348
-0.23148449
0.29474488
0.054831654
-0.11801934
-0.017405184
-0.085383959
0.022490282
-0.012539772
0.085699953
0.22199361
0.1482237
0.015787045
-0.029347006
-0.038018987
-0.031311236
-0.17559767
-0.075918466
-0.12080684
0.16096053
-0.19640942
-0.3407363
-0.050674964
0.25496557
0.18047288
-0.18573488
0.16385682
0.22498466
0.14000544
0.10108585
-0.19014493
0.27879807
0.10076737
0.25243294
-0.14254323
-0.36811236
-0.15418468
-0.057539355
-0.32595161
-0.056170333
0.0028684048
0.031593475
-0.033558268
0.040902175
0.088646613
-0.052207712
-0.018815143
0.1634445
-0.064376406
-0.028338093
0.053013887
0.063940369
0.020648895
-0.12877727
0.0080855936
0.05118392
0.12837794
0.10330842
-0.14103989
-0.0020641049
-0.074430093
-0.077500254
-0.19363071
0.059950579
0.43652177
0.10051744
0.0429121
-0.14939764
-0.13869515
-0.020542359
0.091796026
-0.063553669
0.063836157
0.17423999
0.2022914
0.20671599
-0.45428714
-0.3519651
-0.56323379
-0.49180722
-0.29785502
-0.13147639
-0.40584368
-0.40106645
-0.21674894
0.024705332
0.16203095
0.49099949
0.030344946
-0.044001732
0.3480413
-0.21245837
-0.2985774
0.086038068
-0.33373278
-0.13712214
-0.12439307
-0.12741579
-0.14707528
-0.0077260602
0.14112371
-0.026306836
-0.064493559
-0.1012876
0.18380977
-0.12833308
-0.11124315
0.072558649
-0.045994174
0.17559148
0.21730664
0.021091839
-0.38928181
-0.2960771
-0.11338173
-0.11823673
-0.24262521
-0.053604465
0.077135883
-0.044297773
0.070936732
0.028886646
0.13793334
0.29022294
0.042875696
0.04465846
0.025931552
-0.0038522752
0.0068493923
-0.16712472
0.060206562
0.045460224
0.09683986
-0.068280548
0.07968469
-0.024216862
-0.14056911
-0.0082519753
-0.013898212
-0.088564754
0.11706671
-0.064990327
-0.097478956
0.0036208259
-0.17321774
-0.046685398
0.13075928
-0.11096705
0.19493404
0.055812489
0.055113457
0.3443028
0.11763046
0.24380317
0.28188297
0.15356819
0.30326268
0.17716196
0.37504807
0.46220246
0.11519526
0.094752185
-0.0016538289
0.057867158
0.065029442
-0.028228456
-0.28790438
-0.40598038
-0.50610518
-0.13543764
-0.38981006
-0.43903151
-0.073437877
-0.48398617
-0.42808077
0.53001845
-0.16926703
0.2497775
-0.054733958
-0.48041913
-0.099672683
0.13049693
-0.28377217
-0.072503962
-0.078786314
-0.13201649
0.17026556
0.020738579
-0.13110203
0.10574819
0.15983148
-0.018657582
0.23541349
0.27576545
0.16618703
0.12991534
0.2646977
0.25383434
0.27847505
0.22005144
0.14529505
-0.041286275
0.16083413
-0.083578527
-0.036685005
-0.0021691322
-0.24576408
0.016884858
0.12121543
-0.18558235
0.10916987
0.14599432
0.12321607
0.27436832
0.096891671
0.10864068
0.29064494
0.16190329
-0.18980065
0.072683863
0.039147142
-0.19199531
0.19465898
-0.064083822
-0.31929407
0.046852041
-0.083578512
0.22941509
0.30381846
0.10126314
-0.022808831
-0.0045978469
-0.17359914
-0.0205628
-0.10792271
-0.26759303
0.07509429
0.11568987
-0.17807314
-0.12875883
-0.068845399
-0.058092661
-0.043004956
0.065311722
-0.44650543
-0.52552181
-0.09816926
0.032302283
0.11945158
0.31763196
-0.12587468
0.198386
0.27067074
-0.15570094
-0.14993158
-0.18931226
-0.18316564
0.20505492
-0.027227713
-0.13582098
0.17163318
0.20411454
-0.58341771
-0.20821626
0.33359382
0.095273808
0.19190474
-0.19909063
0.16730952
0.058583271
-0.2181347
-0.22482021
-0.094523892
-0.10627502
0.10437328
-0.079683736
0.13384806
0.15253468
-0.12689486
-0.26823512
0.023770845
0.1771217
-0.062046554
0.044720259
-0.18526189
0.077975318
0.30324751
-0.055171672
-0.36980471
0.41490874
0.47132978
-0.49764693
0.026777806
0.28130865
0.035400361
-0.27751872
0.082892977
0.087594911
-0.49411064
0.060420781
0.12145036
0.015203184
0.12964754
0.021522285
0.090801805
0.37115034
0.054498538
0.10478679
0.039464321
-0.090135224
-0.077052474
0.42951226
-0.083731845
-0.35142499
0.37168443
0.34064454
-0.54330117
-0.27820876
0.16169406
-0.16713688
-0.030246595
-0.081345879
0.0251137
-0.085625783
-0.17110378
-0.027992997
-0.10043715
0.071332611
-0.12089803
-0.056459241
0.0096274111
-0.0042630606
0.41395688
-0.32375377
-0.52339798
0.38673019
-0.074363858
0.22041257
0.031965129
-0.13182561
0.29808265
0.29491884
-0.29606962
0.14262109
0.10351853
0.029630246
-0.071487911
0.064566389
-0.47865191
-0.41430748
0.56481099
-0.4033151
-0.81333673
0.27579477
-0.3476266
-0.10547434
-0.056006707
0.34685388
-0.22301644
0.082782507
0.15650405
-0.43344986
0.011308691
0.14218004
-0.088482939
-0.14482883
0.083595611
-0.26632512
0.18785904
0.21540141
0.22001868
0.19949038
0.13669071
-0.37889627
-0.048084993
0.071680754
-0.24525359
-0.038626265
0.059311356
-0.22876346
0.041955493
0.31691316
-0.075662106
-0.4612816
-0.17821641
-0.23718588
0.17763612
0.24772218
0.12786126
0.29797181
0.043914471
0.12301433
0.16513716
0.1300208
0.021621116
0.035920598
0.031200824
0.093064144
-0.051090326
0.020063862
-0.27410904
-0.18148057
-0.042675074
-0.059484635
0.068675712
-0.030529268
-0.022543302
0.1164525
-0.039497722
-0.18046303
-0.15418871
0.14948183
-0.65452808
-0.24932928
0.16122538
-0.30009574
-0.14063723
0.066058151
-0.1690298
0.038745809
0.37733206
-0.095527627
0.43134981
0.022981592
0.030253733
-0.04914232
0.044820908
0.18362392
0.27679357
0.23921007
0.095359683
0.036553841
-0.092426725
0.12770404
-0.28577372
-0.17830709
-0.39452469
-0.29193118
0.019542797
-0.035214402
0.21600325
0.03086465
0.19195342
0.25630707
0.21709041
-0.22094579
-0.36547989
-0.063413016
-0.16071871
-0.14028879
-0.08712621
-0.093080759
-0.041785635
0.17294823
-0.26836231
-0.38835663
-0.13860521
-0.13958704
-0.040685222
0.0092475824
-0.024150634
0.015391145
-0.01799098
0.0048780432
-0.052594695
0.042393308
-0.14621843
-0.016563289
0.30368945
0.0050520469
0.14682724
-0.020436276
-0.16682376
0.12846611
-0.11910209
0.21935412
0.16842325
-0.033519238
0.20619583
-0.20994027
-0.26908568
-0.1183382
-0.1564903
0.10321973
-0.33817431
-0.13656406
0.17773639
-0.29281133
-0.0044769617
0.18510835
-0.53066456
-0.10831382
0.014265199
-0.014695328
0.33183977
-0.16460216
0.19044417
0.25399837
0.014065006
-0.28369078
-0.22343624
0.15690427
0.0055892961
0.19183718
0.18805309
0.21491647
0.30649683
0.20068687
-0.074368387
0.062975593
0.048694264
0.13975044
0.15380171
0.10469842
0.28297389
0.19114235
0.25660113
0.12335678
-0.023186767
-0.15128002
0.17754641
0.014821987
-0.029736372
0.17170772
-0.014564256
-0.020929394
-0.037120651
0.048521359
0.011023887
0.020363845
0.12370022
-0.01554078
0.14481845
0.19817914
-0.041914728
0.038039979
0.0979596
0.10208632
-0.08510533
-0.0083647212
0.067921221
-0.18829137
-0.042549968
-0.05144066
-0.079953022
-0.039388619
0.0023232254
0.030760746
0.071548551
0.072453983
0.15907554
-0.010699202
0.073202096
-0.045955449
0.0097632855
-0.068486512
-0.024367401
0.032174915
-0.078319006
-0.091658019
-0.055068247
-0.075362533
0.010683598
0.11890775
0.13459763
0.14850217
0.16950046
0.033818003
0.32606319
0.16831863
0.053007551
-0.046096325
-0.029800991
0.09664157
-0.05798687
-0.0086352117
0.11210641
-0.17027684
0.077398896
0.081906796
0.1430518
0.05422648
-0.055046961
-0.069374293
-0.085348986
-0.19913468
-0.15074374
-0.20713413
-0.012678601
-0.043548618
-0.0057386928
-0.13626012
-0.18884602
-0.13277093
-0.20567089
-0.059141714
-0.06519866
-0.23971505
0.021090569
-0.059754569
-0.31241933
-0.048756052
-0.33710015
-0.30471137
-0.41637594
-0.4990859
-0.33939129
0.26309046
-0.011807505
-0.15443659
0.13751028
0.0055338102
-0.13855459
0.10109355
-0.078934789
-0.11094227
0.050831053
0.0041229795
0.028464181
0.14966431
-0.030288259
-0.033262961
-0.037514906
-0.20739546
-0.076087013
-0.036248971
-0.028659314
-0.049633164
-0.026729045
0.026844757
-0.12257592
-0.10224469
-0.081445292
-0.14535183
0.088018186
-0.02723752
0.1169493
-0.054861017
-0.14339331
0.088598087
-0.093873687
-0.048291475
0.1282417
0.074840739
-0.077681705
-0.052202463
0.0099972272
-0.20336297
-0.053958774
-0.093383923
-0.071749225
0.036172561
-0.056984283
-0.02751484
0.081020735
-0.12625733
-0.043612238
0.013585174
-0.11618397
-0.048219532
0.035463668
0.16421701
0.037670761
0.0085747698
0.013878449
-0.19229381
-0.21935517
0.03240088
-0.15407309
-0.15416054
0.094737627
0.077933401
-0.029021019
0.095527999
0.052813455
-0.13357989
-0.066417232
0.016325792
-0.052130118
0.0092994906
-0.033631742
-0.091402695
0.052761238
0.06803865
-0.044384256
0.081441902
0.053624108
-0.089213014
0.0090320045
0.039869927
-0.00056386791
0.07860592
0.052795317
-0.036514502
0.078098364
0.18685161
0.083848841
0.017735094
0.03927562
-0.068922512
0.0065517006
0.039927017
-0.0050341086
-0.010791831
0.001461447
-0.017756971
0.056271225
0.047580387
0.049155146
0.096658699
0.052165579
0.10228228
0.13654192
0.12255801
0.06106431
0.024994416
0.085529178
0.072700493
-0.072513953
0.10164578
0.11903024
-0.061491869
0.13878803
0.18387152
-0.00082193525
-0.058692105
-0.015318904
0.061873544
0.0043529067
0.074412242
0.072473206
0.046822987
0.10530456
-0.046517603
0.018833501
0.10325892
-0.014517399
0.070337705
0.083911464
-0.0025472401
0.069433838
0.07328321
0.021458775
-0.049083196
0.0075098318
0.093027048
-0.018122053
-0.084169462
0.065401636
-0.011437463
-0.064447351
0.086095817
0.078692526
0.12810294
0.070948921
-0.0079836426
0.009622599
-0.030465078
-0.14191444
-0.12420584
-0.065264657
-0.1582337
-0.025096145
-0.099274814
-0.2941266
-0.22348203
-0.08421962
-0.18866985
-0.22052316
-0.016599178
0.0036861075
-0.050456021
-0.023810223
-0.020058822
-0.010751184
0.021858402
-0.02565494
-0.063963771
-0.090969019
-0.017201589
0.0028897475
-0.039829623
0.005843827
-0.025926875
-0.0077988384
-0.022488603
-0.028538805
-0.035535317
-0.0070438888
0.011196101
-0.11667251
0.049158446
0.0067910049
-0.043788061
0.11734923
0.096681543
0.03493505
-0.050415359
-0.13107646
0.11818337
-0.1292399
-0.13180783
0.088505968
-0.16789678
-0.018769808
0.03630117
-0.0092794737
-0.013960321
-0.095938571
-0.067640334
-0.057403259
-0.078761742
-0.042703018
-0.038616315
-0.24638526
-0.14364858
0.36732018
-0.10509804
-0.037724726
0.27978837
0.0021181488
0.059311736
0.17180446
0.16546007
-0.065452322
-0.2659955
0.33263746
0.40033621
-0.10650347
0.28982925
0.31196386
0.079727843
-0.13312817
-0.032911047
0.4014326
-0.26195514
-0.38809875
0.13910656
-0.17986524
-0.22822863
-0.053829055
0.13541593
0.13708775
0.11918502
0.074889362
0.10163819
0.081234477
-0.11384957
0.0062079336
-0.066671953
0.10394836
-0.051495291
-0.11106806
0.22332858
-0.12760772
-0.039567549
0.030910963
0.082952343
0.0056901244
0.023806898
0.087474301
0.13267775
-0.11720614
-0.13183655
-0.085316405
-0.14883858
-0.12171963
-0.26190844
-0.22325031
-0.41407782
-0.24316485
0.057146281
-0.049694639
0.01782831
-0.02303762
-0.1482428
-0.22573607
-0.15093626
0.10477634
0.25871173
0.014227053
-0.051444251
-0.14003825
-0.0055485978
0.0077445409
0.099570408
0.018643672
0.0098249987
0.23934469
-0.15009837
-0.012071709
0.24513371
-0.032597654
0.01772929
0.037999924
0.0023196675
0.235568
-0.14138903
0.087846063
0.024511561
-0.19042894
-0.040077299
-0.121172
-0.18374982
0.10999429
0.066817626
0.21069825
-0.055457182
-0.2369432
0.17663325
-0.13000302
-0.22418545
0.036836021
-0.16889349
-0.0052133282
0.18115011
-0.13920566
-0.29355609
0.056797486
-0.31565648
-0.12839414
-0.061631724
0.10149474
-0.081073821
-0.27898419
0.25373948
0.17140244
-0.16269775
-0.010348165
0.048477329
-0.11211082
0.066572621
0.089208946
0.03164532
0.13707125
0.26861876
0.21312775
0.14781135
0.31148857
0.083039314
-0.13888195
-0.089561619
0.038103718
-0.11557455
0.067882821
0.038436946
-0.058802549
0.12963054
-0.17188792
0.14621428
0.20413816
-0.0059371148
0.031750835
0.10330695
-0.046789009
-0.014071192
-0.053781547
-0.23621815
0.23473018
-0.021421803
-0.19000165
0.18504462
-0.16618913
-0.22981963
-0.060194731
-0.035544615
-0.2240283
0.13453253
-0.1105909
0.082302831
0.1693012
-0.030050468
0.058006927
-0.04745394
0.038394898
0.075556852
-0.025563886
-0.10690413
-0.010642526
0.12666054
0.030977551
0.22236697
-0.088998951
0.09524624
0.0414594
-0.12096556
-0.15460636
0.074768804
0.13409497
-0.25629479
0.29123658
0.0028101078
0.11675856
-0.038520135
-0.25209975
-0.19732143
0.31767911
-0.2531049
0.075510606
0.34551564
0.11309703
0.23506635
-0.22891557
-0.015636368
-0.19068089
0.022659212
0.10182559
-0.0049102707
-0.010811222
-0.00035417511
-0.19871062
-0.14976987
-0.21828716
-0.070174865
-0.20784143
-0.19171901
-0.07866665
-0.11005876
0.00832594
0.0231744
-0.12008333
0.40677392
-0.05285145
-0.17852698
0.25274897
-0.035791665
-0.35189608
-0.07750807
0.085755579
-0.14796041
0.061263107
0.2393693
-0.19223335
-0.043003757
0.054263193
-0.20641699
-0.18242835
0.1065262
0.13538994
0.016588489
-0.022304695
-0.10301197
0.077763073
-0.074239358
0.059433281
0.17340022
0.10336282
0.23193416
-0.051872518
0.0030863173
-0.082130909
-0.057281222
-0.21954973
-0.16420558
0.2272279
0.06334804
0.11034595
0.071697451
-0.1430376
0.056495104
0.18989851
-0.13975644
0.18826842
0.059482127
0.069575056
-0.020360161
-0.044823639
0.14678033
0.11118808
-0.26124701
0.019658225
0.16703142
-0.27568257
-0.067412637
-0.19940765
0.011685083
0.019350231
0.0065607075
-0.083996452
0.26446372
0.12389728
0.26670754
0.14651768
0.10218529
-0.071343742
0.092784002
0.23002872
-0.10773214
0.01423133
0.15369059
-0.099242851
-0.081849471
0.15280581
-0.22259781
-0.31856588
-0.17203853
-0.053748053
-0.038789574
0.0093645714
0.03167922
0.035951145
0.020031145
-0.15829065
-0.13411555
0.18586051
-0.12999824
-0.13779263
0.2712929
0.048310034
0.063526988
0.41756463
0.2272432
0.25848255
0.072652437
0.10441675
0.20236081
0.075846814
-0.027518304
0.077773444
-0.10351454
-0.068806559
0.0031387298
0.015318748
-0.060790956
-0.078643195
0.080232047
0.14367862
0.027450858
0.097612731
0.054915398
0.11012338
-0.1430362
-0.31181917
-0.30119228
-0.32064098
0.017027143
-0.0075963154
0.075977392
0.098417141
0.2660442
-0.050070088
0.032286618
0.028756876
-0.069021352
-0.10351364
-0.028591201
0.10626508
-0.071790159
0.018948589
-0.096336395
-0.34488741
-0.30646074
-0.28163993
-0.014457725
0.05953167
0.1035941
0.21003599
0.068571188
0.1638744
-0.045967475
-0.072010674
-0.012741174
-0.11775941
-0.16902862
-0.039222553
-0.23392273
-0.18679643
0.081261985
-0.2751779
-0.2357109
0.1119789
-0.049478795
0.0044044103
-0.070300631
0.28184623
0.2061253
0.070337661
0.012491565
-0.00072845956
-0.071161903
0.031949122
-0.01756986
0.063520275
0.1527804
0.041741479
-0.11835282
0.25196105
0.035489555
0.023365296
0.27427059
0.046220917
-0.052591711
0.10998683
-0.081100985
-0.076160654
-0.057381555
-0.28338677
-0.079248764
0.0986083
0.058054347
0.1653493
0.013464014
0.085585736
-0.099909835
0.013363249
-0.010216945
-0.026478708
0.061784156
0.22763395
0.29720712
-0.066999406
-0.024843041
0.11524712
-0.11918322
-0.094745204
0.14739297
0.019505711
-0.0072559309
0.21861736
-0.052388903
0.13007945
0.026090967
0.039937492
0.20586206
0.0920996
-0.14564331
-0.08647725
-0.17742239
0.089474358
0.083174825
-0.11568232
0.035622828
-0.16106163
-0.070017435
0.1235237
-0.035448119
-0.13212162
0.071764946
-0.16155362
-0.059532683
0.19915472
-0.051906191
-0.0062023588
0.24073282
0.0065521044
-0.12289084
-0.095338792
0.10266317
-0.038217969
-0.091425642
0.088589162
-0.32051817
-0.13648143
0.25646421
-0.36088306
0.052359588
-0.24472338
-0.15371576
-0.071306929
-0.10958286
0.16764757
-0.21880116
0.058109712
0.41150621
0.20716634
-0.024521979
-0.13995254
0.13377948
-0.03558445
-0.11227467
0.06520015
0.01159187
-0.076254457
0.040916841
-0.056417815
0.1442308
-0.14808939
0.079950273
0.19490582
-0.48166996
0.12538569
0.29720816
0.06078206
0.12155299
-0.15202239
0.058234837
-0.14243224
0.021500334
-0.088330254
-0.23027267
0.054524496
-0.2644327
0.064070575
0.10427185
-0.3800686
0.073534682
0.18461005
-0.3256568
0.018539956
0.30992478
0.23834184
0.11380024
-0.068963446
0.25725845
0.0014587541
-0.12493315
0.26925272
0.20936929
-0.32634771
-0.15321687
-0.032285959
0.10676189
-0.027053894
0.15195379
0.12599255
-0.006799011
0.17165752
0.28591961
0.16727625
-0.13139392
-0.14666411
0.16208895
-0.043580495
-0.31442517
0.19195659
0.037501711
-0.27145809
0.080016799
0.13404132
0.073379993
-0.19384512
-0.13652742
-0.030120298
0.012817212
-0.033888213
-0.0096340552
0.12805992
0.082303494
-0.015822142
-0.075487942
-0.19025554
-0.094679713
0.037665304
-0.1949292
-0.09634129
-0.13313507
0.0068639307
0.10820814
-0.2711148
-0.079120971
0.21087325
-0.24254972
0.043427806
0.28360158
-0.097530805
0.031859871
0.033648521
0.027948009
-0.065491594
0.15858383
0.031093501
-0.19181548
-0.043967478
0.16116396
0.022550412
-0.24472693
0.11719405
-0.094647765
-0.33958369
0.19552669
0.065184385
-0.3864511
0.13158935
-0.39451772
-0.44208947
0.37726352
-0.21325596
-0.46286359
0.34142241
0.012035095
0.17429933
-0.045163173
0.17698142
0.016127316
0.16451536
0.07259886
-0.13715786
0.23051509
-0.094099998
0.19132009
0.19313759
-0.082557797
0.16021493
0.34963977
-0.084920987
0.17340863
-0.10429779
-0.21331999
-0.071173012
0.078129195
0.34276021
0.11671697
-0.035292599
0.16590314
-0.094740257
0.092119642
-0.0076066134
-0.074484557
-0.14197157
-0.18085904
0.42787355
-0.1146064
-0.020707376
0.24071045
0.1169143
0.26435563
0.11408874
-0.152132
0.42337939
0.10196799
-0.14620522
0.43788427
-0.12070938
-0.12552409
-0.011203147
-0.18234903
0.29486308
-0.0024168692
-0.28922549
-0.0011589406
0.14076129
-0.2031039
-0.018952468
0.11241428
0.14139059
0.048990656
0.30626312
-0.16409631
-0.067385674
0.16771036
-0.23474939
-0.0975141
0.11421046
-0.14294304
-0.46151176
-0.57955587
-0.22173741
-0.095410958
-0.1221083
0.17798217
0.2403405
0.20639953
0.11598601
-0.32950261
0.10202347
0.13226862
-0.10258897
0.20051956
-0.026562044
0.036767483
0.16167276
0.028310917
-0.47703508
-0.56550843
0.14671998
-0.43228763
0.025758468
0.41157576
-0.10318075
0.21053286
0.25210175
0.2842373
0.11201937
-0.24137448
-0.061190326
-0.091644295
-0.25257227
-0.30467182
-0.17112429
-0.20149499
0.27600881
0.088769287
-0.001743413
0.032649238
-0.067333542
0.042921368
-0.10490051
-0.11058885
-0.34973946
-0.0080448622
0.067098953
-0.14646566
-0.17515995
0.16132547
-0.21695222
-0.14158262
-0.032323357
-0.054662339
-0.074646823
-0.10374797
0.24466845
0.12233759
0.038554054
0.2521823
0.076572254
-0.2130384
-0.065738142
-0.11315621
-0.41273561
-0.23466058
0.23854259
0.097112902
-0.036309347
0.14912027
0.11155179
0.21433212
-0.15642877
-0.094262585
-0.056568913
0.11102176
0.20972361
0.1262161
0.14371528
0.040476404
-0.022611473
-0.061639603
-0.011051768
-0.071127832
-0.076032065
0.057968702
0.11836626
-0.14059316
0.10415089
0.15426515
-0.071128212
-0.12813257
-0.27322477
-0.037913695
0.10963149
-0.21657011
-0.023576263
0.11126237
-0.18388911
0.091253825
0.044425406
0.1904439
0.019193949
0.084545121
0.22790998
-0.31460106
-0.27410567
0.053875837
-0.19707403
-0.18870185
-0.2180005
0.070459209
0.10588466
0.046305429
0.067520864
0.12498055
-0.10010501
0.25111598
0.034918502
-0.062595814
0.14178745
-0.051111341
-0.099255852
-0.089450642
-0.21514906
-0.16012874
-0.11943346
-0.17874244
-0.10299422
0.095504366
-0.19185236
-0.13644364
-0.036405433
-0.18595141
-0.2196331
-0.13181594
-0.046486545
0.063685052
-0.040291984
-0.11287652
-0.042984948
0.20984185
0.033340003
-0.0010480402
0.089475907
-0.069545165
-0.18266769
0.06380327
0.083536655
0.067652404
0.029135402
0.13062569
0.11971351
-0.12064945
0.016603585
-0.1824059
0.057053898
0.027944218
-0.12753722
0.1302028
0.090981066
0.1176235
0.21024302
0.27322876
-0.018895354
-0.065102138
0.15320805
-0.043476261
-0.14253485
0.038098138
0.1053066
-0.093404718
-0.10264196
-0.0073958999
-0.088011444
-0.18396501
-0.16570063
0.012864097
-0.059430435
-0.021129148
0.12905693
0.19887872
0.47702727
-0.13697381
-0.072015643
0.027831301
-0.3047905
-0.3036437
-0.48041293
-0.0044831112
-0.043465983
-0.042898707
0.11715288
-0.13814287
-0.20102134
0.062718317
-0.076159343
-0.23524462
-0.27270681
-0.19142772
0.16367087
-0.038746096
-0.016853107
0.21933931
0.01013694
0.13830483
-0.12988193
0.061826907
-0.13334307
-0.10832723
-0.049670793
-0.10284851
-0.064644538
0.063543744
0.1293422
0.00049928948
-0.20300207
-0.091350459
0.32095006
-0.31045443
0.013989954
0.45845866
-0.37670252
0.14666456
0.31365272
0.0036211284
-0.25920382
-0.082124934
-0.041141879
-0.17312001
0.14942871
-0.073614947
0.22057368
0.21434808
-0.15437753
-0.12515651
-0.16742729
-0.25325495
-0.15530911
0.044162564
0.023345524
0.025460346
0.35975739
-0.093075603
-0.1227942
-0.11147857
-0.061328553
0.097800069
0.047089312
-0.044005435
0.093499333
0.047701839
0.08923804
0.17084475
-0.21014088
0.19470918
-0.017083686
0.010898597
0.19496581
0.11746799
-0.0023146446
-0.19845395
-0.17643782
-0.25036663
-0.037650507
0.14112158
-0.14900526
-0.014616467
0.02530355
-0.24112912
-0.099326044
-0.031311255
0.020324519
-0.080093369
0.13875036
0.27394888
-0.16518787
0.082585603
0.19820826
-0.24018516
0.11837284
0.018807417
-0.1417238
0.039892334
-0.10089049
0.15773045
-0.074061751
-0.14983648
0.23417044
0.126322
0.061392769
0.035680663
0.022352003
-0.012496389
0.0044128038
-0.097779945
-0.17852676
-0.14824282
-0.03782253
0.14208966
-0.058826301
-0.084181987
0.045879528
0.15478094
-0.13105424
-0.12305317
-0.0057820086
0.048092455
-0.40088162
0.31615874
-0.10730116
-0.36169273
0.55882382
-0.016342219
-0.34390685
-0.047324322
0.15889108
-0.14146134
0.049654908
0.041079137
-0.14804797
-0.12258699
-0.25109959
-0.38524282
-0.2225495
0.19634414
-0.099364333
0.097889423
0.16948129
-0.11964814
0.13631089
-0.14944273
-0.053579722
-0.26423967
-0.32906848
-0.18535411
0.079131126
-0.23838124
-0.070074104
5.4411841e-05
0.036992539
-0.20084153
0.049231671
-0.2020693
-0.056143869
0.12613019
-0.21634348
-0.18953674
-0.025489997
0.1295711
0.12734441
0.06434232
0.24084377
0.23649138
-0.079678141
0.088415407
0.22710469
-0.053681385
0.15906906
0.10814666

[conv4.bias] shape=[32] dtype=float32
0.005486846
0.48088357
0.19777057
-0.32127613
0.55131948
0.15891205
0.7104311
0.040584456
0.4609971
0.063452691
0.41815051
0.56856066
0.3895452
0.64697689
0.098010764
-0.67975044
0.21962893
0.23387703
0.77085555
0.40604177
-0.2738857
0.20773998
0.098858356
0.27938801
0.45757085
0.0069294274
0.38372284
0.34359136
0.3913663
0.56674266
0.26793405
0.38487777

[conv4.weight] shape=[32, 32, 3, 3] dtype=float32
-0.14742446
-0.033982866
0.0027413976
-0.1077368
0.11376514
0.12565401
0.15835336
0.13518159
0.23545307
0.18123488
-0.097698376
0.14152443
0.33547059
-0.051744029
-0.19504511
0.30566013
-0.12857139
-0.44665152
-0.030463895
-0.11747131
0.02504524
-0.21046087
-0.02197626
0.022184784
-0.19235328
0.21981119
0.31231052
-0.13070981
-0.11966036
-0.35228673
0.047952596
-0.018622076
-0.20331328
0.51061118
0.26490343
-0.098462418
0.30665648
-0.031440806
-0.048141018
0.18009073
-0.1709574
-0.31830773
0.10284112
-0.15492801
-0.49935207
0.014518771
-0.0090582445
-0.021706777
0.17473222
-0.060015593
-0.083733395
0.26796505
-0.092263259
-0.26662356
-0.029822042
0.11145467
-0.078659832
-0.016728358
0.02838086
-0.053892333
0.013907635
-0.075019233
0.29892951
0.030284517
-0.0090228058
-0.10445054
0.033038892
0.078242265
-0.02055301
0.36371216
-0.095618412
-0.21845295
0.062814966
-0.1060164
-0.0010168088
0.10702824
-0.11975072
0.032731038
-0.042454973
-0.12826791
-0.11424456
-0.16412729
0.069004513
0.13324629
-0.083476029
-0.1842197
0.027889904
0.10952037
-0.061302669
0.083467551
0.15429951
-0.13423261
-0.21088278
0.11099236
-0.022983423
0.035450265
0.19631694
-0.0018908976
-0.32006031
0.013320342
0.041092683
0.0012071594
0.22615363
0.07514783
0.034807749
0.28906998
-0.15576631
-0.30740324
-0.063416325
0.063078664
0.085666388
-0.027562914
-0.12273644
-0.11124282
-0.072391391
-0.18014343
0.18826456
0.11687306
-0.025620237
-0.12714829
0.33025917
-0.14140971
-0.0041519301
0.047367748
-0.23343822
-0.077226505
-0.10674511
0.030286571
-0.024114218
-0.087276466
0.19238703
0.1865478
-0.20762254
-0.056215659
0.046627346
-0.2583214
-0.22470692
0.082908556
-0.18514989
0.1254553
0.24495032
-0.29190287
0.17753266
0.31347841
0.17007492
-0.05918476
-0.093384251
-0.14163175
0.069030404
-0.1059285
-0.14709586
0.21905883
-0.26084706
-0.23936342
-0.10709774
-0.17085691
-0.008947745
0.02319812
-0.00013310091
0.038478397
0.0086763799
0.098095529
0.050438184
0.088075839
-0.034213364
-0.075373374
-0.029401131
-0.18601631
0.20963192
0.080840632
0.17451167
-0.10109553
-0.27769995
-0.19222289
-0.055108599
-0.072077639
0.14671625
-0.27859783
0.089054853
0.465664
-0.039530594
-0.07765948
-0.13823101
-0.019584283
-0.10600771
-0.06633351
0.052126035
-0.24760485
-0.30125558
0.11825528
-0.001818556
-0.10358845
-0.0087670824
-0.081407562
-0.14698139
0.25241703
-0.070034362
0.19465309
0.134086
-0.16213559
0.0061655538
0.070839792
0.078496128
0.0020373899
0.033994414
0.13853486
-0.0054821521
-0.01210985
-0.044347871
-0.18586771
0.12280514
-0.038271282
-0.30776936
0.26177433
-0.080739371
-0.18540554
-0.21256152
0.052320167
0.18860669
-0.034555949
0.08914879
0.25953892
-0.11743963
-0.083666809
0.14133348
0.028569235
-0.040046673
-0.014202554
0.059326477
-0.036720075
-0.04272769
-0.10164335
0.041823681
0.092522003
-0.15748417
0.061999142
-0.067295507
-0.015670354
-0.201039
-0.16663435
0.38130417
0.11960234
-0.23600185
-0.089006081
-0.092429861
-0.2398085
-0.0059342226
0.085888684
-0.039524585
-0.14810535
-0.10916521
-0.20357776
-0.114829
-0.036931016
-0.110848
-0.13436577
-0.045508143
-0.093443237
0.063905567
-0.18106106
-0.026396615
-0.12762193
0.03812626
0.27393681
-0.2169431
-0.074696802
-0.0030426849
-0.27451891
0.06900306
0.19098723
0.067410968
0.011088448
0.12137899
0.029154917
-0.20271
0.17520499
-0.049435608
-0.23445563
0.32205033
-0.077662602
0.037021864
-0.013805298
-0.068865143
0.0095537957
0.021570422
0.17495877
0.022934213
0.17992814
-0.0030237033
0.00025861568
-0.12601002
-0.042491436
-0.0035267556
-0.10997447
-0.090182461
0.010251471
-0.014851712
-0.24620594
-0.058788512
0.21585779
-0.20880149
-0.081201009
0.10544821
-0.16905017
-0.059624873
0.04053108
-0.074730232
-0.22937852
-0.21390754
-0.001877386
-0.073139779
-0.028159048
0.0060069193
-0.054588612
-0.05053056
0.11245166
0.044336919
0.076112449
-0.04301516
-0.044517893
0.027779639
-0.014980137
0.013735582
-0.023310751
-0.29225492
-0.078427099
-0.019008163
-0.30751041
-0.028984223
-0.053047892
-0.19633113
-0.013479143
-0.10402944
0.21195184
0.0033745854
0.074127823
0.1923061
0.045953106
0.026706127
0.12983054
-0.035968266
-0.055704776
-0.020745933
0.046222717
0.0032944193
-0.038948178
0.036315799
-0.011874713
-0.12323441
0.030875549
0.022378979
0.010977885
0.035675254
-0.087103531
-0.12737741
-0.082600571
-0.084484667
-0.25219685
-0.17356989
-0.098614156
0.14124949
0.02306243
0.010846403
0.04823301
0.042913124
0.041782405
0.10231961
0.062005173
0.10395336
0.093632564
0.048464324
-0.0062362272
0.036360338
-0.039853454
-0.084576458
0.021264922
-0.084662363
-0.052601349
-0.21243912
-0.064142294
0.0045415098
-0.1708744
-0.03861643
0.028100224
-0.059030928
-0.003947292
0.056569852
-0.14746037
-0.051550742
-0.12431179
-0.035484273
0.044579223
0.019841079
-0.020451022
0.037626732
-0.024032986
0.12244058
0.060585916
-0.074040592
0.16268542
0.062756062
-0.0071492493
0.043315329
0.06772171
-0.051851481
0.089210212
0.075355716
0.089305229
-0.041587111
0.0089305574
0.08794751
-0.011338154
-0.0058930875
0.047388867
-0.12184559
-0.06272126
0.138614
-0.16783321
-0.097347796
0.080581121
-0.094834246
-0.030017987
0.11152011
0.11896536
0.14911319
0.08994063
0.072978452
0.066629544
0.061911598
0.1019306
-0.034195237
0.09542346
-0.097013757
-0.057367798
-0.015184785
0.07323388
0.090257987
-0.062788479
-0.0022824241
0.033256609
-0.081612259
0.049169078
-0.071417496
-0.15575077
0.115093
-0.058719795
-0.1127397
0.21549444
0.064648151
0.039411277
0.11043235
-0.063638926
0.040501457
0.12076713
-0.033359502
0.046976451
0.10082188
-0.046516567
0.013303665
0.0021338814
0.059820198
0.015206479
-0.11544044
0.0024725143
0.0025116005
-0.025836755
-0.012751568
-0.030956116
-0.1556623
-0.11524727
-0.023549264
-0.070490755
-0.040069297
0.030609541
-0.046042878
-0.018294308
0.065309301
-0.048721623
-0.099651426
-0.02422078
0.031380091
-0.077210329
0.00773226
0.12335128
-0.024311112
0.030828495
0.076504268
0.038289595
0.0080903312
-0.043293189
0.016919382
0.04287573
-0.058151815
0.010173245
0.029361546
-0.32157078
-0.14576669
-0.0061360174
-0.10256782
-0.01868704
-0.029761134
-0.15978043
-0.067529276
-0.041223861
-0.10780702
-0.0034922087
-0.042179897
-0.039955098
0.028274527
0.046747219
-0.089766249
0.012833581
0.040875226
0.22814496
0.15314606
0.070055112
-0.0041264393
0.017978052
-0.012959966
-0.1081695
-0.044291969
0.011781059
-0.15709588
-0.18968621
-0.070939019
0.020186704
-0.040692817
-0.053321406
0.011296066
0.019729804
-0.016750038
-0.00044818583
-0.050388254
-0.10982775
0.0052047577
0.013448983
-0.013937271
0.025994791
-0.010234556
-0.030275844
0.021590618
0.0026474521
0.11158641
0.035643429
-0.046427112
-0.019520333
0.0719973
-0.025362728
0.052519571
-0.0074139214
0.022915425
-0.13599488
-0.10140939
-0.037464492
-0.06803976
-0.11696655
-0.011026794
0.14889191
0.13400334
0.074477747
0.15042926
-0.046125058
-0.11483867
-0.10277708
-0.038395606
-0.090094551
-0.039459005
-0.14368153
-0.1374466
-0.18623221
-0.15828949
-0.041642629
-0.062856339
-0.15157634
0.0048011993
-0.059512712
-0.11968835
0.086451642
0.055730566
-0.13201311
0.013716368
0.076839685
-0.12146963
-0.030850215
0.077075548
0.088134259
0.16188543
0.048861697
-0.086244054
-0.008546113
-0.051953662
-0.006269217
-0.066726424
-0.29668298
-0.18029918
-0.12904109
-0.077149481
-0.021076536
0.007997225
0.051890779
-0.085564971
0.059815764
0.23793177
0.093388692
0.015515925
0.16806945
-0.038178261
-0.028584445
0.26798433
-0.098241828
-0.097121455
0.11918662
0.02985464
-0.0072816876
-0.023022752
0.040904891
-0.0299138
0.01809198
0.015795074
-0.066981465
-0.051218256
0.21763286
0.16196904
-0.087803841
0.032294992
0.00375227
-0.041610785
0.095252663
0.012343684
0.0066257319
-0.051444191
-0.0061412305
0.16252169
0.079564169
0.02374031
0.079880625
-0.0029041751
0.071355335
0.070844516
-0.23209478
-0.045912284
0.046527646
-0.061661825
0.048273087
-0.00067983271
-0.097476237
-0.045204796
-0.065408781
0.14647691
0.08282122
-0.10651699
0.025650401
-0.02860618
-0.19646457
0.11915623
0.079434149
-0.010230789
-0.15274809
-0.18850374
0.14936632
-0.088910736
-0.061465058
0.1698727
-0.27365741
-0.11440024
-0.115846
0.048796047
-0.027849661
-0.13363095
0.036876235
-0.045543153
-0.15077464
0.18428838
0.039747022
-0.21941006
-0.014461053
0.0021083502
0.089988224
0.022327179
0.089073539
0.10396981
-0.06076197
0.080459155
-0.030721318
-0.23829922
-0.12114789
-0.17802326
-0.012677326
0.035887029
-0.0012840705
0.026367351
0.024592897
0.035369206
-0.078997836
-0.18842615
0.1285414
-0.084386125
-0.11131545
-0.13509209
-0.19456112
-0.12334251
-0.17837378
0.03981559
-0.051449377
-0.097216874
0.074612156
-0.0082166474
-0.075017296
0.036053631
-0.036763448
-0.12354612
0.037967354
-0.041865371
-0.14481309
0.16876684
-0.016132884
-0.0066027329
0.13963483
0.11643478
0.083097465
0.030908687
0.021201389
-0.13795722
-0.0061910539
0.0053660916
0.061197847
0.048998989
-0.02130316
0.23467016
-0.14463513
-0.10861313
-0.057404503
-0.040255804
0.023847435
0.084073581
-0.18971696
-0.06128899
-0.067242011
-0.093221612
-0.2091745
-0.059076868
-0.026647165
-0.077524953
0.14917621
-0.024671571
0.040615659
0.18114622
0.044058416
0.029054128
-0.029793572
0.0079091126
-0.07891421
-0.16935849
0.048937988
-0.11091735
-0.011161879
-0.017515607
-0.15663692
-0.24378429
0.022261523
-0.12414014
-0.20526437
0.31466955
0.11116031
0.029739013
-0.099554673
-0.1063282
-0.051979356
0.0818296
-0.0076545272
-0.14390974
0.074730061
-0.095255367
-0.17845756
0.24000832
0.0095738107
-0.29820034
0.030668851
0.03216124
0.049714252
0.036155548
-0.0018094541
0.11392406
0.068623222
-0.13545179
-0.0053641768
0.079257481
-0.087601647
0.087766007
0.21416287
0.10428625
0.31800658
0.01016519
0.030019993
0.054790072
0.0090323752
0.065800987
0.085842706
-0.038327366
-0.023318831
-0.067931876
-0.21454404
-0.017448407
-0.11306886
-0.098210096
-0.0098893512
-0.089673661
-0.10757823
-0.039073363
-0.064925
-0.14153723
-0.07807155
-0.11853235
-0.15358567
-0.073861495
-0.064530507
-0.094104797
-0.021708952
-0.076093726
0.074868642
0.064298928
0.43264732
-0.080556571
-0.19559531
0.15766348
-0.057813346
-0.12191097
0.25787151
-0.11636634
-0.16167662
-0.15703101
0.011767862
0.07028611
0.04970897
-0.013353584
0.067096233
0.00088219513
-0.10466238
0.050406918
-0.044046171
-0.042503964
-0.015752278
-0.0047587613
-0.11351375
-0.0020932902
-0.11193685
0.073247753
0.099932782
0.20403418
0.0024831612
0.047187079
0.10406098
-0.21762761
-0.19068931
-0.14969803
0.0063841841
-0.029089041
-0.045213766
-0.042283621
0.027794063
0.018301476
0.035777424
0.10488775
0.10159928
0.11186214
0.011376552
-0.0090196654
0.058859933
-0.0011462127
-0.034276247
-0.027662102
-0.010945827
-0.042073224
-0.027212456
-0.083376914
-0.05277415
0.019916691
-0.0039497735
0.023597023
0.027032644
-0.0085503273
0.026709067
0.060498171
0.015382154
0.040032316
0.12111365
0.052267112
0.017094279
0.096993499
-0.0028562467
-0.090904489
0.1340317
0.053560186
0.087966315
0.037033543
0.036864202
0.042553294
0.030425088
0.010852503
0.01374599
0.040250432
0.042816885
0.089996293
0.070548236
0.023778219
0.025571078
0.076885223
0.0014533799
0.024765635
-0.12188539
-0.022878127
0.10152599
-0.089041114
-0.038826916
0.023302596
-0.11003128
-0.062159695
-0.030990329
-0.090194233
-0.0955512
-0.13050009
0.084700249
0.036460485
-0.020650884
-0.097470693
-0.018375579
0.058219623
0.20164233
0.050942041
0.0024417995
0.19145507
0.027942801
-0.051623844
0.17246225
0.072603039
0.017028119
-0.094371282
-0.051814441
-0.052236851
-0.031952359
0.018929282
-0.040602487
0.040653478
0.043549996
0.026937306
-0.022331802
0.0065915384
0.0092358775
0.014743013
-0.038773563
-0.0041491687
0.047004398
0.010845149
-0.01265971
0.008790887
0.0108272
0.044400949
-0.010976337
-0.024758859
-0.015554367
0.032296505
-0.025017323
-0.057755671
-0.014854511
0.046219964
-0.056513976
-0.051044725
0.019863881
-0.062690996
-0.10618825
-0.067795672
-0.13263014
-0.00017135387
-0.042369936
-0.085553147
0.056233138
0.021339078
-0.032070242
0.057698227
0.050636034
0.02544911
-0.032361362
-0.14831336
-0.12214056
-0.0074280263
-0.087961286
-0.069833934
0.11042687
0.0027661901
-0.0055006915
0.12619849
0.038238816
0.062473804
0.045918375
0.0031126409
0.0041214661
0.060440172
0.016908396
-0.011544626
-0.0060566477
0.063811526
-0.049641106
0.0080989394
0.10777386
0.0031615964
0.028535798
0.074112751
0.011797473
-0.027128981
-0.0037571008
0.048259139
-0.026098585
0.011157469
0.040402416
-0.011808585
0.0379797
0.11323523
0.15051006
0.0011151271
-0.0071119377
0.088701516
-0.042758465
-0.038169738
0.0065506706
-0.0078472942
-0.042063829
0.035576146
-0.01152146
0.005366982
0.0097929416
-0.052930743
0.011575022
-0.047657304
-0.047523174
0.042415291
-0.063209228
-0.048115503
-0.020735232
-0.063862436
-0.075137563
-0.054088008
-0.0082403682
0.011840888
0.062424414
-0.012929413
-0.10103481
0.035993587
0.011786231
-0.052341405
0.040557381
0.12439559
0.072494164
0.14565821
0.066031657
0.087554641
0.077071898
0.015764337
0.016142262
0.048214503
-0.036582246
-0.068495147
-0.068597168
0.17090766
0.046824925
0.01278103
0.084234551
-0.041245434
-0.050244309
0.10715779
0.0084809437
0.047752727
-0.0043581985
0.024139518
-0.035532419
0.10895358
0.042355549
-0.068791769
0.13494956
0.037693128
-0.044311993
-0.16166641
-0.090492308
-0.063878343
-0.080766596
-0.025460111
-0.052663933
-0.14632535
-0.075685173
-0.090954252
0.010437471
0.087455779
0.022794865
-0.0021046654
-0.0219892
-0.0048962338
0.01113387
-0.057292104
0.010732783
-0.014433898
-0.041563518
-0.046078023
-0.00065229385
-0.059217904
-0.0040485482
-0.10260776
-0.065670326
0.039341126
-0.02709309
-0.011627152
0.02133166
-0.02011371
-0.013571666
0.007222347
0.096638918
0.085937329
0.039493706
-0.024956604
0.02063911
0.089377359
-0.013545842
-0.011575501
0.013572178
-0.050709885
-0.038238946
-0.035687245
0.059136931
0.11715186
-0.051231276
-0.052640021
0.065647647
0.069275357
-0.0072136796
0.11358082
0.12337852
0.17754082
0.074527077
0.011764684
-0.0064929221
-0.024621887
-0.054354616
-0.052347992
-0.027626283
-0.01973621
0.025245808
-0.008187592
0.022358852
0.084307849
0.022128681
0.023265546
0.13783979
0.068349533
0.033012953
0.23077118
0.18394154
0.0036370812
-0.062833093
-0.073706947
0.068847664
0.084734209
0.0060153697
0.17159331
-0.20278826
-0.037646916
0.025930518
-0.22292624
-0.03674718
0.020116549
-0.01618515
-0.021186763
-0.043958273
0.26862442
-0.14834693
-0.2837624
0.16105944
0.040832363
-0.065416716
-0.090472482
0.01525531
-0.13451512
-0.065563485
-0.10306271
-0.021018488
0.064827941
0.022963027
0.029927645
0.024126476
0.044888429
0.043748464
-0.052164435
0.033499986
0.070046276
-0.16958162
-0.10373057
0.015991505
-0.0071347039
-0.0024927852
0.038894851
0.084070154
0.13628234
0.066043206
-0.06164502
0.035478577
-0.037409995
-0.23654529
-0.023758771
-0.0041274065
-0.20235126
-0.08599887
0.26432538
-0.23290578
-0.1321214
0.13843977
-0.09093155
0.044105478
0.25914606
-0.074946739
-0.12312374
-0.38633546
0.032103941
0.098294519
-0.035240691
0.17256548
0.024741115
-0.022025928
-0.13099092
-0.13936962
-0.011298896
-0.050683375
-0.10633522
-0.040150542
0.070010543
-0.025171226
-0.072296068
0.088473953
-0.15574901
-0.045251597
-0.012916175
0.0023043102
0.011340003
-0.014542006
0.022213915
-0.0069494732
-0.0098524932
-0.028866362
0.030048685
-0.073592894
0.026542764
-0.0071074176
-0.16983944
-0.027696405
-0.17820874
-0.060542159
-0.044363387
0.16984567
-0.021650845
0.039986886
0.028015267
0.083661556
0.041881755
0.033909205
0.11479469
0.037915859
-0.029105268
0.10377783
-0.01220596
0.066590309
0.34993941
-0.004126369
-0.056620229
-0.22630756
-0.068705
-0.1658852
-0.17311388
-0.060229402
0.022542497
-0.19764586
-0.066045024
0.011395033
-0.21585406
-0.15940167
-0.18210845
-0.032746926
-0.067315407
-0.058047011
-0.076558322
-0.087756634
0.071477577
-0.058221951
-0.036709763
0.15264899
-0.056962512
-0.10959379
0.1212629
-0.11506072
-0.26160985
0.02067982
0.15189821
-0.027819926
-0.046014156
0.0067895474
-0.0086452244
0.06141074
-0.0093272384
0.055243589
0.10955809
-0.068739519
-0.14896241
-0.1178779
0.26624957
-0.047942478
-0.24834433
0.29219654
-0.030051241
-0.36662215
-0.20146927
-0.28635517
-0.038814727
0.075243965
-0.123813
-0.13096364
0.2592023
0.075312838
-0.19783071
0.014470379
-0.065739214
-0.10633079
0.050556265
-0.066854827
-0.05775518
0.095607184
0.066707022
0.078303166
-0.16661423
-0.093769319
-0.034614418
0.062305152
-0.014997763
0.040380273
-0.092683397
-0.23061486
-0.15021856
0.067603394
-0.027240349
-0.08453121
0.095236711
0.013767724
-0.040670775
0.029251054
0.02570159
-0.11812013
0.24735731
0.093192637
-0.09507408
-0.11634279
0.032405511
0.065921664
-0.13112032
-0.07867568
0.060797416
0.15623806
0.089047618
-0.031370837
-0.10829046
0.063091882
-0.042466842
-0.23385468
-0.088009499
-0.23758186
0.15796499
-0.020234579
-0.093182027
0.1090759
-0.056087464
-0.10073483
0.16861893
-0.026300296
-0.011659679
-0.1141246
-0.12656429
0.069757089
-0.021831246
-0.077117667
-0.030649049
0.048954975
-0.052381929
-0.052557424
-0.027921841
-0.11795703
-0.25476801
0.087730795
-0.036479831
-0.073960558
-0.044120181
-0.076368153
0.03666915
-0.098872662
-0.13058142
-0.076508172
-0.039596081
-0.01942813
0.019914322
0.060528155
0.0064623221
-0.044439364
-0.022549884
0.045865867
-0.040819872
-0.027287146
-0.021928249
0.01263043
0.15500493
0.050050221
-0.14535265
0.017518325
0.020226926
0.23023561
-0.094345026
-0.17217934
0.044131901
-0.084329791
-0.19965808
0.22130716
-0.083677001
-0.1811057
-0.24304906
0.019152001
-0.05797274
0.0036388214
-0.072819129
-0.11866622
-0.036831565
-0.030060755
-0.069261
-0.060417946
-0.12609053
-0.09173397
0.13446902
0.068067759
-0.029330868
0.18353482
0.10508754
0.018082842
0.080228932
-0.011933328
0.010196879
0.017562281
-0.088770628
-0.00060170359
-0.020788839
-0.035998356
0.0257446
0.065204188
-0.054200791
0.002092628
0.038084447
0.030342076
0.094962895
0.12210854
-0.14309245
-0.083751827
-0.09835954
-0.0087526552
0.035948925
0.058972649
0.073209129
0.0071477969
0.064309977
-0.055237576
0.022810746
-0.027632765
-0.054379102
-0.0095034074
-0.057781819
-0.082818359
-0.1031786
-0.15536486
-0.016465036
0.041639067
-0.010868487
-0.056159608
-0.015977757
0.0055175684
-0.12260517
-0.039401893
0.020409865
0.019204725
0.012605585
0.068552695
0.0059085148
-0.025314452
0.055667102
-0.025800509
-0.052005511
0.086116076
-0.0505317
-0.015053677
-0.068600804
-0.013877267
0.019397557
-0.043378104
-0.015906351
-0.026710644
-0.081620522
-0.012819762
-0.016644828
0.055950765
0.011503408
0.024828877
0.019523887
-0.036545984
0.0091845943
0.018318493
-0.094670646
-0.12854522
-0.086845011
-0.05422109
-0.034858666
-0.018740378
-0.09537176
-0.034228478
0.011421732
0.058055572
0.040341865
-0.046909805
-0.021416193
-0.010326804
-0.030131169
-0.03439872
-0.025468774
-0.011307984
-0.01937343
0.043469109
0.13801154
-0.046555098
-0.055144429
0.030855749
0.038344741
0.018241907
0.14390299
0.0097825648
0.02089699
0.025088357
0.041035336
0.040393226
0.064928681
-0.025167814
-0.031190839
0.038798153
-0.026121549
-0.0013061
0.060789116
-0.039440226
0.0053131725
-0.032729365
-0.033380624
0.0079268217
-0.017621858
0.0039841565
0.037004258
-0.0034349083
-0.021167057
0.052025188
0.024488198
-0.038821429
-0.022980211
-0.007190431
-0.010090586
-0.10779129
-0.069498494
0.083825566
-0.012952981
0.01346746
0.080207765
-0.0057394933
0.0083961096
-0.15671426
-0.12820365
-0.14322992
-0.017066749
-0.023447193
-0.078814037
-0.062432855
-0.043928977
-0.054893948
-0.063917138
-0.053762432
-0.044698946
-0.087513246
-0.067886196
0.0006502787
-0.0059103249
-0.013705403
0.03346172
-0.11347062
-0.13980182
-0.16436698
0.035682935
-0.028956069
0.029666444
0.075141445
-0.043358043
-0.028924398
-0.068320751
-0.011927271
-0.0095327189
0.016655009
-0.018044252
0.048705038
-0.007352035
-0.032244418
0.056955043
0.11562651
0.055014957
0.091605
0.11754593
-0.027380915
-0.0067025679
0.10361204
-0.028307401
-0.035411086
0.22739379
0.059855901
0.23281081
-0.016769407
-0.14533781
0.0022004477
0.11208723
-0.0245053
0.12797171
-0.10997315
-0.067410454
-0.029149501
-0.0016407585
-0.0037822602
-0.065562971
0.0069714608
0.14083675
0.0042266031
-0.0758745
0.043103971
-0.0095314896
-0.039995138
0.031116117
-0.0081018964
-0.07187061
-0.0052622478
0.0085137328
0.042643826
-0.060279369
-0.01930196
0.036137454
-0.029557116
0.0082406942
-0.010624887
-0.018222483
0.071896568
0.011675579
0.037293747
-0.032392848
-0.020477077
0.0188115
-0.050845332
0.072334476
0.066299386
-0.0098566553
0.029481532
0.040676996
0.11400376
-0.0059530726
-0.06730637
0.092024527
0.010470045
-0.093314454
-0.041055463
-0.033460338
-0.015701447
-0.0099924291
-0.036939867
0.068685643
0.03207339
-0.0031440028
0.089128144
0.050587967
0.035271522
-0.028528154
-0.083946869
0.061543129
-0.0095236627
-0.066211626
0.09883038
0.014678629
-0.06777294
0.11625488
-0.006769367
0.05284369
0.051022206
-0.048226077
0.079988733
0.16086298
0.026449982
0.12514818
0.056842893
0.057977624
0.082429759
-0.022412337
0.013966821
0.04410436
-0.011527549
-0.0010147233
0.010839305
0.037713427
0.020555107
-0.10491587
0.041211348
0.069383077
-0.0044702287
-0.076035477
-0.014323005
-0.013812589
-0.030521719
0.025565403
-0.042567696
0.013862374
0.048862927
0.030243741
0.035607398
0.041868608
0.01256483
-0.033379856
0.067414664
-0.023138491
-0.13108967
-0.17967701
-0.17197914
-0.084821798
-0.058921702
-0.11251314
-0.19799389
-0.058990873
0.077359051
-0.063749135
0.03438912
0.045248277
-0.17369613
0.03624991
0.088694319
0.070991203
0.046125129
0.068727352
-0.093337387
-0.18310606
-0.052919105
-0.11727609
-0.17975762
0.035871081
0.028346514
-0.035220578
0.0075838831
-0.10778851
0.054670326
0.065062307
-0.079588853
0.014182002
-0.060816616
0.0090490598
-0.01969845
-0.057762273
-0.042015068
-0.11290306
-0.12383425
0.18280342
0.087522507
0.024027843
-0.10145058
-0.013916667
0.10077983
-0.083169326
0.056428362
-0.030110972
-0.087205715
0.063932143
0.012522729
0.17442006
0.061029315
0.12137748
-0.053358071
-0.014001425
0.099763066
-0.19929878
-0.094513781
-0.076325059
-0.27618223
-0.12256007
-0.14027154
-0.32327229
-0.11336711
-0.18291335
-0.090722166
0.066417255
-0.13585134
0.040879034
0.14095233
0.054660212
0.084439024
0.023594001
0.057846922
-0.11084738
-0.12010409
-0.061012898
-0.13033612
-0.10503355
-0.19223841
0.051057257
-0.093704179
-0.039062098
0.1190123
-0.052027043
-0.089703783
0.089405864
-0.045256492
0.019039178
0.10172582
-0.036576003
-0.0099727819
-0.084280305
-0.053452082
0.10678506
0.050721273
0.025646664
0.042000752
0.0019155157
-0.053293806
-0.01258681
0.072580814
0.051990274
0.091690823
-0.10069335
0.035481285
-0.023663208
-0.17808279
-0.057006758
-0.069160149
-0.17985117
-0.040323462
-0.02698626
0.08756686
0.0096839126
-0.090594254
0.013184056
-0.0056860964
0.070134141
-0.012811269
0.026245264
-0.016437449
-0.21654683
-0.083848871
0.11923869
-0.21314546
0.0043363692
0.11751325
-0.19776101
-0.0075337077
0.0053582164
0.11135449
0.017529508
0.0065524871
-0.069412738
-0.1077964
-0.077373847
-0.045473367
-0.11998125
-0.089168601
0.087654926
0.11462916
0.14460871
0.075977631
0.028159941
-0.065472811
-0.1825217
-0.13930568
-0.097599536
0.04863511
-0.038683586
-0.0033585534
-0.12389275
-0.063175812
-0.017507274
-0.14418828
0.023209812
-0.032626353
-0.07405448
-0.077869572
0.080086909
-0.041225687
-0.014730476
0.036262982
-0.070714556
0.0092710396
-0.025171729
-0.21305355
-0.099147521
-0.10922115
-0.10708526
-0.045129832
0.027225152
-0.094181724
0.060016021
0.084775351
-0.22926114
-0.15163454
-0.044100322
0.017417595
0.068527639
0.087590024
-0.16240363
-0.11722942
-0.10009333
-0.063877665
-0.083400913
-0.075713404
-0.11989082
-0.055113602
-0.023398532
-0.067289747
0.059641987
-0.010806454
0.31929395
0.046609245
0.14890005
0.30375102
-0.18311112
0.059276577
0.14927311
-0.11087047
0.15552416
0.065689959
0.12758148
0.20396501
-0.050535101
0.010599974
0.091399461
-0.033650629
-0.054429092
-0.00040082869
-0.0362918
-0.044538442
0.06517791
0.023268543
0.054886818
0.0914708
0.066002928
0.055738188
-0.017552255
0.012069494
0.065105647
-0.17121628
-0.11160314
-0.081671722
-0.22793294
-0.21166898
-0.13259907
-0.10137885
-0.089457229
-0.086886212
-0.0093249111
-0.054519866
-0.039246473
0.035767734
-0.17223459
-0.10564382
-0.20518342
0.035031166
-0.035435639
-0.07917095
0.12095454
-0.013078492
0.015712768
0.022745626
0.0067760018
0.074707478
-0.096995704
0.084517322
-0.0045945104
-0.12762751
-0.16126715
-0.18126471
0.18679211
0.029798739
0.074753515
0.024317784
0.020801729
-0.021579754
-0.13326731
-0.11432212
-0.043048244
0.060801961
0.048818778
0.060700167
-0.076152861
0.0027238047
-0.15725124
0.030890508
0.025148986
-0.080627434
0.20199302
0.16854668
0.030514186
0.0028211069
-0.048790023
0.060801689
-0.093452282
-0.090274237
0.029576182
-0.18434329
-0.11430383
-0.10065965
-0.13870032
-0.05901495
0.11627641
0.050719138
0.076390646
0.0080857472
0.047848716
-0.051106211
-0.025346292
-0.10717009
-0.025582273
0.0063148583
-0.02241406
0.0096006515
-0.0024358276
0.083974749
0.1603967
0.19647273
-0.033590496
0.043268375
0.34107998
0.0071050837
0.028482078
0.092559487
-0.042832121
-0.14634591
-0.10319191
0.081814662
0.06948711
-0.046966419
-0.01063879
0.020988978
-0.014977071
-0.12088033
-0.052292988
-0.064955488
-0.0093727587
-0.028614726
-0.094291151
0.077541903
0.018154046
-0.036927756
-0.0047079041
-0.10571029
-0.069802955
0.045085959
-0.069347881
-0.00054541195
0.019814175
-0.071989901
9.5799907e-05
0.0076007834
-0.071197502
0.045603614
0.20786642
0.10268673
0.012092158
0.04724811
-0.025109259
-0.061039288
-0.01530599
-0.080105782
-0.16020566
-0.049037822
-0.11902937
-0.024882212
-0.082320981
-0.11130842
0.12322976
0.14540288
0.051056858
0.15599215
0.04160817
0.11895278
0.059102152
-0.015029614
0.034637727
-0.05335271
-0.059058916
-0.035067152
-0.13109386
-0.0039271042
-0.051588699
-0.052673668
0.073416777
0.048465513
-0.081213839
0.08931867
0.21571708
0.062938303
-0.18003784
-0.16770712
-0.082741022
-0.05895162
-0.07838349
-0.023595002
0.13020459
0.093210086
0.27385882
-0.08086399
0.029704826
0.099975228
0.005448563
0.016468339
0.077392325
0.084553711
-0.032364417
0.0409883
0.075342037
0.0022730939
0.057450432
-0.034864835
-0.012552574
0.04726208
-0.0017273788
0.023437085
0.13229761
-0.11918408
-0.16672991
-0.072971329
-0.041698456
-0.026738914
0.03245661
-0.023114292
0.10917481
0.11251161
-0.053937126
-0.12255859
-0.010008246
-0.055981237
-0.018736966
0.063008912
0.03605248
0.0035971662
0.031990148
0.055320814
0.064197317
0.034989867
-0.007149321
0.073926419
0.13080454
-0.067842454
-0.12016728
-0.025241354
0.18361419
0.085382789
0.077591516
0.026098479
-0.12634313
-0.12845352
0.077379972
0.037686564
0.09529046
-0.0018011192
-0.041364864
-0.0391117
-0.10569956
-0.10847066
-0.012454451
-0.13372763
-0.024356913
0.078948744
0.16983443
0.092952654
0.18938844
0.020845396
-0.078695066
-0.024252532
-0.053455438
-0.15910789
-0.057026524
0.068054318
0.026032573
0.065521538
0.050888363
-0.029116817
-0.03958606
0.16118293
0.0049669025
0.035984043
-0.063550375
-0.0979302
0.12710972
-0.090610258
-0.12736028
0.0159261
-0.12828824
-0.13748933
0.037918791
-0.065689929
-0.027102983
-0.10241325
-0.14885537
-0.037178744
0.021851936
-0.0896025
-0.016648741
-0.01842864
0.0596972
0.048903707
0.083741814
-0.049831796
-0.10182429
0.092486881
-0.030736791
0.074449748
0.19296953
0.093834698
0.072316185
0.12806951
0.038764961
-0.030767541
-0.043901071
-0.11423611
-0.12941718
-0.13362442
0.077824004
-0.017816247
0.0016975413
0.057220344
0.014094365
-0.021598568
0.073551558
-0.0098680975
-0.05555734
0.031799063
0.056384642
-0.073079772
-0.023819245
-0.046713281
-0.099261105
-0.0080741756
0.0021102719
0.043305054
-0.070703045
-0.11413446
-0.14372715
-0.046052888
0.016374897
-0.016372515
-0.074832462
-0.025373168
-0.078681044
0.061060265
-0.049126204
-0.06182532
0.056540456
-0.036146622
-0.06114617
0.12057167
0.034635536
0.055223532
0.10646688
0.026177131
0.11151142
-0.027425315
-0.11997892
-0.045691013
0.043980334
-0.12230792
-0.047621712
-0.10026553
0.072765119
-0.058922697
0.11583497
0.02003938
-0.059289001
-0.012698646
-0.049653627
-0.010626787
-0.0037210449
0.021319421
-0.013202612
-0.027172588
0.05939503
0.016914047
-0.090218596
0.013695701
-0.047741614
0.08246237
0.011912905
-0.035873882
-0.041848227
-0.07225164
-0.0037595544
-0.087152012
0.029256023
0.015821898
0.093307182
0.049634364
0.12283578
0.090540752
-0.07019788
-0.029390091
0.10474534
0.055251446
-0.044302579
0.11694761
0.042156629
-0.11471372
0.057298567
0.031694207
-0.13306853
0.043635741
0.04179721
-0.067009315
-0.11190421
-0.15304792
-0.079805672
-0.054391865
-0.0845998
-0.10649219
0.022858726
0.10160363
-0.13458215
-0.0017765128
-0.0027564426
0.034895137
0.058248211
-0.027159588
-0.030881047
0.028541831
-0.054313257
-0.031791665
-0.10530228
-0.014674555
0.0028816711
-0.087044865
-0.054659884
-0.043953739
-0.12782085
0.061291777
0.057144873
-0.060733851
0.0059072743
-0.15837875
-0.15554649
-0.021886589
0.034400139
-0.17314491
-0.021253012
0.047872033
0.10769039
-0.026573477
-0.10621513
0.076819927
-0.085154146
-0.097240545
-0.020194393
-0.034381371
0.011170243
0.51094192
0.090573736
0.064039603
0.064045057
-0.055881735
-0.12553369
-0.20602413
-0.32223597
-0.32452768
-0.14759414
-0.020191049
-0.063584588
-0.011829696
0.077659175
-0.02282048
-0.017616143
-0.05757311
-0.21239051
0.0035836808
0.20187016
0.061719887
-0.11736217
0.00029386708
0.16084972
-0.0033131971
-0.039254237
0.023123972
-0.11565909
-0.002933901
-0.15589532
-0.030375756
0.045996848
-0.039397873
-0.099537067
-0.016988559
-0.028184151
-0.026184475
-0.12873633
-0.10860231
-0.028212806
0.051921792
-0.014029852
0.042633783
0.078199558
0.13955149
0.056343272
0.075760901
0.10377503
-0.10357017
0.0075244526
0.086023457
-0.14168875
-0.085645095
-0.1100226
0.089721456
0.18003115
0.020864327
0.049222201
-0.032017265
-0.095471509
0.16601287
-0.015973026
-0.23254025
-0.034474585
-0.19006518
-0.19026352
-0.052451856
-0.12563492
-0.16436444
0.077454552
0.026899593
-0.041540455
0.088728495
0.0052162991
0.053034414
0.21313687
-0.08126469
-0.10433983
0.26401785
0.04668263
-0.16578555
-0.013107247
-0.080575727
-0.064235248
-0.082891777
-0.0016229976
-0.018738816
-0.058981247
0.04036108
0.11826673
0.11149824
-0.15410566
-0.21797314
0.13535339
0.051277
-0.036372285
-0.0019694685
-0.001628986
0.00024940772
0.04412536
-0.0486186
-0.29636747
0.13749111
0.19579618
0.003236765
0.089473315
0.16230388
0.24407843
-0.1081482
-0.022568906
-0.036559183
-0.022708479
-0.10083939
-0.079936936
-0.0025227179
-0.0030046676
0.030744269
-0.0002398893
-0.049940303
-0.11953574
-0.033169787
-0.044736724
-0.081768259
-0.16431229
-0.10375624
-0.14513002
0.11884361
0.054324172
0.19340636
-0.094364807
0.018159121
0.17064394
-0.095569834
-0.080518596
-0.045444313
-0.061041344
-0.18916966
-0.21573178
0.04139195
-0.13379158
-0.21107455
0.1725563
0.15535517
0.11350565
-0.12032045
-0.15444867
-0.3775228
0.095585562
0.014319578
-0.20902288
0.13416573
0.1100053
0.20032367
0.06950479
0.06822174
0.15666942
0.043212287
-0.02567284
0.042164326
0.063008979
-0.02125679
0.091510698
0.002193328
0.054838177
0.046585504
-0.017812643
-0.052248769
-0.10648429
0.10964739
0.035008829
-0.17634721
0.064688504
-0.081621237
-0.082474269
-0.012856049
-0.065502979
-0.097040281
-0.04754243
0.01178285
-0.046411499
-0.097915724
-0.051631983
0.087033942
-0.11005205
-0.060366541
0.056939907
0.0097101144
-0.0599702
-0.031748388
-0.022977205
0.060750924
-0.058793716
-0.11736849
-0.12914145
-0.04709648
-0.068548985
-0.072880834
-0.13556705
-0.071494199
-0.019614974
0.079482637
-0.15949728
0.0066165831
0.1225441
-0.23986958
-0.06846109
0.040541038
0.025749492
0.066527188
0.054202095
-0.067797996
0.022726165
0.14574845
-0.18254089
-0.1979133
-0.040801831
0.075231902
-0.047083199
-0.088450119
0.13809423
-0.12335198
-0.15627936
0.019165622
-0.066229731
-0.019591169
0.099758931
0.02339641
-0.05895137
-0.028303929
0.080328196
0.095017202
0.00021170547
-0.026886635
-0.0026267846
0.046508793
0.06244953
0.08114294
-0.04086715
0.052014779
0.12231728
-0.19195317
-0.043857139
0.10687992
0.046475541
-0.043317221
-0.04280467
-0.15960406
-0.19195713
-0.032102976
0.077812538
-0.015517484
0.25933468
-0.091585577
-0.12079254
-0.069459401
0.089702062
-0.022871472
-0.038538776
0.027840555
-0.063101277
-0.12347467
0.10682573
-0.01023414
0.093909293
-0.1634917
-0.11975911
0.048943527
0.00021988591
-0.10558621
-0.067309827
0.16226289
0.0051838267
-0.060980644
-0.12202015
-0.15327735
-0.14925811
-0.03227023
-0.069956496
-0.097738124
0.2383633
-0.019272113
0.22033034
0.10218786
-0.030148095
0.13629524
0.22045976
0.18025646
0.19448644
0.094501168
0.0054922425
-0.12959494
-0.023267081
-0.072374813
-0.15717711
-0.044845283
-0.0045959866
0.094957329
0.069887862
0.064221546
0.11193648
0.12222017
0.13318934
0.19524422
0.14774249
0.14198016
0.089714043
0.092943303
0.054787684
0.06840007
-0.09173692
0.023982644
0.0010831186
-0.063185073
0.064587563
0.011179236
-0.043939799
0.1441323
0.035086822
-0.12683558
0.071668245
0.004120111
-0.19262925
-0.04085689
-0.061094571
0.16283818
0.10543931
0.15987508
-0.0092424778
-0.0034795366
-0.05866725
-0.0049236449
0.053578679
-0.16087897
0.14203759
0.058745731
-0.24285065
0.020861762
-0.10448436
-0.21002357
0.10888178
0.07280872
0.05783933
0.10213187
-0.12436677
-0.23918234
0.090934746
0.020408502
-0.13992886
-0.00070820941
-0.032466568
0.075163506
0.043768603
-0.019078357
-0.13869819
0.074857891
0.058261704
0.0027907852
-0.060767863
-0.055132564
-0.05362561
-0.069110014
-0.13721971
-0.15793753
-0.082878895
0.018543372
-0.025947761
0.10442662
0.089196764
-0.083880894
-0.13098814
0.019642724
0.067906849
-0.027876873
-0.036293712
0.020464489
-0.017111545
-0.069795355
0.077444583
-0.0072858203
0.026187774
0.049753249
0.044981893
-0.017680721
-0.094523825
0.10310037
-0.087244622
-0.20812991
0.13432553
0.093892507
0.3400301
-0.067313626
-0.061314821
0.056375302
0.057315648
-0.0080103744
-0.023058452
0.033287134
0.03031997
0.04636417
0.03002267
-0.038573511
0.01895844
-0.042837113
-0.018178469
0.0046858783
-0.058045972
-0.097256765
-0.15888818
-0.026933383
-0.066744097
-0.053135335
0.040246736
0.0051950556
-0.013156947
0.027129939
0.032215677
0.053458497
-0.024833474
-0.031087359
-0.12335967
-0.21767326
-0.019917646
-0.055772625
-0.25249255
-0.043158557
-0.1429625
0.016962733
0.056173366
-0.012738298
0.083735973
0.018969513
0.094674543
-0.24267447
-0.17894703
-0.10543909
0.026087554
0.049284525
0.081828766
-0.025082851
-0.0018415818
0.11064331
-0.29381767
-0.39401126
-0.13967901
-0.098028667
-0.069120087
0.17551103
0.088239796
0.1466206
0.28233105
0.04685716
0.027290938
-0.097747214
0.050120026
0.15192184
-0.040289447
-0.069073185
0.0084302081
-0.03000634
0.055506054
-0.084620088
0.061648786
0.044890512
-0.063799165
-0.018843247
-0.051736988
-0.16998595
-0.20486686
0.058937233
-0.045638967
0.0040228949
0.15838784
0.031579681
-0.028920829
-0.01539052
0.068096399
0.061098911
0.13822757
-0.044798058
-0.18627438
-0.12465277
-0.12943988
-0.035129394
-0.1797827
-0.068517447
0.023835702
-0.081441261
-0.027429495
0.086335056
-0.084500112
-0.058848776
-0.19178279
0.13451727
0.1086396
-0.19446956
-0.013697176
-0.081994727
-0.075724795
0.043323811
-0.10353544
0.0099708848
0.10099602
-0.0080094207
0.048263349
-0.01620305
0.0083153974
-0.011861009
-0.025030352
-0.050126422
0.0044734809
-0.076046064
-0.015560862
0.13538623
0.056207992
0.010426859
-0.15012993
-0.085605398
0.0037601367
-0.090688236
-0.069408633
-0.003333644
-0.081052177
-0.21295765
-0.11018448
-0.041888449
-0.093523182
-0.017945103
0.019013088
-0.096386261
-0.012281556
0.14503425
-0.004335722
0.10561895
-0.019152174
-0.06949427
-0.024311014
-0.27354106
0.17993215
0.059861071
-0.2332281
-0.019821456
-0.065328494
-0.060381062
-0.02674265
-0.12344427
-0.11200653
-0.062641092
-0.09447173
-0.042090837
0.03967049
-0.0044345432
-0.14625041
0.02227073
-0.10638591
-0.093878098
0.019596169
-0.028319599
-0.066393636
0.060704917
0.088928372
0.17734784
0.055758208
-0.016053157
0.054692544
0.056012038
0.03516477
0.22113454
0.048929118
-0.026178407
0.01882441
-0.040547997
-0.02609094
0.1743875
-0.052380692
-0.087409347
0.051222365
-0.075769447
-0.0839286
-0.059485205
0.024055291
0.0095786694
-0.15748584
0.13809822
0.095731772
-0.16553067
-0.037951447
0.037022416
0.018372184
-0.11901162
-0.12685902
-0.033440769
0.075160436
0.017047575
0.062665775
-0.025158782
-0.0062325643
-0.038798727
0.010345755
-0.032052506
-0.079911865
0.037316434
-0.065141991
-0.091491252
-0.05919696
0.008190616
0.19624713
-0.011720514
0.013776967
0.13214943
-0.10659806
-0.078795716
0.018745381
-0.10289495
-0.064141199
-0.0036213694
-0.06091819
-0.031774428
-0.014333877
-0.047809899
-0.0078737848
-0.044733096
0.11345597
0.0079527525
-0.012147527
0.021785559
0.021170313
-0.024256807
-0.024476565
0.017298948
0.044247746
-0.19354266
-0.051932387
-0.09789782
0.012105918
0.085805796
0.050577898
-0.029398628
0.14030589
0.0022878479
-0.018119305
0.045779541
0.030329512
-0.11739752
-0.063030533
-0.081003711
-0.054989345
-0.024381481
-0.015437111
-0.11463226
-0.037477903
-0.0010908658
-0.13536458
-0.070533812
-0.017352652
-0.018748043
-0.015109856
0.13421288
0.012926265
0.065322623
-0.10072388
-0.043225639
0.094989039
-0.083024085
-0.017106183
0.036303177
-0.072462738
-0.043987446
-0.041115955
0.056695018
0.014221593
0.034441929
0.12239388
-0.24482149
-0.096067011
-0.040138215
0.11525604
0.12317218
0.1156105
0.025798738
-0.073559217
-0.13767797
0.030872161
-0.13717593
-0.19998881
-0.013416505
-0.029186534
-0.10750374
-0.010302782
-0.038167723
-0.038427308
-0.12453911
-0.058582634
-0.075690225
0.0083134575
-0.051182367
-0.021456415
0.0040860157
0.012376833
-0.0091933813
-0.081473641
-0.022544662
0.059077151
0.18492025
-0.069616653
-0.089147225
0.11440499
-0.093409456
-0.081069566
0.28009599
-0.089653559
-0.12800112
-0.077011749
-0.0092319343
-0.0058294325
0.18635929
0.00033892665
-0.064541712
0.17369917
-0.024623591
-0.15329243
-0.10275796
0.0090223495
0.069744974
-0.062777311
0.03612902
-0.03570791
0.00051374006
0.12424711
-0.13278428
0.0049820617
0.0099226255
0.03686294
-0.091034025
-0.0097483546
0.077514566
-0.10794298
0.021696407
0.19752841
-0.035127092
-0.056723997
-0.082416564
-0.083758868
0.074192539
0.0097054951
-0.040045798
0.18447207
0.11907203
0.032929085
0.031175075
0.017254947
-0.014023739
-0.033976313
-0.10767419
0.050945003
-0.026944576
-0.15038173
0.010040609
0.042298101
-0.095027193
0.025315296
0.027029874
-0.02740184
0.09232083
0.060692538
0.0054472862
0.15912627
0.097533748
0.030191485
-0.11449185
-0.066176504
-0.073053852
-0.20728964
0.077289164
0.12412695
-0.072705887
-0.020912101
-0.0028850783
-0.13426852
-0.073882721
0.012563482
-0.091304712
-0.024534605
0.095177151
-0.085667454
-0.027387923
-0.029473951
-0.082639076
-0.031655923
-0.053835239
0.0021472948
0.10455497
0.063297242
0.13505659
0.037299715
0.022180317
0.20806944
0.048409253
-0.013952276
-0.017097203
-0.090172514
-0.21191144
-0.0078247245
-0.13548724
0.040640537
-0.16144855
-0.0069028335
-0.052189432
-0.01152949
0.10025829
0.057969589
0.038108341
0.0072657703
0.032645356
0.14078853
0.034198102
0.16420346
0.0090138661
-0.26465222
0.044367012
-0.21940251
-0.043112654
0.21289004
-0.14844207
-0.11248935
-0.14597277
-0.24623515
-0.19474606
-0.17560273
0.14050168
0.11320275
0.039737221
0.019392541
-0.033111092
0.084679097
-0.19347391
-0.12502231
-0.079834551
-0.21942383
-0.12732792
-0.061415169
-0.014553323
0.20091814
0.076788984
0.043738175
0.2917335
0.12752666
-0.27516979
-0.12530074
-0.30142522
-0.10067087
-0.0211615
-0.18347855
-0.12385739
-0.18399245
-0.29538298
0.079281934
-0.11282542
0.035783865
-0.083331659
-0.22005928
-0.091587208
-0.032215331
-0.18656096
-0.10916919
0.36428666
-0.027366256
-0.26166484
0.13916768
-0.23303513
-0.19106124
0.13798244
-0.10842127
-0.17975312
-0.12216653
-0.0015139527
0.023218032
-0.09304224
-0.035963755
-0.029789254
0.12758671
-0.18527362
-0.15308683
-0.079889238
-0.16005024
-0.22341162
-0.0081501734
-0.017269667
-0.10004251
0.025196675
0.11335122
0.24456839
-0.38132024
-0.030980909
0.1835047
-0.10061306
0.070173174
0.010039137
-0.16523875
-0.13941289
-0.26398167
-0.15443227
-0.12840927
-0.024555985
0.013751835
-0.068100721
0.02431675
0.18126604
0.085269645
-0.01958135
-0.15939268
-0.24710649
-0.26668707
-0.14947064
-0.088370062
0.013337049
-0.017941631
0.1434744
0.029972624
-0.15482268
0.036216877
0.026994936
-0.076887004
-0.078511976
-0.002359228
-0.14092483
-0.12645228
-0.011165901
-0.22634064
-0.2029753
-0.065143213
-0.023691881
-0.22515942
-0.12329851
0.094737075
-0.1067268
0.045782391
-0.27914244
0.16686764
0.046417311
-0.13498144
0.12428708
0.017104117
0.040634897
-0.22254936
-0.062352426
-0.11523344
-0.17573252
0.028967025
-0.013836561
-0.17188199
0.045707453
-0.013463715
0.0054809782
0.040221971
0.078266576
-0.050541792
-0.016271487
0.150289
0.0035572036
0.016260115
-0.042728927
-0.12552409
-0.039619248
-0.15559265
-0.17537051
0.20668136
-0.094883479
-0.14378463
-0.30455217
0.038931828
0.21233352
-0.02571743
0.068274423
-0.031408347
0.037115078
-0.091541938
0.0098431809
-0.026600404
-0.20231391
-0.099829495
-0.15798137
-0.077655151
-0.027073899
-0.037904631
-0.023886891
-0.025333248
-0.0038071547
0.0039910167
0.048025999
0.014804758
0.34453359
0.34323141
0.059796024
0.099638037
0.090038955
0.064619415
-0.083700195
0.033863775
0.0091467518
0.17268175
-0.013153273
0.0062608835
-0.098593637
-0.0069577759
-0.22436057
-0.052506927
0.19276096
-0.014058325
-0.19600473
-0.13334796
0.32060626
-0.12161182
-0.15906097
0.027391937
-0.029777747
-0.070668213
-0.05208753
0.17661671
0.069469728
0.017332302
0.034802243
-0.12600791
0.065782815
-0.03635646
-0.27722505
0.05034326
-0.016931741
-0.079491355
-0.32297459
-0.056431353
0.10997857
-0.02560631
0.027093099
0.12082481
-0.015516286
0.083970793
-0.1491515
0.0087980777
0.1415776
-0.045114905
0.046576396
-0.067893215
0.020017449
0.085671544
0.02676448
-0.088081717
-0.14031674
-0.043702681
0.080499925
0.13646385
0.067970373
0.0095841587
-0.045060284
0.21812055
0.19632198
0.077117272
-0.19090162
-0.01081455
-0.0096258437
-0.27709743
0.01894227
0.094963163
-0.0044555701
0.016631372
-0.23959927
-0.12747489
-0.09311042
-0.24522179
-0.054128669
-0.010082913
-0.14434923
0.25630504
0.1540736
0.13487352
0.015212337
-0.018912481
-0.12861803
0.066934168
0.12259536
0.0045263292
0.38705719
0.20611486
0.65005255
0.13518645
-0.1126652
0.11638632
0.094325356
-0.085286573
-0.015738664
0.10352531
0.01554023
0.059373446
0.061613727
0.055289377
-0.13670656
0.040471431
0.041900016
-0.12564246
-0.010262462
0.0096190087
0.03692852
-0.10059012
-0.068535529
-0.103196
0.120417
-0.018730633
-0.0017125277
0.070928261
0.13385262
-0.33983564
-0.10468253
0.073362097
0.016047809
-0.16232535
-0.076328173
0.061097052
-0.23609474
-0.061325025
-0.06495475
-0.10058368
0.069060691
-0.081939831
0.054064602
0.058700275
0.0099347709
0.079533488
0.03680966
-0.053804297
0.00091564818
-0.13682319
-0.12190701
-0.027789649
-0.022103505
0.12432118
-0.063540109
-0.078231595
-0.084938459
-0.085129768
-0.20052007
-0.17709735
0.015960833
-0.093667008
-0.043109544
-0.043370981
-0.0056910664
-0.10277119
0.03138886
-0.14991401
-0.025320359
0.038015403
-0.18538103
0.017692801
-0.12157195
-0.03704875
0.10580448
0.064505339
-0.025487501
-0.17653306
-0.065937258
-0.14958626
-0.045747496
0.22432919
0.040393978
0.090448052
-0.033600494
-0.045085806
0.049474776
0.046816815
0.00041137627
0.18981525
0.070993923
0.0038366995
0.043010093
0.15316133
0.0027516198
-0.093940012
0.0031443613
-0.07605233
0.045239989
-0.12677293
-0.10358251
-0.19939521
-0.1939214
-0.089862026
-0.1433996
-0.10334016
-0.051172014
-0.093381509
0.072467215
0.26710039
0.13592355
0.2222773
0.21449585
0.24015498
-0.064370506
-0.20162968
-0.12052231
0.040851638
0.096474305
0.1018498
0.17350569
0.097775929
-0.0030789934
0.029233685
-0.14444947
-0.21798423
-0.16894874
-0.16132584
-0.32635701
-0.1080373
-0.077760875
-0.23282291
0.09725295
0.14186639
0.042784873
-0.079859659
-0.038375787
-0.12027837
-0.12506217
-0.067217328
-0.18482934
0.020169167
0.012660305
-0.14442667
-0.017654696
-0.03883699
0.060194775
-0.20511754
-0.13721204
-0.14768167
0.22038148
0.024438486
0.13418213
-0.081654325
-0.094102345
-0.090476319
0.034071159
0.031654902
-0.066036671
-0.07389497
0.035852849
0.011408451
-0.20583434
-0.055503268
-0.043729525
0.26724619
0.26136062
0.3215954
0.015987176
0.13240246
0.24439281
-0.24027304
-0.062755279
-0.046887159
-0.039005682
0.028658899
0.26461712
0.21690826
-0.26085064
-0.14188339
-0.059361547
-0.024431689
0.0005826946
-0.01863323
-0.14770877
-0.10174963
-0.1314743
-0.16178517
-0.24306908
-0.31640422
-0.18005133
-0.31482884
0.034514003
0.080041587
0.0056852922
-0.098652214
-0.13894792
-0.13132545
-0.040325183
-0.018062698
-0.11316102
0.13247323
-0.093126446
-0.030275045
0.24072871
-0.089309633
0.30076581
0.047993302
-0.10390534
0.078363515
-0.25783592
-0.084953181
0.12811975
0.071839415
0.039793994
-0.14308099
0.054873347
0.08088991
-0.1386963
-0.14048439
0.0024207027
0.0090529574
0.08459159
0.074356601
-0.19734226
-0.042760614
0.065032303
0.0086174412
-0.01932811
0.060121428
-0.041172747
-0.10928915
-0.029314104
-0.16794214
0.062952779
0.092126891
0.60648102
0.036032107
-0.1029022
-0.18648478
-0.2024553
-0.077199958
-0.1596401
0.032589339
-0.23028374
-0.1080079
0.034040377
0.0061378051
-0.058388755
0.0091768447
0.0064689945
0.022057137
-0.047574222
0.037274148
0.097275227
0.094431199
-0.021461489
-0.0031754789
0.086579844
0.049264289
0.061750144
-0.099186108
-0.24398169
-0.35706568
0.039700139
-0.14863779
-0.069245562
0.016938956
-0.071392603
0.25166148
0.1171717
0.0065727159
0.28333071
-0.034813568
-0.0055790227
0.1120593
-0.10563278
-0.12223528
-0.051847074
-0.14777818
-0.051790413
0.029876545
-0.030039828
0.065667547
0.18981491
0.062585965
0.077689894
0.14438558
-0.22608934
-0.046854872
-0.20119002
0.075003184
0.10964017
0.0024775332
0.041143458
-0.025371891
-0.05632171
-0.053403642
-0.11460273
0.091754533
-0.053867009
-0.22845538
0.05225046
-0.05246238
-0.19140624
0.020518426
-0.13007973
0.069842055
-0.16415784
-0.090672918
0.093815811
-0.10672168
0.059729703
0.15679665
0.067592777
-0.07658948
-0.05439344
0.14847353
-0.018942239
0.0072571672
0.16212738
-0.080606438
-0.093634441
0.12237683
0.1184981
0.065776102
-0.092406698
-0.043084834
-0.065899573
0.00086182076
-0.12496183
-0.061469711
-0.051048148
0.092563458
0.053048514
0.044174705
0.0046100058
-0.0022209391
0.087542154
0.067960687
0.015815089
-0.013579412
-0.02983601
0.015914988
-0.14263849
-0.20464408
-0.1688405
-0.28621957
-0.23556446
-0.1493165
-0.2994816
-0.010018717
-0.012215867
0.021791531
-0.013818925
-0.16831812
-0.092679121
0.1476458
0.044946637
0.003331159
-0.1994528
-0.1907607
0.15679199
-0.0051704776
-0.12320431
0.063170031
0.1255614
-0.12307008
-0.10046785
0.11617617
0.032660171
-0.076773651
-0.15808563
-0.12666523
-0.13602157
-0.28256619
-0.086310312
-0.056298155
-0.12219688
-0.2458424
-0.0066197189
0.0071899011
-0.26319307
-0.086559944
0.094964884
-0.15692964
-0.19292772
-0.067150235
0.19691791
-0.050621245
-0.05752749
0.16831043
-0.001522425
-0.2393796
-0.049267128
-0.15274273
0.073037699
0.15752274
0.17879975
-0.067792207
-0.081919119
-0.057365853
0.043367967
-0.072290622
0.0056271795
0.090094544
-0.047925014
-0.063749321
0.087047912
0.006276675
-0.14168897
0.24995966
0.10884839
-0.094747752
-0.072126716
0.1430791
0.18853438
-0.039933115
0.074484132
-0.027993094
-0.095449984
-0.078121446
-0.16831741
-0.096016169
-0.090903036
-0.2896468
-0.054957736
-0.0077398564
-0.17032599
0.0095288828
0.080475271
-0.042850893
0.20252854
0.0057190587
0.18153863
-0.09088546
-0.12801412
-0.081492439
-0.28132692
-0.28131327
-0.27532712
-0.028497489
-0.17772296
-0.10575477
-0.18965647
-0.18142396
0.010527287
-0.12435611
-0.12278745
0.058161497
-0.1814391
-0.1531761
-0.020173049
-0.12274905
-0.012579893
-0.012801996
-0.10363251
-0.03182498
0.098609723
-0.12097199
-0.15407546
0.060480401
-0.15462446
0.021449793
0.11105731
-0.18632086
0.1434235
0.17058139
0.035887666
-0.28408661
-0.10155087
-0.20513313
-0.19983077
-0.11281925
-0.17050758
-0.21380927
-0.12792698
-0.20158979
-0.10965434
-0.13982542
-0.11583386
-0.037943847
-0.080941394
-0.090435788
-0.022042707
-0.10682289
0.019938834
-0.19728054
-0.16167036
0.083995968
-0.064020701
-0.084750116
-0.078840457
-0.050521567
-0.059060674
0.30801582
-0.11258505
-0.29431459
0.031531818
-0.015914768
-0.12405381
-0.11829712
0.053709004
0.072766572
0.15348917
-0.16388547
-0.31447747
0.135791
0.025290716
0.035789572
-0.14833356
-0.14205706
0.10899999
0.11695753
0.2577382
0.1369009
0.03815737
0.10455319
0.051518705
-0.057197981
-0.064018071
0.043355536
-0.0019424839
0.079533264
0.11288685
-0.090378001
-0.20174304
-0.0031037324
0.089049876
-0.20471665
0.020855285
-0.051061314
-0.0055722375
-0.11380441
-0.1314165
-0.0046571204
-0.08907003
-0.032134175
-0.12554787
0.042000383
0.050924059
0.054555785
-0.0008342216
0.025198845
0.037731465
-0.044124145
0.075711146
0.030027604
-0.039111357
-0.12241533
-0.14183608
-0.16276361
0.15683877
0.063662842
0.12340536
0.045519728
-0.023346419
-0.064066045
0.2125928
0.045538869
0.08669357
0.087961383
-0.047915444
-0.058795471
-0.015489264
0.02655796
0.12487981
-0.039962344
0.11451549
0.19947051
0.0034538908
0.065892808
0.14264907
0.073465131
-0.030975491
-0.033681948
0.044746533
0.074388586
0.14678283
0.081763551
-0.10396768
0.10690329
0.097861819
-0.070151828
0.064879961
-0.059574246
-0.096002787
-0.1191795
-0.049336303
0.069130838
0.11266882
-0.029255997
-0.16207591
-0.042238072
0.16112484
0.14484541
-0.035081238
0.052675676
0.082582533
-0.046767615
-0.16870284
-0.21465304
-0.30261746
-0.21457319
-0.1106196
-0.059935547
0.056336936
0.070924751
0.17810909
0.20044905
0.059314489
0.040547233
-0.017808994
-0.026883941
0.17229372
-0.043886345
-0.10345402
0.052265409
0.052151058
-0.065577038
0.032241438
-0.32273462
-0.30776954
-0.37993175
-0.045135722
-0.0031679245
-0.12182745
-0.06701041
-0.0031739664
-0.12743525
-0.066093974
-0.036207452
-0.096707515
-0.065703206
-0.034424085
-0.040170755
0.0531408
-0.013775324
-0.023826353
0.039493345
-0.092431433
0.025989009
0.022486361
-0.017922815
0.085153751
0.043727327
0.069821157
0.067111477
0.086003751
-0.034020226
-0.064285636
-0.041090395
-0.023654997
0.12024432
-0.10461478
-0.24665201
-0.1360599
-0.056039378
0.0012346638
-0.068264395
0.029072762
0.11917651
0.06212797
0.055984039
0.024198676
-0.036482196
-0.10646425
-0.053836454
-0.047321554
-0.17465538
-0.14258401
-0.02458594
-0.28642136
-0.26712608
-0.19406573
-0.180351
-0.16775729
-0.21766955
-0.060657933
-0.12536812
-0.18014576
0.26204655
0.083712235
0.13552675
-0.025504086
0.021365033
0.12779272
0.040318344
0.081442095
0.18962955
0.11330979
-0.0064137764
-0.10991225
0.093758702
0.074194886
0.24253517
-0.019399328
-0.088199481
0.063295081
-0.094928101
-0.083798751
-0.0038821159
0.2177473
0.20890844
0.11585411
0.016731694
-0.024767129
0.022194399
0.26225165
0.11030141
-0.013202775
0.098853208
0.054526675
-0.010798321
-0.081012398
-0.10549763
-0.21672204
-0.12875794
-0.11635321
-0.20871116
0.25081038
0.12301254
0.1257043
0.076820202
0.044613484
0.0729248
0.11499069
-0.032153346
0.060871124
0.047570009
0.0043455195
0.076428548
0.031536635
0.016062675
0.029356211
-0.12893854
-0.12786178
-0.17712566
0.20387492
0.19037047
0.16664933
-0.10915896
-0.11407415
-0.11190193
-0.086078122
-0.066118002
-0.21087851
-0.038742214
-0.044607982
0.060554165
-0.028083747
0.022138368
-0.020312771
0.057030074
0.12984115
0.10439869
0.11726858
0.070581399
0.04490697
-0.0054398593
-0.049706917
-0.10632564
-0.16819465
-0.13073456
-0.2213569
-0.0061064395
0.0049498924
-0.0042246189
0.015855439
-0.00037535556
-0.063342072
-0.081935465
-0.035860147
-0.093796544
0.037762694
0.064178698
-0.0087859752
-0.060703758
0.028182888
0.034070969
-0.046298277
-0.0056764889
0.097449817
-0.037225343
0.0043497025
0.060962033
-0.081593499
-0.097113334
-0.026076408
0.0018911745
-0.062935635
-0.051226929
0.065981179
0.085554771
0.13222033
-0.012131885
-0.060714141
-0.12373575
-0.21956654
-0.1306247
-0.1232302
0.12663074
0.20138173
0.12358233
-0.0039734901
0.013150512
-0.045295987
-0.034409516
-0.044472691
-0.034762464
0.046243776
0.013431472
0.047964048
0.10917599
0.14032741
0.052881695
-0.17766985
-0.21175039
-0.16399427
0.082413569
0.060400512
0.02020538
0.055032436
-0.0096735507
-0.0084901238
-0.014007726
0.051556315
-0.038307801
0.056088608
0.016641643
0.11338556
-0.034046881
0.052911393
0.09292046
-0.026216388
-0.074905701
-0.12155861
0.10780229
0.049669582
-0.031316683
-0.01516857
-0.02948878
0.082832158
0.11366782
0.078885689
0.11912162
-0.014676491
0.14243092
0.14693078
-0.10197735
-0.065141253
-0.010000421
0.08946275
0.12740459
0.14813893
0.077100016
-0.10188088
-0.11195045
0.075648151
-0.018681355
-0.024073243
0.14493391
0.050340082
0.090683691
0.091673993
-0.042238038
0.081383243
-0.012828481
-0.11602147
-0.09157785
-0.060391773
-0.11257464
-0.23604353
0.027884856
0.031966142
0.030974127
0.057823058
0.042176414
0.014275081
0.041538406
0.01752007
-0.05425366
0.10669959
-0.0044852751
0.057491481
0.077232487
-0.066193946
-0.030886555
-0.038031407
-0.12277306
-0.10299383
-0.028984232
0.0047203642
-0.022942228
-0.014106331
0.0020104484
-0.033238351
0.11817774
0.082695141
-0.0001094995
-0.046576742
-0.0010330796
-0.054715481
-0.0054656607
0.025321078
-0.0094974088
0.15591791
0.041901853
-0.089827739
0.067062594
0.080657728
0.11052369
-0.010294599
-0.0070051616
0.035172965
0.035775911
-0.030688832
0.053258266
0.028706471
-0.15395311
-0.15979153
0.023185721
-0.11770751
-0.11469657
0.072430544
-0.019737661
0.0042689261
-0.10298646
-0.043037884
-0.11994328
0.03670267
0.12046259
-0.023011092
-0.23416035
-0.2089278
-0.2249421
0.19611081
0.062317453
-0.0096913027
0.0013106172
-0.024206709
-0.048667815
-0.072365932
0.060951687
0.081907913
0.10098642
-0.0026174251
0.086699165
0.0468283
0.0018262875
0.077470757
0.019269152
0.049613491
0.17647399
0.11485438
0.15756766
0.048191268
-0.010821063
0.01381784
-0.0067069666
0.12517907
0.09604913
0.056983911
-0.17483191
-0.2443947
-0.15292014
-0.15941371
-0.17549874
-0.046619829
-0.083845414
-0.030671308
0.0831642
-0.032462325
0.01298902
-0.003679567
-0.058700714
-0.045672894
-0.017157895
-0.13182582
-0.067351021
-0.028661186
0.1467258
0.15124908
0.11307094
0.097577043
0.046897352
0.10017737
0.15414573
0.097437836
0.21131839
0.14599222
0.012772772
-0.1764888
-0.01040137
0.054785777
-0.052100174
-0.096875794
-0.031515777
0.019204326
0.0086235506
-0.030315811
0.030878343
0.026909769
0.033299312
0.061718013
-0.078203984
-0.04729167
-0.029714359
-0.0089596231
0.010142296
-0.031497903
-0.11914151
-0.08290682
-0.068765469
-0.084470354
-0.030541025
-0.0057580261
0.1028019
0.047287215
0.088084288
0.11967665
0.10436732
0.010487346
0.15466045
0.20718566
-0.0069996123
0.088129118
0.18351269
0.065509647
0.058791522
0.077784613
0.036545902
0.085281998
-0.016079875
0.00013867018
0.045039929
0.16831633
0.13638133
0.032861676
0.084723867
0.10965282
0.15721759
0.03613333
0.081240006
0.018742284
-0.051967781
-0.1048708
-0.043457728
0.001749026
-0.030649096
-0.10263795
-0.029507082
0.0090587344
0.095510118
0.045537576
0.043266848
-0.039995912
-0.072068512
-0.10847244
0.0037451484
0.056973837
0.013313897
0.10860281
-0.085189208
-0.090790696
0.072519861
0.00079611829
-0.053028069
0.22840616
0.14622311
0.047711793
-0.20196466
-0.11132503
0.035772625
-0.14744933
-0.010805142
0.086752281
0.094825767
0.088906266
0.041948512
-0.0047966619
-0.02868402
0.17259893
-0.055120811
-0.026464479
0.11334669
0.11963731
0.072539344
0.00964416
0.047728624
0.0037807273
0.050475899
0.046866678
-0.026683524
0.066034839
0.050621714
0.05428848
0.15207262
-0.0032523803
-0.017701626
-0.049178164
-0.0068235635
0.055205666
-0.06383469
-0.014052515
0.12727687
0.0064337058
-0.015848065
0.03773896
0.076383524
0.006446613
-0.069725595
0.019682784
0.093378991
-0.043841682
0.028649975
-0.17488657
-0.0016753634
-0.046831988
-0.02944153
0.0011623026
-0.059610855
-0.016458716
-0.018360587
-0.071010947
-0.17740048
-0.057122938
-0.053075623
-0.003119179
-0.02140647
-0.031036083
0.054329094
0.12348714
0.21382251
-0.090340279
-0.045424819
-0.083314463
-0.0094747609
-0.069139019
0.0012915231
0.0093893716
-0.051004104
0.025131963
0.039385661
0.027994405
-0.10725102
0.029129717
0.04122214
-0.047220435
0.044066206
0.087943695
0.065051071
-0.026407028
0.045150906
0.028733356
0.0066401046
0.10001776
0.0016933949
0.0026654217
-0.028580029
-0.031625949
0.13946109
-0.035566486
0.00043693074
-0.098592833
-0.069928356
0.070256129
0.0073233843
-0.012860282
0.050570901
0.019552015
0.093026951
0.16283701
-0.031163188
0.005382054
0.071037285
-0.15159586
-0.13918343
0.019545721
-0.096895084
-0.17159717
-0.21094105
0.06814713
-0.0084277485
-0.048948176
0.11017356
-0.0070134834
0.082093738
-0.064879619
-0.0081216581
0.06285473
-0.00080882618
0.0049957554
-0.036474187
-0.069174573
-0.065442309
-0.059970237
0.0015258724
-0.085838109
-0.03425825
0.11819895
-0.071541674
-0.0067666955
0.0040629902
0.0098021356
0.15549813
0.085143894
-0.0087289819
-0.055546179
-0.045179952
-0.1212398
-0.088567629
-0.07158345
-0.089879841
-0.048165414
-0.0051373858
0.038887639
-0.0052932547
-0.0013860498
-0.026901966
0.059504982
-0.24768788
-0.11554768
0.087854557
-0.22846341
-0.011468155
-0.010662078
-0.32179189
-0.029550726
0.15506288
-0.19728284
0.079270482
0.32651919
0.16026556
0.12776649
0.17488591
0.08863198
-0.0093458612
0.039789833
0.12594631
-0.070819877
0.015629869
-0.01052596
0.061753031
0.098283179
-0.070963569
-0.06573838
0.030694714
-0.0010454147
-0.033394393
0.058284111
-0.089069769
-0.031000033
-0.099164881
0.01275597
0.040158644
0.0049083214
0.040215496
0.010003031
0.039786171
-0.14880976
-0.17970228
-0.13015823
-0.057763692
-0.080475569
-0.064715944
0.1621235
0.13945261
0.073896907
0.11534721
-0.0023738178
0.041411694
-0.044988163
-0.12591939
-0.066605203
-0.086406924
-0.069523849
-0.039192852
-0.015028262
0.084831044
0.073100455
-0.073510624
-0.048211489
-0.041006237
-0.051112846
-0.029126225
-0.0050029573
-0.051233783
-0.054410104
0.02725766
-0.1144736
-0.11230484
-0.054647163
-0.21385951
-0.095859751
0.018629426
0.15886326
0.095112957
0.0782938
0.064834945
-0.026757548
-0.058804572
-0.0013551718
-0.10127652
-0.050760448
0.1392206
0.046746135
0.059525486
0.094760284
-0.090169467
-0.076919042
0.090289891
-0.1173853
-0.027482115
0.0096329618
0.026231563
0.19437173
-0.070045829
-0.15028925
-0.027891032
-0.0023012974
-0.065483287
0.04076862
0.011452805
0.034017093
0.17848352
-0.088333517
-0.16881643
-0.065433718
-0.028910888
-0.026804537
-0.13487951
-0.019186676
0.039904863
-0.060417164
-0.055926993
-0.058466319
-0.03567579
-0.071172282
-0.060773455
-0.012594094
-0.16920798
-0.13407284
-0.14752227
-0.087079324
-0.044372834
-0.097869404
-0.1216375
-0.036166061
-0.073569581
-0.066317879
-0.085531384
-0.040981825
0.0034393759
-0.097853012
0.052119605
0.071045384
-0.0041344068
0.075533621
0.15000175
0.010686122
-0.097363114
0.10848938
-0.092876904
-0.12811477
0.078643449
-0.079549268
-0.021790599
0.11041528
-0.15541495
-0.2020663
0.17347051
-0.041124806
-0.15994155
0.19619368
0.072836682
-0.012970956
-0.13764676
-0.03808615
0.044407241
-0.023075655
0.0068025761
0.05442768
0.046580289
0.054332476
0.061377585
0.13152711
-0.082958117
0.079822406
0.00038994086
0.03226972
0.027854316
-0.092250206
0.024225369
-0.0042435899
0.19654764
0.092239402
0.21131596
0.087776132
-0.019610325
0.0089168279
-0.002101239
0.10844278
0.019324293
-0.03295511
0.011723619
0.14605319
-0.1277158
-0.081676058
-0.0058236886
-0.082960822
-0.063722238
-0.12816486
-0.044644549
0.077056363
0.15507409
-0.077543907
-0.031608958
0.0043236972
-0.025641287
0.034419354
-0.044503007
0.10330196
-0.051901069
-0.00095302128
0.059107766
-0.076304577
0.029641831
0.056524839
-0.00056583027
0.013190457
0.068242744
-0.005316765
0.013950411
0.070049092
0.039889604
-3.2994685e-05
0.092266992
0.01679155
0.078924358
-0.068751834
-0.061799146
0.04088999
0.0024433373
-0.0024967121
0.018795075
0.0055499142
-0.010877501
0.093043931
0.08093033
0.013381856
-0.050070368
0.099477977
0.050965592
0.036500677
0.16245911
0.096072212
-0.046178773
-0.037341699
0.024788056
-0.1390852
-0.046293698
0.016053097
-0.015955826
-0.0069949157
0.093187243
0.18014435
0.14600207
0.071695298
0.058304459
0.020818831
-0.01396821
-0.080445997
0.023324514
-0.0036641958
-0.002570373
-0.047584701
0.0093156761
0.25640774
-0.082839832
-0.024864431
0.08606942
-0.05753696
-0.063637368
-0.12070841
-0.032452781
0.010899446
-0.15856721
-0.022222402
0.059264958
-0.0086179422
-0.12966888
-0.059972394
0.0077938619
-0.10616042
-0.13932166
-0.15137546
0.0050839065
-0.051357441
-0.030491885
0.060274933
0.0083610639
0.020466337
0.07304915
0.065586254
0.1694077
-0.0704448
-0.0079321796
0.058380459
0.1269504
0.18640576
0.2678352
0.19431205
-0.037417199
-0.21131732
0.16149159
-0.11207365
-0.25461656
0.044370934
-0.099995799
-0.10780406
-0.09346348
-0.030494105
0.044283658
-0.0028796592
-0.075152487
0.05144807
-0.019637343
-0.067307726
0.029398862
0.057977855
-0.1558502
0.10562436
0.13237013
-0.10742044
-0.016338671
0.10927884
0.11082385
0.077148773
-0.068836346
-0.080567032
-0.14786217
-0.097938679
-0.096236266
-0.095671467
-0.088811554
-0.075871758
-0.08953055
0.06327191
0.046987392
0.039819546
-0.13459243
-0.042217262
-0.08578147
-0.2532776
-0.21378222
-0.1799002
0.065107636
0.021480817
0.13073085
0.083957613
-0.087581411
0.0035291221
0.15842451
-0.12546737
-0.1310124
-0.042131409
0.074745916
0.062575564
-0.019131755
0.049319856
0.099829659
0.14441472
0.064983718
0.086571157
-0.099451907
0.095872231
0.15269439
-0.060101938
0.058801524
0.14152388
0.05958169
0.018961677
-0.03539373
0.056864515
-0.1354237
0.027543478
0.025876455
-0.21537659
-0.028008584
0.062176663
0.011000791
-0.057676572
0.006814891
-0.14322041
-0.091400154
0.036128301
-0.024630968
0.00075075129
0.11622537
0.13951477
-0.005964485
0.020479178
0.11331124
0.15145935
-0.037555542
-0.014889129
0.02927882
-0.024323771
-0.1211407
-0.089176051
0.07532762
-0.091846764
-0.083757997
0.02080515
0.036321346
0.07228028
-0.16938661
-0.11109041
0.063371837
-0.11717764
-0.061269049
-0.061269231
-0.051555712
-0.0066095381
0.022511674
-0.017795332
-0.12613337
-0.1061862
0.033482421
0.031140802
-0.010922911
-0.033346217
0.0059432136
-0.085614875
-0.18275547
-0.14049026
-0.20699014
0.025580412
0.15353315
-0.029936047
0.048936743
0.02971065
-0.049673293
0.16505475
-0.073443912
-0.13826224
0.0098679503
0.056800898
0.10035002
-0.07967706
-0.013986496
0.06137244
-0.12170247
-0.026002245
0.14420488
-0.26378974
-0.1292495
0.162504
-0.11351947
-0.1383981
0.059571937
0.1550191
-0.0090183495
-0.043204077
0.074666567
-0.0010266525
0.065579243
0.0570377
-0.12803325
-0.15345901
-0.0059635998
-0.1801617
-0.28334066
0.061315328
-0.029413819
-0.01518707
0.071101315
0.14902414
0.052227169
-0.048543338
0.15300056
0.20546679
-0.10630075
-0.040319897
0.085743688
-0.10538185
-0.13387007
-0.018929511
0.057928916
-0.019463163
0.013938166
-0.14381133
0.0067367158
0.034159813
-0.14353403
0.072140388
0.14589916
-0.023388285
-0.024450131
0.0053371531
-0.027823934
-0.18637313
0.098603271
0.072079189
-0.055528007
0.0756687
-0.047947355
-0.074763991
0.035369266
-0.038547873
-0.073871121
-0.045360599
-0.063757867
-0.11981918
-0.066036232
-0.015738958
0.021938017
0.082160175
0.12806442
-0.0086978031
0.0012224413
0.0510488
-0.19253001
-0.12522857
0.076328605
-0.00073971966
-0.16290414
0.10109226
-0.035488412
7.2615083e-05
-0.0077283066
0.012867888
0.018112522
0.0025583478
-0.081228174
-0.052131299
0.005208083
-0.10286397
-0.1022256
-0.0070397141
0.036748201
0.053583357
-0.12872332
-0.024010004
0.014578885
-0.12812243
-0.19040741
-0.21076976
0.02226701
0.0046965755
-0.068534799
0.082744621
0.093419954
0.012783052
-0.095081598
-0.12721539
0.067408852
-0.028150288
-0.092765197
0.034641493
-0.026445175
-0.1138456
-0.020502478
-0.042301632
-0.062983058
-0.068637736
-0.056656238
-0.1183302
-0.05069169
0.15327965
0.010389518
0.066321507
-0.15659446
-0.12983753
-0.14120249
-0.065030023
-0.12235335
-0.12580831
0.097601302
-0.0013936873
-0.064369678
0.031059705
0.018463561
-0.046204999
-0.075964972
-0.017022707
-0.11229613
-0.00030635693
0.052370533
-0.032907367
0.15585421
0.042749222
0.11936171
0.040422626
-0.050440863
0.028882094
0.10842244
0.00096860563
0.015853152
-0.12172436
-0.14311945
-0.19842342
-0.061980903
-0.046412952
-0.09630087
0.18169545
-0.047843311
-0.14393328
-0.0090023
0.024901049
0.037101489
0.017323313
-0.017604874
-0.094609126
-0.065004103
-0.1388582
-0.22139472
0.15146556
0.18581326
0.16632028
0.090729475
-0.062647887
-0.038143747
0.021219905
0.035139333
0.0075840759
-0.042967599
-0.028279334
-0.04467703
-0.016031841
0.044726525
0.040816091
-0.058744412
0.049801275
0.029158091
0.075263642
0.046025869
0.041384056
-0.024669912
0.01158337
0.091236822
0.004782754
-0.017331988
0.046437729
-0.13331515
-0.094278887
-0.075760692
-0.085500151
-0.074474558
0.0057831579
-0.0083590504
-0.091877475
0.018569438
-0.15469784
-0.050137185
0.2187148
-0.0087022707
-0.10775121
0.13936575
0.083634265
0.036226936
0.060626514
0.058702439
-0.066183202
-0.03593944
-0.069559075
-0.16339761
-0.20043975
-0.0020801644
-0.0058878944
-0.1192766
-0.15698296
-0.22740312
-0.085939147
-0.057582006
-0.1403573
-0.059340097
0.1037532
0.045858014
0.0280318
-0.028900586
-0.034041665
0.0037954161
0.029151354
0.041592244
0.055909917
-0.045639731
-0.10999298
-0.11196437
0.089250468
0.053332876
0.14561747
0.073895961
0.0060544065
0.018166395
-0.047130838
-0.049715053
-0.060947437
-0.0076599098
-0.003147892
-0.10926941
-0.045721997
-0.078123063
-0.13046159
-0.027926559
-0.047861736
0.015074211
-0.082203522
-0.063617595
-0.02137793
0.059186798
-0.028029412
-0.071393758
-0.045250036
-0.01331552
0.0070899692
-0.079620205
-0.092223644
-0.015801385
-0.086065143
-0.14998987
-0.11248861
0.073898375
-0.017694002
0.033651847
-0.026555263
-0.0054829321
0.044158109
-0.01070293
0.045014974
0.06225007
-0.097875781
-0.011008202
-0.022802236
0.17925531
0.087783821
0.064587377
0.19813371
-0.0020291975
-0.055643633
0.17731735
0.026702011
0.0057541914
-0.17209829
-0.25062159
-0.2378837
-0.096596926
-0.13454409
-0.12575714
-0.074477874
-0.032745991
0.048455436
-0.017803231
0.031813309
-0.028649246
-0.0058696335
0.041231859
0.035325818
-0.06664326
-0.021007614
-0.0042055794
0.076753661
-0.016524889
0.0040115276
0.0048111817
-0.11032898
-0.097538508
0.018890625
0.014578074
-0.018686078
0.086999498
-0.11545844
-0.041244619
0.086428568
-0.081300512
-0.072939232
-0.015647853
-0.058577355
-0.10857576
0.060346168
-0.10584203
-0.17192158
0.18067452
0.051640157
-0.0025398119
0.085296139
0.065561205
0.075020239
-0.12661251
0.0077392235
0.017479789
0.039446164
0.039390992
0.0022454115
0.078856103
-0.0214449
-0.050357629
0.045916859
-0.078051656
0.013408983
0.033467382
-0.15215829
-0.039058808
0.013723108
-0.065052599
-0.095335715
-0.037935305
0.0042737867
0.19491059
-0.02545201
-0.11922865
-0.046534888
-0.046691053
0.0054983059
-0.011243038
-0.17462546
-0.070469476
-0.18513642
-0.1004857
-0.059430122
-0.13572621
-0.011759032
0.040977027
-0.018786514
-0.13089533
0.0099855512
-0.056502003
-0.1976459
0.068949148
0.09037067
-0.17348541
-0.060934491
-0.05119795
0.16820565
0.040050834
-0.21654384
0.071562581
-0.021934044
-0.20536555
0.28927729
-0.027611673
-0.16015743
-0.29905349
-0.1758471
0.012836734
-0.035524987
0.072728008
0.055612452
-0.14920421
0.07032004
0.027109103
0.071819663
-0.049942989
-0.057874754
-0.0032114785
-0.054686375
-0.032371823
-0.059057392
-0.11443724
-0.10311791
0.12369625
0.0063472488
-0.129379
0.031901244
0.097287431
0.035394683
0.13585582
0.048297789
-0.050265893
-0.10280621
-0.038084459
0.16588454
-0.14513342
-0.11506377
0.003295884
0.013556388
-0.030903624
-0.035902627
0.036562659
0.074365407
0.1009354
0.0042189448
-0.05447416
-0.048333135
0.056753151
-0.034742415
-0.16815232
-0.25521433
-0.18024389
0.079216518
0.045752726
-0.030645464
0.062170852
-0.052439515
-0.15896706
-0.14998664
0.081062295
0.0086112712
-0.051478852
-0.060795784
-0.014067557
0.058870271
-0.10561698
-0.031661946
0.17526928
-0.18165861
0.048523922
0.25518498
-0.085559279
0.19415815
0.12305266
0.037794769
0.1157774
0.083247215
0.12778954
-0.090247594
-0.3275055
0.22967163
0.082490258
-0.2194293
0.13623066
-0.040868569
-0.25076851
-0.073220879
0.0024994342
0.055482179
-0.013851373
0.051109314
-0.0080016954
-0.020301059
0.0010017565
-0.1087245
0.10158305
0.060710646
0.35690466
-0.12007719
-0.17693497
0.045033563
-0.16618297
-0.083821915
0.1764553
0.014551529
-0.20252644
-0.058122408
0.067391433
-0.079625227
-0.18062782
-0.0035760871
-0.085164085
-0.28660306
-0.070369221
-0.12419117
-0.25957656
-0.024975549
-0.0028586425
-0.1414028
0.092268199
0.041433219
-0.14207484
0.079179123
0.095485128
-0.051576726
0.0091236765
-0.044302948
-0.043336555
-0.27164716
-0.22053404
-0.057993885
-0.13607267
0.0056143515
0.29764926
-0.16428952
-0.040550768
0.11196269
-0.23334262
-0.11857047
0.044808012
-0.16424988
-0.15773252
0.12886325
0.063374408
-0.0603658
0.14771178
-0.043554474
-0.013368994
0.12853169
-0.02074312
0.10761377
0.28003576
-0.09056399
-0.11840215
0.046388831
-0.068151101
0.025410274
0.36072755
-0.068112746
0.055727791
-0.062829144
-0.12765045
0.022001563
-0.13828471
0.02036057
0.062963098
0.005561586
0.15480451
-0.01632778
-0.225685
0.060096867
0.022121554
-0.055869132
-0.03578455
-0.01414858
-0.099336617
-0.11654888
0.0065432568
-0.081037208
-0.050221488
-0.040127568
0.051220402
0.062965728
-0.10913575
-0.042694729
-0.21047749
-0.14805007
-0.10963466
-0.077279843
-0.019072132
-0.053524777
-0.16606326
-0.081850097
-0.14152914
-0.0091151968
-0.064341493
-0.1449734
0.13398217
0.017669942
-0.10399549
0.0038894413
0.037263956
0.12579547
-0.027901093
-0.054299533
-0.054702342
-0.03855085
-0.00087274134
0.0040113516
0.047157198
0.024540253
-0.062344201
-0.057217635
0.0089589572
0.027031975
-0.088498019
-0.0058921529
0.099082269
-0.17331697
-0.12857942
0.21827091
-0.011593216
0.052635923
-0.06751401
0.03613735
-0.032085523
0.012668125
-0.083326504
-0.047648076
-0.053756211
0.065603994
0.027876072
-0.05052381
0.061220881
-0.03335306
0.0041602049
0.17847124
0.034030255
-0.034784764
-0.097559281
-0.077264011
0.21090947
-0.035475768
-0.037509628
0.21923772
-0.065759189
-0.058740146
0.082899608
0.070189536
0.038145024
-0.18412922
0.12737988
0.0945412
-0.074946657
0.016848249
-0.079329811
-0.063887574
0.060535058
0.019654023
0.047645073
0.084734127
0.068875939
-0.034211751
0.013615738
0.030238183
-0.038833931
0.0080696773
-0.14699595
-0.099431962
0.043708835
0.010811007
0.02505899
0.038207449
0.02547075
0.021509286
0.11323203
-0.035402592
-0.028499158
0.15406498
-0.043500803
-0.012870443
0.023273334
-0.11627805
0.16083671
0.0120055
-0.011622122
-0.084624156
0.010943444
0.029953798
0.0049928026
0.084620975
0.21450385
0.37224674
-0.14280519
-0.065878466
0.021008007
-0.016351819
-0.017574502
0.18731178
-0.130208
-0.10370882
0.0071725016
0.14164869
-0.022890031
0.039323468
0.0011710295
0.021718444
0.26149237
-0.31962806
-0.18437904
0.24320239
0.13903287
-0.10898838
-0.069398664
-0.073876888
-0.0014162575
0.089986101
-0.069493793
0.16165462
0.066290826
-0.042358242
0.11533955
0.16111214
-0.12372993
-0.071051367
-0.081757449
-0.097935811
0.026171179
-0.0032067471
-0.0020849928
0.16434431
0.14260836
-0.072408468
0.131671
0.010712366
0.19619387
0.21841979
0.11594743
0.016226334
-0.061521158
-0.10194435
0.097512498
-0.045530744
-0.20978937
-0.18737344
-0.017236434
-0.0037030147
0.00088609423
-0.036895204
-0.045362283
-0.040313397
-0.017974121
0.06945134
0.04218122
0.083439283
0.11265197
-0.053910669
-0.1154159
-0.11408761
-0.08300171
-0.17177814
0.023265982
0.21794923
-0.027205603
-0.0035006425
-0.0022334205
0.0031952399
-0.055588558
-0.068571471
-0.053457659
-0.15716909
0.21876363
0.26223755
0.03951133
0.12502056
-0.027237209
0.00046782047
0.022858806
-0.027803343
-0.028692976
-0.085934922
-0.061571077
-0.030421708
-0.083282456
-0.10555406
0.012711518
0.091751024
0.0061958567
-0.013750641
-0.10020647
-0.069465719
-0.038663808
-0.18255551
-0.053403877
-0.069019005
-0.0617943
-0.023803992
0.049257748
-0.034444772
-0.033051953
0.16369371
-0.042985827
-0.027424008
-0.13868426
0.087249592
0.11466377
0.034491915
0.038702644
0.012772297
-0.14622588
0.010775765
-0.12206086
-0.04025583
-0.027947098
-0.033840735
-0.045800906
-0.10359985
0.12641935
-0.048064861
-0.078027144
-0.08530435
-0.084002949
-0.14510454
-0.043991476
0.092269182
-0.11596324
-0.046529766
0.008868346
-0.047022622
-0.13382699
-0.066793978
-0.016056944
0.044273533
-0.014775903
-0.063135974
-0.072602846
-0.072735071
-0.10287464
-0.025804823
-0.080075756
-0.098600604
-0.030718949
0.026680086
-0.21128151
-0.032046996
0.18506348
0.044652209
0.069468841
0.048802204
-0.0098173916
-0.043952603
-0.050893482
-0.28870314
-0.1803204
-0.15763712
0.037327871
-0.032320186
-0.038950857
-0.022195123
-0.047420118
-0.003070846
-0.16635273
-0.046583306
-0.075654782
0.10509286
0.11042329
-0.089860916
0.010466959
-0.19770214
-0.12412494
0.042010471
0.24279977
0.4692755
-0.1470269
0.024751673
-0.087803423
0.045793772
0.064173624
-0.010145318
0.19116084
0.088167854
0.10646379
-0.053976648
-0.088725969
-0.0013974099
-0.027515469
0.0081681302
-0.019074585
0.35329711
0.25901338
-0.20453602
0.068549581
-0.043509569
-0.21673162
0.15931645
0.0670918
-0.041030139
0.13056478
0.11245118
0.062917195
0.05426652
-0.070526332
0.071068116
-0.077026874
-0.0075595067
-0.022384271
-0.15529457
0.098191619
0.11525168
-0.084129535
-0.019186335
-0.057870947
-0.014367638
-0.012675688
-0.119456
0.063171081
-0.16924389
-0.16527863
-0.04424097
0.029650928
-0.043790381
-0.19826742
-0.067553356
-0.086841173
-0.20145227
-0.048039723
-0.12599958
-0.039265424
0.0053811194
0.0044471128
-0.03576925
-0.02258678
0.036556717
0.26372418
0.078106441
-0.037354138
0.029136695
-0.14857015
-0.054152515
0.020621471
0.14185192
0.00096111308
-0.038112439
0.11599049
0.093496226
-0.016498813
-0.018779041
0.16106023
-0.025327845
-0.0027849162
0.24281447
-0.1199558
-0.050735731
0.17638567
0.02157769
-0.02151099
-0.017186632
0.10777479
-0.0070686913
-0.058376413
-0.00058364752
-0.069016211
-0.13625453
0.0062522572
0.014091191
-0.10004009
-0.066608816
0.014742543
0.026231963
-0.1049575
0.14439858
0.18131641
0.00065023568
0.068739049
-0.10578763
-0.046563871
0.0063898768
0.055931289
-0.23951766
-0.30844542
-0.1471175
0.094612293
0.12628037
0.050644975
-0.043830767
-0.068667747
-0.17951308
-0.23811284
-0.20560631
-0.38317621
-0.13956334
-0.13123883
0.001275006
-0.015435764
0.02169494
0.043162283
0.30917558
0.15781459
-0.088722005
0.072414964
0.04817538
-0.045458913
0.056191731
0.061756853
0.079073682
0.010645708
-0.18929631
-0.13546132
0.046751339
0.045753445
0.10863603
0.079274863
0.056178387
0.12492697
-0.07010854
-0.12268553
-0.093363464
-0.010048745
-0.070540667
-0.006952751
-0.032343734
-0.13672328
-0.0028280064
-0.047946233
-0.24546897
0.028841281
0.097322412
0.0037958964
0.11493283
-0.0083894478
0.04358292
0.031857647
-0.2589888
-0.078993343
-0.093732305
-0.050697204
-0.0090423431
-0.12646022
-0.12753344
-0.096934631
-0.048753943
-0.029055534
-0.010304658
-0.037269805
0.031774495
0.0364305
-0.037222341
-0.075275347
0.077967532
0.044065326
0.16106828
0.028682441
0.027300589
-0.02554089
-0.0041028475
-0.06606257
0.10504466
0.079457074
0.017656129
-0.081876516
-0.085983336
-0.024217268
0.032031525
-0.026620667
-0.023484122
0.048814394
-0.016681282
0.0063883001
-0.069684304
-0.037442226
0.023206484
0.029113162
-0.037844636
0.069706097
-0.024052236
0.010831879
0.10827432
-0.27449441
-0.087750666
0.058634393
6.0981994e-05
-0.037265986
-0.031250462
-0.067592017
0.010602999
-0.0058093346
0.22662142
0.0076207151
-0.057070281
-0.011716396
0.010925298
-0.013842407
0.0006047705
0.026095828
-0.0518918
-0.16899179
-0.1390837
-0.071217984
-0.07819958
-0.18882877
0.079177938
0.10575695
-0.073488183
0.12387013
0.033502698
0.12428506
0.027771277
0.025470737
0.016409628
0.025351364
0.029285377
0.021469897
-0.011260842
0.041249052
0.038924426
-0.1734582
-0.026774451
0.022542361
0.065283738
-0.13734929
0.016093967
0.027574679
-0.10355861
0.049997624
-0.016883703
0.10230364
-0.0091907671
0.13457136
0.066904552
-0.10034149
0.0057045189
0.06825161
-0.091256328
-0.11366777
-0.0067862882
0.1609084
-0.023767518
0.023775415
-0.032365415
0.007271803
0.14332214
0.063250437
0.097130902
-0.0068745906
0.080373831
0.025864519
-0.03513455
0.12232023
0.0353567
-0.077657364
0.036477398
-0.019991055
-0.0079987952
0.027753744
0.014535479
-0.043299552
-0.041871183
0.029997777
-0.15003136
-0.079760924
-0.095344871
-0.059751637
0.044782586
-0.023334216
0.018267976
0.079677507
-0.0043582278
-0.089106023
-0.050741285
-0.035457015
0.12123615
0.1569743
0.067870028
0.066402547
0.1316219
-0.039231759
-0.10547316
-0.045111921
-0.17303528
0.089953132
0.073939405
-0.013405189
0.10303814
0.022034753
-0.039000057
-0.045293745
-0.14069532
-0.11208988
0.0017805501
-0.064588033
0.0017687667
-0.0431212
-0.084047161
-0.052666359
-0.28943306
-0.27497655
-0.15592416
-0.1099035
-0.010992364
-0.082583979
-0.068693556
0.0353687
-0.058583599
-0.12716499
-0.11655919
-0.18099333
-0.04553476
-0.017960718
0.014073785
0.074991047
0.044659071
0.1831086
0.073530756
-0.033760715
0.079452671
0.051429506
0.022814609
0.0095991334
-0.040138483
-0.017327372
-0.027547851
-0.09608601
0.041091193
0.28077823
0.0060408283
-0.14433168
0.01700798
0.094567321
-0.080238402
0.082297213
0.1604764
0.043418743
0.14292575
-0.053688265
0.034047969
0.079606824
-0.016593693
-0.065770201
-0.036847871
0.20513849
0.06807249
-0.12231231
0.14242494
0.045926739
0.064897813
0.035729289
0.013786466
0.053371865
0.20780241
-0.0041808183
0.029796885
0.024417594
0.036285486
-0.045618054
-0.01128982
-0.047083259
-0.015403017
0.14498544
-0.056047462
-0.00070787582
0.042488158
0.17624535
0.044244666
-0.14175941
0.087965891
0.14237012
-0.29988319
-0.0036717111
0.21040201
0.091279499
-0.047690433
-0.0096176686
0.10840894
-0.059690259
-0.055812534
0.071391985
-0.10649477
-0.24746308
-0.051836938
-0.055929694
-0.095708795
-0.018129168
0.044916131
0.078190073
-0.086276323
-0.023315344
-0.0098026264
0.022462294
-0.14459562
0.057100441
0.0034780053
-0.13052565
0.0089323549
0.029064747
0.07493224
0.17999637
0.086493969
0.10916603
0.073556431
0.0018380755
0.049975481
-0.021607969
-0.049478438
-0.038094446
0.076949723
0.15105872
0.069562584
-0.075863868
-0.11426592
0.019870304
0.00023934021
-0.074645348
-0.13793905
-0.12642083
0.12940845
-0.025677966
-0.0053627877
0.15751553
-0.059641082
-0.0042454
0.28840607
0.16126004
0.18950595
-0.0027483108
0.14065124
0.1138631
-0.13130589
0.028830318
0.023905864
0.0068711601
-0.029063929
-0.11713462
-0.020461529
0.050700489
0.16336296
0.13390777
-0.16960293
-0.21361445
0.10316519
0.034675367
-0.05891604
-0.024601065
-0.043035936
-0.0050446354
-0.071965002
0.017796865
0.090321459
-0.12647602
-0.035069022
0.1103239
0.022417035
-0.009419322
-0.072884083
-0.073779874
-0.028517552
-0.026883667
0.06488204
0.070731804
0.032449096
-0.13233505
-0.12208927
0.020063182
-0.031244365
-0.055549175
-0.014095665
0.072673604
0.039159998
0.054230213
-0.12517934
-0.022977322
0.33992764
0.044129193
0.019596269
0.037373841
-0.11948252
-0.0072839931
-0.0060239197
-0.039156742
-0.040650845
-0.13027413
-0.07948336
-0.0033105547
-0.10549378
-0.15834279
-0.050265264
-0.13486475
-0.0063716327
0.030867847
0.11854238
0.015395519
-0.12242632
0.04661845
0.21235602
0.050551716
-0.030228483
0.097501516
-0.040741585
0.0079039205
-0.039647955
0.052913491
0.042167485
-0.074627228
0.027404575
0.11401618
-0.19499743
-0.16526294
-0.10959872
-0.066852197
-0.03363337
-0.067464955
-0.0065191714
-0.0042278161
-0.14506653
-0.16249087
-0.074697882
-0.16649988
-0.013495142
0.045681629
0.024980528
-0.10268527
-0.061242815
-0.090886749
-0.030303182
-0.054722011
-0.081435539
0.13651639
0.041205987
-0.16880891
0.037059955
-0.063588843
-0.13962249
-0.076326199
-0.085600868
-0.08968588
-0.02689703
-0.0057481281
-0.14244674
-0.030120455
0.057400696
-0.094817407
-0.038201377
0.035514362
0.039487008
-0.093766317
-0.071136497
-0.026006671
0.046575047
-0.10612015
-0.17932601
0.068567231
0.0045056171
-0.053606853
0.03704017
-0.029559031
-0.074558832
-0.16816875
-0.18354434
-0.11812402
-0.077819817
-0.0829788
-0.18752606
-0.13275442
0.012997527
-0.039013699
-0.28984696
-0.11526225
-0.076220095
0.10364453
-0.049542088
-0.076841727
0.187253
0.012950654
-0.026577879
0.047720093
-0.003238762
0.0030014296
-0.053570554
0.016622171
0.01158001
-0.10711491
-0.061449088
0.031222779
0.010820255
0.049411587
-0.081797294
-0.16465543
-0.15627331
-0.11339527
-0.035782818
-0.040512227
-0.061623067
-0.073758051
-0.072945431
-0.13117291
0.065754659
-0.066617109
-0.073577598
-0.024628518
-0.052071426
-0.045210194
-0.089133531
-0.013733787
-0.010828898
-0.049771044
-0.15530041
-0.0070492676
0.053752836
-0.027927134
-0.11975048
0.12872899
0.14185216
0.074125201
-0.10801718
-0.063799232
0.03399615
-0.16178098
-0.084037557
0.026587727
0.027001791
0.011185637
-0.0079921735
0.070619628
0.091127843
0.29402661
0.23490474
0.00076998124
0.029411718
0.096110903
0.0068848589
-0.027273765
-0.11554828
-0.0056322664
0.015350398
-0.076783635
-0.018168353
0.043668468
0.058373682
0.0063313507
0.0039667697
-0.20299453
-0.037994295
-0.078377552
-0.13945171
-0.01346326
0.053449597
0.11561676
0.0021727488
-0.032330837
-0.098254353
-0.16746278
0.099153452
-0.043998357
-0.07602305
0.2352667
-0.061986133
-0.079361282
0.21417163
-0.13032521
0.051607247
0.11004669
0.019512847
-0.068320818
-0.0030505739
0.095097937
-0.0056679589
0.12050497
0.028784342
0.1153293
-0.043438192
0.039948784
0.031631131
-0.08590351
-0.14995226
-0.18008079
-0.028629092
-0.011855946
0.033894639
0.026300481
0.055794988
0.010507513
0.047176734
0.11932401
0.011176809
-0.20038621
-0.021049177
-0.00028611813
-0.029240794
0.075336903
0.069456451
-0.02460607
0.06447351
0.020227928
-0.13779598
-0.030948834
-0.1269109
0.030831745
-0.13135302
-0.045621648
-0.0024890215
0.012058903
0.046867918
-0.037868068
0.05003117
-0.11821578
-0.14490955
-0.12976424
-0.044676293
-0.12168396
-0.15921091
0.11909728
0.19289547
-0.04573236
0.073770858
0.17439218
-0.10516226
-0.018285237
0.047403198
-0.11330654
-0.072307356
0.12478676
-0.090657756
-0.056487098
0.26678944
-0.12245531
-0.16571167
0.078637227
0.1165576
0.11737366
0.31352222
-0.06812191
0.026189527
-0.069259621
-0.029781481
-0.019851105
-0.0095763551
0.067126527
-0.028757622
-0.040527202
0.10439665
-0.068080932
-0.013155522
0.088489592
-0.05743175
-0.011349333
0.14977878
-0.019336542
-0.13674961
-0.14908448
-0.067024097
-0.051235575
-0.078255393
0.026226064
0.085826293
-0.044742182
0.028847376
0.051822249
0.085919231
0.073204294
-0.15443987
-0.112652
-0.13066195
-0.088458091
-0.025598038
-0.11368103
0.017032506
-0.1184905
-0.025522599
-0.0032629117
-0.040863626
-0.019113969
0.011905251
-0.074497849
-0.021245625
-0.0028735765
-0.12313632
0.039677236
0.052502051
-0.12404564
0.081942409
0.2174651
-0.005117509
0.039443754
0.088423081
-0.02672047
-0.055793546
0.11201267
0.02801241
0.02770769
0.17695159
0.069654137
0.043541126
0.045611896
-0.18369505
-0.17833763
-0.16405652
-0.041143306
-0.059769183
-0.063498586
-0.021605391
-0.026580831
0.0021527887
-0.09816929
-0.11512333
-0.11234543
0.015783453
-0.1687866
-0.10637553
-0.15558118
-0.1013184
-0.010321005
0.037767231
-0.024439402
-0.24517259
-0.063938484
-0.25204983
-0.04273393
-0.13155681
-0.024082452
-0.075886376
-0.10489941
-0.031634279
-0.038917165
-0.070547223
-0.043989774
-0.078586012
-0.10290787
-0.047345132
-0.090803027
0.13466525
-0.035098772
-0.026127355
0.023743976
-0.12086073
-0.067123964
0.094708242
0.1034271
0.18568437
0.030101312
0.06168345
0.089925647
-0.072660819
0.15745825
0.14914364
0.049086273
0.12357702
-0.054229394
-0.062275268
-0.02943562
0.15756589
-0.078268595
-0.041511077
0.037272178
-0.31477189
-0.086258821
0.060607824
0.015068765
-0.059228323
-0.060633719
-0.14880221
-0.11088987
0.11668722
-0.082083769
0.09062814
0.35554865
0.024305567
0.14619136
0.0036068773
-0.041320197
-0.033374313
-0.15440889
-0.10304267
-0.059686903
-0.1038079
0.14311381
0.10749901
0.2198921
0.097868428
0.18817218
-0.025587585
-0.0074839555
-0.17600268
-0.0040815487
-0.080590725
0.1301471
-0.12826362
-0.05183496
0.014464385
-0.15513925
-0.2108075
-0.04853984
-0.18662408
-0.042951219
-0.041752722
0.26229784
-0.019222172
0.079011329
0.22206253
0.15956026
0.19759764
0.095547535
0.069845878
-0.053510498
0.02429066
-0.083732039
-0.094822675
0.0069214283
-0.0778533
-0.053662583
-0.1161584
-0.070874758
-0.1921062
-0.14398172
-0.10187522
-0.10059258
-0.10231467
0.034822699
0.030968152
0.10235722
0.13194694
0.055051692
-0.11460869
-0.11861148
-0.097980507
-0.053507686
-0.14242494
0.016971424
0.1351887
-0.10268152
-0.029021857
-0.0090645263
-0.039946642
-0.057245858
0.082284316
-0.10864058
-0.10478357
0.10099461
0.049830202
-0.014788298
-0.11012828
-0.011555177
-0.024716998
-0.040989812
0.00074850768
0.003710239
0.010517904
-0.11461554
0.018697249
0.14950767
-0.16007224
-0.053747967
0.01438339
-0.46993873
-0.29134411
-0.33766162
0.013850414
0.005235035
-0.030053586
-0.090863541
-0.12943898
0.077062324
-0.068738326
-0.043175559
0.29127598
-0.068119153
-0.059527889
-0.06108585
-0.0070987912
-0.012465497
-0.0059817638
-0.0073371353
0.12034369
0.21964276
0.09863358
0.012629786
-0.0341326
0.0065944828
-0.040200166
-0.090159774
0.06529104
0.041949388
-0.12537111
0.075866044
0.032343823
0.11183549
-0.0024064437
-0.036342379
0.011597009
-0.083620541
-0.15845951
-0.25953853
0.034420624
0.092333876
0.37710935
0.079833888
-0.075325735
-0.010869974
0.046368536
-0.17580494
-0.21859439
0.051685456
0.042165916
-0.061581165
0.0050545656
0.012175915
-0.1674021
0.00082817313
0.09018556
-0.075536504
0.065100268
-0.044963598
-0.034860615
0.00089774327
0.10643969
0.11522661
-0.027760047
0.0030441699
0.026008993
0.052894901
-0.017693631
-0.077156186
-0.013800368
0.052261047
0.026899392
0.022756603
0.070775963
-0.1173147
-0.010656582
0.00015082197
-0.0024570769
-0.078065455
-0.052057788
-0.047442868
-0.16078652
-0.011404116
0.0038857644
0.15934634
0.046958536
0.0762982
0.16057636
0.063297145
-0.035362307
0.085059963
0.028488554
-0.2059966
-0.075455368
-0.035476778
0.21194167
0.051333565
-0.016645467
0.19408171
0.12907825
0.035463374
0.16464663
0.041496444
-0.039620437
-0.023844261
-0.038472619
-0.12844409
-0.12781522
-0.019513499
0.00065836526
-0.069210783
0.0072127194
0.052734226
0.12718482
-0.025170881
-0.072116524
-0.20872705
-0.12829374
-0.068790413
-0.17632329
-0.021592429
0.048499908
0.0018747796
0.063652754
0.078016751
-0.014578911
-0.15643117
-0.14954449
-0.028028822
0.17854179
0.094412282
0.19312584
0.054028671
-0.074788839
-0.08406844
-0.0094099166
-0.060160257
-0.16997442
0.11114644
0.18537332
0.028847771
-0.06756378
-0.058848873
-0.11393618
-0.01873263
-0.10281663
-0.16939926
-0.1143684
-0.031787097
-0.057515822
-0.0046467721
-0.091791406
-0.17232995
0.0080369674
-0.033510391
-0.14154273
0.076635405
-0.026733629
-0.10853425
0.022618154
-0.011505823
-0.14559552
0.079146922
0.068692416
-0.051762618
-0.019737083
0.029063402
0.20885071
-0.032187972
-0.078108102
-0.0036484471
0.028331393
-0.0054572597
-0.0060501997
-0.047054451
0.0071271094
-0.022652486
-0.12577768
-0.078916676
-0.033497307
-0.1697991
-0.062872224
0.14067104
-0.10416146
-0.10929374
-0.17867415
-0.14430679
0.0047685602
-0.039997566
-0.14068367
0.17132024
0.17068633
-0.0047573415
0.04967377
0.071909174
0.046468157
0.063357189
0.008185219
0.060882859
-0.0023215811
-0.2040529
-0.056324258
0.10170909
0.094232254
-0.13657285
0.020823834
0.078574739
-0.1177851
-0.2022848
-0.19220783
0.075826585
0.041565467
0.028420374
-0.041378256
-0.16332279
-0.13440964
-0.12398815
-0.08418677
-0.033140764
0.022264881
0.024168864
0.085799254
-0.040700082
-0.049474221
0.11030088
-0.11509904
-0.07421042
0.089283347
-0.089378618
-0.064706691
0.018335762
-0.10237876
-0.10772097
-0.20905481
-0.062694445
0.023454323
-0.061424315
0.086723782
0.0048487689
0.052104883
-0.019931402
0.019990982
0.040391255
-0.021108322
0.062903069
0.11327804
0.01663037
-0.0035243954
0.062910482
0.0042708558
0.04824172
-0.047534708
-0.071737126
0.010288945
-0.10986045
0.10103032
0.089726694
-0.012471668
-0.069568336
-0.023854686
-0.065268271
-0.22545223
-0.2286052
-0.21036351
0.14014108
0.030604186
0.063014038
-0.074015811
-0.18785839
-0.042039327
0.07048507
0.027124936
-0.068162635
-0.10624579
-0.050787397
-0.11159147
0.093390256
-0.0022783836
-0.0034275118
0.031581853
-0.34679887
-0.29946437
0.25887913
0.23328342
0.11377995
-0.01758223
-0.07464993
-0.090017691
-0.40480161
-0.30330047
-0.083716907
0.18729435
-0.23093586
-0.20259938
0.15094015
0.10673885
0.043679893
0.12091052
0.12737694
0.0069944598
0.3258059
0.097541213
-0.17551219
-0.13000169
0.023077687
-0.0021309808
-0.14806508
-0.010888819
0.00026475801
0.021445898
0.063053697
0.0087929387
-0.04075142
-0.15421854
-0.1438615
0.13146834
0.00014881675
-0.043521821
-0.0026092106
-0.02543941
-0.015715046
-0.13197781
0.0076687662
0.20295167
-0.014677039
0.034596749
-0.067294672
-0.051816825
-0.12370799
0.18517452
0.26868045
-0.17196192
-0.070403598
-0.014059355
-0.18108292
-0.013785375
-0.065323249
0.12695612
-0.037031293
0.16389039
0.061480615
-0.084081851
0.14839824
0.084439822
0.099422939
0.11413622
0.11969718
0.010827723
-0.019302957
-0.044425614
0.086905211
0.065204084
-0.10501429
-0.14458889
-0.14790837
0.15097545
0.096000895
-0.32148725
-0.22783394
-0.17378992
0.047840621
-0.11360664
0.19329855
0.17066783
-0.011873247
0.0054682083
0.03416745
-0.0092187012
-0.0426859
-0.032191008
-0.044059735
-0.14557794
0.026562717
-0.22852616
-0.12930925
0.11905374
0.070955582
-0.19149365
-0.21868223
-0.096354105
-0.27383313
-0.15960063
0.10029127
0.3251214
0.060755454
-0.09134905
-0.0029966454
0.19367306
0.10677607
0.072682135
0.13369329
0.025970753
0.14161317
-0.031131221
0.0029335064
0.078250252
-0.089788444
-0.079108812
0.10872363
-0.076048814
-0.11631529
-0.19109237
0.0031441906
-0.11561889
-0.031160863
0.13714518
-0.016853364
0.14442518
0.068502836
0.079121724
0.033747133
-0.026867442
0.078797601
0.13617106
-0.18376727
0.11009654
0.41055006
0.090525962
-0.07834395
-0.14271882
-0.02401692
0.0083951317
-0.16880994
-0.17034984
0.027337095
-0.033411164
-0.051424518
-0.0068782219
0.051281355
-0.12511614
-0.046822436
0.17631887
-0.21245192
-0.071542315
-0.039093997
-0.0050896462
-0.12622151
0.0078010485
-0.16053042
-0.1510348
-0.078954346
-0.058666211
-0.18498781
-0.15775925
0.018669385
-0.039912838
0.20717825
-0.011670902
-0.018976226
0.11175297
-0.22012919
-0.16816287
-0.081276223
-0.15820776
-0.089467913
0.03749609
0.13032274
-0.16116068
-0.26587427
0.35262465
0.16306178
0.092315108
0.31660411
0.20442924
-0.066158347
-0.085768394
-0.070379116
0.040896341
-0.19339746
-0.10159755
0.2201388
0.095326968
0.21187264
0.11053744
-0.060525913
0.029232569
0.18761335
-0.15556505
-0.29843375
-0.23712601
-0.028012201
-0.17158426
-0.17849568
0.043775581
-0.021116592
-0.031715345
0.17797042
0.17205945
0.29361421
-0.093917981
0.087510131
-0.18916865
-0.080474794
0.12989962
0.028870614
-0.16241382
0.037055112
-0.056223921
0.026368277
-0.11617893
0.052948829
0.093464099
-0.06001718
0.21266404
0.065156832
0.093786716
0.19120145
-0.18612562
-0.057479508
-0.14949678
-0.1119152
0.0080102785
-0.016044267
-0.15053892
-0.085516632
-0.08247561
-0.009326579
-0.16824123
-0.040349618
0.14064002
0.0369897
-0.092999667
-0.0065457667
0.17276672
0.16739005
0.0155619
0.15020359
0.065103225
-0.20025457
0.081892617
-0.060823515
-0.040741038
-0.020399919
-0.13431598
0.31652319
0.24514344
0.27702555
0.060821041
-0.03571558
-0.19020018
-0.22808068
-0.18240811
-0.17386359
0.13255416
-0.11899813
0.066734709
0.046286829
-0.12043402
-0.053544477
0.04283905
-0.12000198
-0.22775264
-0.12898102
-0.03132223
0.093529992
-0.067780502
-0.025225246
-0.02273481
0.14254628
0.047856424
-0.0013003446
-0.12265897
0.024627956
-0.042652182
-0.10038357
0.077972651
-0.037308898
-0.19419308
-0.0026245597
-0.1631562
0.08102373
-0.078425966
-0.066995308
0.10784788
-0.019110197
-0.028906906
0.099442698
-0.039466076
-0.093317159
-0.23586811
-0.14925353
-0.079798862
-0.15297498
-0.068762898
-0.03075459
-0.2555055
-0.079041414
0.1220673
-0.017760562
-0.033347614
-0.1100545
0.0050212462
0.12650387
-0.10433865
-0.15258271
-0.001191049
-0.18673906
0.016548349
-0.065668367
-0.011721424
-0.0082740532
0.022165682
0.081471294
-0.23856683
-0.015645262
0.12032721
0.021697998
0.048279032
-0.045049407
0.04762483
-0.051363613
-0.12195384
0.036151096
-0.041730285
-0.041855592
-0.1030677
0.077805042
0.11482964
-0.039737031
0.089328647
-0.12064701
-0.17575818
-0.026405321
-0.19758213
0.0011687856
0.0031979817
-0.063563399
0.078740142
0.051542163
-0.079609774
0.16537438
0.095466822
-0.0067402553
0.14640386
0.14502537
0.029386379
0.0034358464
0.028711209
-0.0703981
0.10523041
-0.026265426
-0.066614211
0.077921584
-0.0028533631
-0.020238491
0.034013849
0.0011784316
0.072571382
-0.25537378
-0.082446717
0.10609046
0.088508524
-0.1458481
-0.13290974
-0.050712503
0.008169625
-0.025384905
0.00018185737
0.060156982
0.049844988
-0.090212181
-0.052671015
-0.00096108206
-0.096048094
-0.085708588
0.07452675
0.13982104
0.15910164
0.18784359
-0.070977278
0.10093301
0.1543173
0.081286259
0.05217801
0.031183794
-0.005074867
0.0058087967
-0.009949455
-0.158373
0.003982997
0.049250823
-0.11969097
0.044520017
0.12212747
-0.13983096
-0.076412439
0.047891833
0.1194409
-0.10224511
-0.043210015
0.19073699
-0.088247687
-0.141358
0.14276636
-0.13837531
-0.17484537
0.19849394
-0.040318742
0.064039245
0.0029748871
-0.021275815
0.078308791
0.12817766
0.089104466
-0.094929419
-0.20702878
-0.11465446
-0.12235112
-0.05213733
-0.0051673264
0.08262831
-0.16090477
-0.10452484
0.0055387942
-0.30189806
0.0105484
-0.11081877
-0.048196059
0.14450365
-0.067743838
0.074896015
0.18791384
0.10837625
-0.1333462
0.0063436129
0.081482142
-0.05087385
-0.04697277
0.028686851
0.13673584
0.12447354
-0.010241915
-0.22146876
-0.078896746
-0.050825253
-0.095732152
-0.025719253
0.044934213
-0.21516281
-0.11621904
0.091129556
0.055806722
0.039311398
0.052630726
0.061046056
0.058308773
0.033229478
-0.062760204
-0.061970405
-0.0078956569
0.038037088
-0.14597489
-0.15471242
0.00040631296
-0.024569921
0.061368141
-0.13399637
-0.010798337
0.057849769
-0.015942164
0.02123219
0.033180922
-0.03378018
0.048498832
0.047581479
-0.20177625
-0.045088872
-0.0740107
-0.039002579
0.11895908
0.11215953
-0.073238499
-0.0089419652
0.049458466
-0.13215819
-0.085563965
0.01388922
-0.047213458
0.05551637
0.087307744
0.031753194
-0.0092164762
0.041899867
0.14999323
-0.09654735
-0.13104148
0.016328646
0.13000248
0.14327335
-0.026486702
0.051380109
0.026768416
-0.13777107
-0.05416663
-0.18192464
0.069739185
0.1232153
-0.051349223
0.056412175
0.049814388
-0.14045426
-0.11516579
0.00022329186
-0.053337954
-0.10352375
-0.13838275
0.11196247
-0.1445404
-0.13926601
-0.0026688769
0.2272038
0.20926592
0.25447229
0.091584139
-0.032740485
-0.11823498
0.06645032
-0.069593772
-0.19636109
0.37422597
-0.12864524
-0.23343259
0.13077548
0.10113926
-0.027386647
0.054726984
-0.00077914185
-0.11309118
0.12653615
0.046389576
-0.080250971
-0.027847964
-0.028227145
-0.024852211
-0.02273852
-0.054325324
-0.16275632
0.17330657
-0.040368035
-0.1582008
-0.032519918
-0.050291587
-0.016444791
-0.052430555
-0.041417919
-0.035713177
-0.14593489
-0.1314607
-0.13797915
-0.14675683
-0.15539522
-0.13618469
0.068975285
0.0093796002
-0.011582345
0.21715538
0.19963482
0.081678495
0.055479165
0.016899537
0.016421497
0.037665855
0.008953643
0.046394218
-0.2657873
-0.19606391
-0.024085999
0.11987261
0.022591026
-0.031296194
0.11663758
0.015338706
-0.010147961
-0.047428373
-0.034911092
0.20402639
-0.10567059
-0.092672385
0.0090597589
-0.042814124
-0.091835856
-0.047389239
0.10248718
0.078134984
0.00021909084
0.0022448853
0.014526743
0.04685035
-0.0089298571
-0.0093290675
0.022146812
-0.097248085
0.0071064699
-0.010823955
-0.045681812
-0.1296948
-0.066097192
-0.04697099
-0.12229957
-0.026374424
0.20366107
0.088541351
0.17672406
0.02906693
0.003760085
-0.07716503
0.061445381
-0.030308098
-0.17530297
0.14056145
-0.058807258
-0.25464016
-0.027739707
0.044442073
0.00038211737
-0.12201436
-0.048821595
-0.11037244
-0.0075720469
0.027736779
-0.082330637
-0.015473413
0.024384046
0.05016683
0.020197127
-0.0039042381
-0.051555697
-0.015403017
-0.090123072
-0.13253315
0.049737163
0.045802079
0.041360304
0.0058864313
0.05515841
-0.037838854
-0.21585362
-0.07924208
-0.21462363
-0.078647673
0.011577045
-0.001866411
-0.083761349
-0.016550547
-0.052737296
-0.06500604
0.007777493
-0.071220696
-0.040254906
0.035125762
0.024456907
-0.008449818
0.056539912
0.061930701
0.086681306
0.036798477
-0.0097120386
-0.031553973
-0.0096761798
0.053164303
-0.0048820172
-0.0047753872
0.071442485
-0.068710059
-0.11855279
0.04240527
-0.014068533
-0.042691614
-0.023370249
-0.020725453
-0.028567541
0.040831815
-0.11203496
-0.031535927
0.061833881
0.092904769
0.10230195
0.05855139
0.0096324366
-0.042096656
0.04303246
-0.074531727
-0.076430075
-0.037030373
-0.0055800253
-0.018020067
-0.0082240533
-0.0026768555
0.071246102
0.089699291
-0.014438245
-0.01905987
-0.010840574
-0.01997564
-0.003532693
0.032681473
0.07940919
0.10742522
0.097192116
-0.032472529
-0.0008213463
-0.024277236
0.025582133
0.027109526
0.014701098
0.042006284
0.048040673
-0.012766892
-0.030349847
0.072469123
0.1088066
0.0026336075
-0.010397921
0.0028240858
0.066150479
0.010624047
-0.0046254215
0.051341966
-0.060355753
0.018382315
-0.07948792
-0.094791874
-0.060363859
0.005066663
-0.060749833
-0.007767539
0.048571963
-0.018601578
0.013140321
0.025681663
0.082183607
0.027667461
-0.018964015
0.064672209
-0.015024885
-0.097181819
-0.016253782
-0.043169674
0.0068404605
-0.037902549
0.087124519
0.042893939
-0.0073869824
0.022029685
-0.045736942
-0.11175007
-0.11430402
-0.11890462
-0.024643488
0.061918162
-0.252332
-0.092938833
0.024908898
-0.26651332
0.049564309
0.22525154
-0.073983401
-0.0083789174
-0.068028055
-0.031898223
0.055970144
-0.0094231404
-0.17848884
-0.07795243
-0.093705796
-0.010801811
-0.035147209
-0.064955525
0.032096878
0.030409513
0.023273172
-0.017384348
-0.060015094
-0.076299138
-0.09652169
-0.022825813
-0.091578931
-0.074346766
9.9323661e-05
-0.033755243
-0.11506446
0.03761344
-0.086393535
-0.038774353
-0.130044
-0.080224335
0.010109631
-0.035015631
-0.0054632341
0.032247897
0.046186123
0.067183658
-0.093433641
0.057182238
0.13270977
-0.039100066
0.036218982
0.063080452
0.23449254
0.061103739
-0.023208121
0.040788949
-0.014427665
0.015873834
0.022940544
-0.010591314
-0.0028972598
-0.070214853
-0.10286228
-0.15763539
0.035317093
0.064879522
0.074332379
0.032197461
0.0023610329
-0.062275894
0.037260789
-0.085979149
-0.17463683
-0.00058732583
0.0053858529
-0.073498756
0.019196099
0.0085270647
0.0076193591
0.015149813
-0.070918769
0.0012757253
-0.36088488
-0.18053061
-0.23792918
-0.12472267
-0.15845655
-0.089102238
0.050666559
0.091912501
0.10362151
-0.066096045
0.052176543
-0.15045974
-0.036155749
0.13033509
-0.083870366
-0.02765039
0.10751613
-0.062146075
-0.10376304
-0.15398459
-0.2028829
0.10539573
-0.003171911
-0.029273115
0.060768526
0.0066158958
-0.057520986
-0.20254537
-0.15837686
-0.053866565
-0.012082043
-0.067328304
-0.020543305
-0.065975137
-0.024562648
0.028436875
0.040185045
-0.16776846
-0.10821441
-0.11220769
-0.060550716
-0.00013622332
-0.07231541
-0.13464212
0.037037458
0.18430743
0.076903678
0.05096506
0.074060172
-0.007856993
-0.017818062
0.072582386
0.077602692
0.021314777
-0.083266318
0.011454617
-0.11953888
-0.039118964
-0.027565476
-0.051239628
0.10081024
0.078576319
0.039330103
-0.34213665
-0.11512443
0.14369994
0.087385893
0.035574939
-0.12854484
-0.10668898
-0.21320377
-0.23994429
0.018308513
-0.042421814
-0.17637248
0.017829513
0.0016730301
-0.097426899
-0.031034483
-0.08861652
-0.19002828
-0.30814201
-0.24020372
0.052991576
0.085550152
0.19618495
0.10053001
0.31247291
0.18697424
0.13759042
-0.020895405
0.1512825
-0.038756993
-0.11156957
0.056761488
-0.11169855
-0.099639788
0.20428306
-0.01199403
0.075385384
0.10618844
0.049910124
-0.13168944
-0.042570621
-0.12276781
-0.034917593
0.00020057795
-0.031216841
-0.17503829
-0.048662435
-0.13231052
0.076924808
0.14514695
-0.010971953
0.07361263
-0.073183112
-0.030482149
-0.071067393
0.068195045
0.21464355
-0.21957113
-0.087310083
-0.059923392
-0.18112917
-0.084017307
-0.10120765
0.043232214
0.0098493928
0.0081598079
-0.030195683
-0.027490081
-0.039796568
-0.042056113
0.057485793
-0.00642103
0.23421206
0.027593505
0.064658783
0.11284034
-0.086781584
0.022364272
-0.21193165
-0.051878005
0.0020623372
0.37166926
0.042871412
-0.212028
-0.016406922
-0.11985283
-0.0090530859
0.082964189
0.02922843
0.14189154
0.027582252
-0.03419818
0.27904058
-0.25615785
-0.15797469
0.080462866
-0.012223129
0.070830792
0.17555638
-0.28096381
-0.12313604
-0.085437395
-0.094686709
-0.080493025
0.10448364
-0.04834852
-0.0041629588
0.13886778
-0.18980412
-0.062163811
0.16692972
-0.15009516
-0.14693789
-0.019908078
0.059771176
0.067487963
0.062585428
-0.076961882
0.11226986
-0.17321095
-0.015935568
0.072314717
-0.18332604
-0.079760984
0.036844466
-0.12636206
-0.22294766
-0.03072327
0.15011391
0.063361794
-0.066508599
-0.04960167
-0.012283494
-0.12083516
-0.11784696
0.29797202
0.11960573
-0.37866434
0.098085843
0.023822019
-0.17454596
-0.047774922
-0.067721903
0.030530777
0.10002404
0.052389234
-0.22825946
-0.16627887
-0.055848166
-0.072437324
-0.2025521
-0.13334569
-0.047483914
0.088156402
0.089516506
0.23273458
-0.11980448
-0.042992495
0.046686184
-0.22040388
-0.15962535
-0.093507394
-0.017469319
0.15775846
0.26506072
-0.015308464
-0.0080254711
-0.069828153
0.13381055
0.025128175
0.04336651
-0.036461409
-0.11981047
-0.14715461
0.028517066
0.015319971
0.038006425
0.14273387
0.036671925
0.13202655
-0.32051021
-0.25595659
-0.082850926
-0.1257426
-0.099124707
0.037464097
-0.13008791
-0.076892972
-0.044828158
-0.074543774
-0.33546886
-0.37006694
0.096305527
-0.049357343
0.047767591
0.0057049007
-0.062960654
-0.049315002
0.22422691
0.3410956
0.37299204
0.17829351
-0.029971205
0.18224841
0.28822964
0.010698075
0.39106205
-0.16154018
-0.12502694
0.027541984
-0.075629398
-0.001750445
0.10988411
0.076621473
0.0010796436
-0.025766006
-0.079736903
-0.18114546
-0.15690729
-0.085852832
-0.025211798
-0.067033373
-0.15536304
0.0037578209
-0.029293586
-0.035803955
-0.00738865
0.064588651
-0.082800843
-0.016126279
0.035268459
-0.18610661
-0.034158044
0.052501217
0.10538241
0.029182978
-0.019742724
0.05900906
0.053812023
-0.01831897
-0.021226488
-0.04615958
-0.091909751
0.015400711
-0.027127696
-0.11137391
0.024940245
0.012568657
-0.037932198
-0.0088125914
0.081985027
0.083265439
-0.092699088
-0.0054344051
0.025106529
-0.13133579
0.0096848542
0.044872407
-0.075595111
0.037047163
0.068490386
-0.17246971
-0.10062461
0.062912159
-0.067107722
-0.067323282
-0.02422164
-0.1311717
-0.056161176
-0.11084822
-0.096673146
-0.052876081
0.15752007
-0.010473351
-0.0052353195
0.099378258
0.11985771
0.027801111
0.075490065
-0.1110015
-0.020383997
0.029811746
-0.075261615
-0.002941756
0.029159391
-0.076310016
-0.033815064
-0.0072003063
0.072488986
-0.017566809
-0.03015204
-0.065217577
-0.030750832
0.046574593
-0.12610282
-0.09089151
0.087338477
-0.11255787
-0.072529897
-0.040098593
-0.09154769
0.012079405
-0.026977882
0.015181041
0.019587601
-0.0059945611
-0.14684723
-0.0052658352
0.052222505
-0.095983446
-0.030915361
0.0427889
-0.17702413
-0.081381895
-0.021339344
0.10885501
0.010706169
-0.01062513
0.04424943
-0.068107218
-0.048529819
0.14175215
-0.00082161563
0.048054785
-0.17848207
-0.056224015
0.032417849
-0.13165805
-0.035101321
0.028756529
-0.080114998
-0.057698071
-0.015039709
-0.066843502
0.024456091
0.067187652
0.0015980481
0.030398037
0.093849875
-0.064883336
0.015845973
0.1113717
-0.032840203
0.10579912
-0.084053695
-0.072223037
-0.047574397
-0.032754656
0.023330899
-0.025922636
-0.11531658
0.15602103
0.0008528523
-0.12941262
0.061448079
-0.029330697
-0.074199058
0.0019566824
-0.062471952
-0.091446519
-0.033118758
-0.010102404
-0.10492747
-0.016522937
0.0072249505
-0.024652049
-0.07253956
-0.0032869352
-0.039234839
-0.093440458
-0.05027502
-0.016800744
0.043809392
-0.034923263
0.026300557
0.099226862
0.033647854
0.15258756
0.10726412
-0.057741243
-0.059787624
0.11647768
-0.083460182
-0.10111059
0.0778272
-0.028870059
-0.050705466
-0.02935949
-0.11206853
-0.008244494
0.0085316356
-0.063696206
0.049621578
0.034758836
0.047840793
0.16618237
-0.079463996
-0.0087818597
0.03352112
0.0026434585
0.0035222296
0.015251557
0.005289265
0.067197427
0.1201889
0.18786645
-0.043581959
-0.023519872
0.033463806
-0.10205772
-0.029998472
0.0032504024
-0.063061081
0.077262186
0.17866421
0.084759556
0.10944628
-0.10211836
0.068001613
-0.043820534
-0.10925092
-0.07465829
-0.038762331
-0.053218417
-0.00072453381
-0.037854809
-0.10318318
0.00030853675
-0.022499943
-0.088990219
0.0094024446
0.058360174
0.0045728255
-0.11063983
-0.32193553
-0.014054257
-0.070059963
-0.1815221
0.0015248124
-0.060844578
-0.043436371
0.047916491
-0.031541832
-0.061843451
0.12121487
0.024142105
-0.062057182
0.19675872
0.062301643
-0.092862882
-0.064496815
0.040723078
0.11760146
-0.035375729
-0.058352713
0.022001248
-0.01518773
-0.071471162
0.022514429
-0.18508504
-0.090417415
0.056083519
-0.16444185
-0.085755251
-0.0083803367
-0.088228352
-0.035414394
-0.11213303
-0.14420426
-0.068970993
0.0092210658
-0.083088972
-0.0323558
0.012748378
-0.028790969
0.01381272
0.12138686
-0.18747102
-0.089402996
-0.038850889
-0.035937309
-0.0017338176
-0.016504381
-0.082018815
-0.060813949
-0.085421182
-0.079213023
-0.06565024
-0.0087298248
0.061033212
-0.018571172
0.011267609
-0.010236594
-0.037758332
-0.0082993424
-0.06065096
-0.047844321
-0.082087122
0.083420739
0.039310228
-0.012285738
0.096889354
0.044496361
-0.11954401
-0.11185061
-0.056796692
-0.10321977
-0.049879499
-0.011328543
0.015554362
-0.0081695504
0.041616373
0.02154568
-0.01587698
-0.069217294
-0.03648454
0.039461721
-0.044039126
-0.0080965227
0.12743217
-0.040196706
0.080556609
-0.057552926
-0.077203706
-0.036700476
0.11205404
-0.0050469646
-0.060368009
0.24390312
0.079927221
-0.055917945
-0.10915148
-0.06526573
-0.047590591
-0.073196843
0.015043958
-0.00443338
0.019323289
0.081534751
0.066232912
0.13053931
-0.051007591
-0.06337171
0.071794644
-0.072453514
-0.033091161
0.053252734
0.034249663
0.089888416
0.16251965
0.11034626
0.096210308
-0.011423619
-0.037299599
0.08641541
-0.069802046
-0.10235483
0.12452882
0.0039871577
-0.02346595
0.019333983
0.05254386
0.030069742
0.037365347
0.085129946
-0.0078670438
-0.0074773249
-0.01094346
-0.068755269
-0.053117391
-0.00019634039
-0.072197497
-0.098732919
0.098904423
0.031255547
-0.045573764
-0.21195957
-0.11010239
0.2784881
0.0098314798
-0.11585436
0.11853189
0.10857039
-0.099807322
-0.011184441
0.19409522
0.14181678
0.056113787
0.058154363
0.054426298
0.062604137
-0.058050893
-0.045767643
0.11611237
0.095913611
0.14785732
0.052123692
-0.004657873
-0.040280364
-0.014193487
-0.081883453
-0.036868345
0.012763178
-0.09854766
-0.095137089
-0.099791825
-0.022991244
0.0098899454
-0.0087261237
-0.088895798
-0.049979627
-0.044104259
-0.27709091
-0.23383629
-0.25257161
-0.15795262
-0.093287744
-0.063515812
-0.029882343
0.063859679
0.085770741
-0.12618688
-0.1891205
0.0043192259
-0.040185433
-0.12788993
-0.11636624
-0.020354863
-0.052535925
-0.15406504
0.052887093
-0.0067470549
0.099597313
0.07624203
0.064540647
0.075744383
0.085734911
0.07946413
-0.018236682
-0.13565433
-0.10803063
-0.037402008
0.01566831
0.0080098761
0.050656151
0.056238756
-0.030347541
-0.073330782
0.03539804
0.070012949
-0.0084550604
-0.029425791
-0.031537421
-0.089115761
-0.043042574
-0.051341038
-0.039861128
0.23479822
-0.020527747
-0.037097372
0.07672441
0.014420463
-0.0046489667
0.095221877
-0.040322885
-0.016205618
-0.13815416
-0.12908359
-0.15034339
-0.080976792
-0.058755822
-0.11901408
-0.066919215
-0.096922308
-0.17709088
-0.13637364
0.031047177
0.0098643191
-0.079805516
0.011044291
-0.014675423
0.00055515434
-0.011216457
-0.067814536
-0.090026498
0.0023790193
-0.13568507
-0.04664854
0.017996002
-0.079798907
0.015779767
0.026637726
-0.028586259
-0.079531237
-0.0050693317
-0.081188522
-0.058192391
0.03010736
0.026469732
-0.063075326
0.0070964051
0.019411333
0.1357919
0.091625422
0.088467397
0.094500817
-0.032922551
0.048956543
0.082538113
-0.13566148
-0.0051048659
0.088854052
-0.10737114
-0.041117352
0.049778037
-0.065513372
0.050631743
0.098007731
-0.088396065
0.012481396
-0.07879059
-0.057456132
0.037496261
-0.0061939592
-0.054753829
0.11307359
0.21807727
0.079357065
0.18808073
-0.11880954
-0.13897677
-0.11258063
-0.081143498
-0.067877501
-0.10778119
-0.0882762
-0.016600817
-0.026458194
0.10011924
-0.057950586
-0.16096956
0.088917017
-0.039347973
-0.12539001
0.11777643
0.014420754
-0.14274189
0.062824778
-0.031714994
-0.050840151
0.14215302
0.0012736648
-0.019516099
-0.007329131
-0.076009549
-0.024483012
-0.055834793
-0.066767029
-0.063466065
-0.027666964
0.018157313
-0.0013736689
-0.0039133453
0.0083443951
0.0055314377
0.096377812
0.033823512
-0.011639556
-0.0038021372
0.020951821
0.016327441
-0.071351625
0.0034088108
0.12519582
0.14227429
0.143544
0.15040122
-0.063330293
-0.069388717
0.052351627
0.0046835644
-0.032499276
0.066268414
-0.08110334
-0.055564255
0.028805573
-0.0090456214
-0.049732592
-0.031513501
-0.038695909
-0.015074719
-0.019266712
0.014521993
0.033603225
0.064392462
-0.044400837
0.023746246
0.030823173
-0.027975416
0.060412679
-0.022590864
0.18284573
0.16242239
0.37712792
-0.031593379
-0.068266653
0.029623682
0.037068542
0.089482442
-0.11001871
0.15955918
-0.023131646
-0.2091824
0.026084796
-0.00045876839
-0.13336551
-0.052665111
-0.025720632
-0.11437251
-0.36684969
0.13429503
0.011143515
-0.18310517
0.11416659
0.049019311
-0.077050909
0.011836801
-0.034083456
-0.087056607
-0.068309091
0.076751061
-0.0029304554
-0.005816476
0.034344565
-0.05086828
0.020146139
0.16684103
-0.29473281
-0.070814215
0.054516897
-0.15996706
-0.0018133202
0.062614866
-0.16715281
-0.064475767
-0.10588656
0.18074343
0.1268442
0.11666377
0.06744162
-0.05203576
-0.047942139
0.12893268
-0.011728807
0.025904259
-0.054634042
0.045730121
-0.0050051506
0.018709177
0.019234855
-0.11931045
-0.0082766004
-0.050314825
-0.10612173
-0.0063780406
-0.098912627
-0.31635243
0.11750904
0.10587934
-0.11507489
-0.0079082213
0.076088853
-0.19476381
0.059224695
0.10839766
0.1188017
-0.045231018
-0.026448889
0.068653859
0.027529778
-0.033211369
0.036727995
-0.15053752
-0.038633194
-0.099170811
-0.09869539
-0.031197971
0.071496859
-0.065430246
-0.0049519679
0.19003253
0.15728931
-0.010979853
-0.13519856
0.071903452
-0.050304588
-0.10270648
-0.054441549
-0.088078506
-0.1295404
-0.067065224
-0.085803226
-0.0045816377
-0.032959383
0.0046325861
-0.0015222059
0.034619238
0.09560512
0.16684034
-0.42617413
-0.079389893
-0.065145433
-0.075340904
0.011714809
0.013832138
0.22726099
0.11164813
-0.076981582
0.25793031
-0.03172281
-0.080439165
0.057156216
-0.048927385
-0.10154097
0.12941915
0.10493989
-0.057006702
0.27515015
0.12663236
-0.089148842
0.06158413
0.033059973
-0.078028336
-0.0064132805
-0.065120488
-0.17130433
-0.054114968
-0.069959857
-0.13749053
0.053132474
-0.053580631
-0.11759309
-0.081849553
-0.09327814
0.025021801
0.058177892
0.14839193
0.06956324
-0.062852032
-0.099974699
0.062242128
-0.097907871
-0.11478674
-0.0026458215
0.1652545
0.025403453
-0.14620243
-0.1806016
-0.16208611
-0.23737317
-0.13836285
-0.041016486
-0.011164155
0.28094897
0.012781645
0.13072036
0.12138833
0.014514402
0.049220357
0.15564942
0.04761805
0.031549655
-0.093054257
0.0073097288
0.0083797285
-0.061638948
0.0071443683
-0.024575591
-0.097604267
0.036996469
0.05398139
-0.031201841
-0.093245849
-0.23195563
0.16909765
0.051293854
-0.034988716
0.18201852
-0.028763367
-0.20868352
0.12919201
0.00017432122
0.0049797269
-0.096094184
0.033626039
-0.032706454
-0.01089301
0.021432251
-0.11050718
0.30270192
-0.082944751
0.10700996
0.0069300337
-0.23720002
0.087195911
0.061711453
-0.14082837
-0.022597125
0.0005839623
0.1381283
-0.028908536
0.062372692
0.055312071
-0.018740511
-0.089340307
-0.14956555
-0.31425375
-0.11986813
-0.094877481
-0.14087348
-0.035945687
0.010305063
-0.036234263
-0.073516794
-0.047118444
-0.062628739
-0.020987498
-0.14368188
0.037694715
-0.02743371
-0.084759057
-0.0053700227
0.39502853
0.0011047601
-0.17101003
0.018700717
-0.035756476
0.033862092
-0.063011259
-0.073515892
0.050860934
-0.080783084
-0.016299151
0.12150513
-0.16513205
-0.062554568
0.23187789
-0.049162649
-0.054282133
-0.060353886
0.041408401
0.063737825
0.088180132
-0.19147544
-0.006292684
-0.17554188
0.063494183
-0.049376518
-0.241127
0.096371301
-0.2034746
-0.16931164
0.088561803
-0.067233488
0.075941034
0.016400283
-0.062139694
0.057954777
0.034937516
-0.037146416
0.036785766
-0.019213695
0.056089412
0.050224565
0.095065869
0.01799668
-0.025126083
0.016178677
0.00408671
-0.0018416999
-0.066327408
-0.0048774406
0.046391025
-0.17973593
-0.035198051
-0.00048888865
-0.17026049
-0.061216131
-0.045219403

[conv5.bias] shape=[40] dtype=float32
2.252176
-1.1726538
-0.42119214
-0.91998208
-0.613267
2.3180373
1.0975937
-0.26701027
2.0288522
0.68193871
0.27478594
0.95245337
2.0819819
-1.0866085
1.5429738
-0.38611692
1.1145314
-0.63798302
2.3672426
1.718066
0.25467053
-0.3704972
2.0114651
1.9278389
0.64012372
1.3242241
3.1252477
0.5766021
0.96283996
1.637329
-0.73686415
0.61752415
1.8803855
-0.11826861
0.47701272
0.79024845
1.338805
0.84192765
1.3074403
1.2498146

[conv5.weight] shape=[40, 32, 3, 3] dtype=float32
0.035186063
-0.11070602
-0.17317834
0.45179811
0.37588283
0.06108883
-0.54655629
-0.32803079
-0.48951343
0.1538842
0.04494112
-0.18841538
-0.063807987
-0.19929042
-0.41637406
-0.11750822
-0.43781102
-0.19215086
0.28539127
0.3226164
-0.50114983
0.065881796
0.33945373
-0.29304436
-0.0038078022
-0.067324497
0.073491096
0.66577578
0.31452435
0.64666742
-0.33911309
0.049969692
0.47461978
-0.57512355
-0.45125714
-0.39006373
-0.796215
-0.67902267
-0.73346937
-0.1726989
0.13710167
-0.36511746
-0.44638506
0.11147419
-0.70865548
-0.54248321
0.071754098
-0.96619731
-0.32748768
0.038386367
-0.38086587
-0.84677428
0.1090567
-0.64076912
0.14780425
-0.31954753
0.25713742
0.26411226
-0.29941574
0.24911667
0.31600872
-0.030626399
0.62257856
-0.82619023
0.06743066
-0.016601369
0.053261403
0.37001869
-0.062537611
-0.78957868
-0.04162446
-0.57553989
0.12296061
0.28496554
0.21582031
0.024136547
-0.056025837
0.19778991
-0.2892957
0.38174987
0.25310957
-0.12239854
0.19109054
-0.25062013
-0.012932303
0.21085478
0.10571039
0.1842265
0.77452588
0.32313272
0.23408689
0.46503153
0.056112394
0.70533878
0.30471107
0.28359237
0.73996413
-0.035090901
0.37079901
1.0040467
0.22096482
2.0456595
0.66002625
-0.090213202
0.83665162
1.1202761
0.73972416
1.0488153
-0.32039836
-0.30315098
-0.76707268
0.10880786
-0.20993534
-0.22650509
0.4127371
-0.19372267
-0.036913477
-0.68151385
-0.2870298
-0.49274811
-0.6101557
-0.66182387
-0.48490554
-0.35445029
-0.044826258
0.22433963
0.36818108
-0.12048194
-0.36253217
0.30706435
-0.20728943
0.019743562
0.2648882
-0.80703282
-0.22772953
-0.86482865
-0.32652494
-1.1802406
-0.24335456
0.02562868
-0.22122486
0.37314701
0.31520483
-0.053818196
-0.57484424
0.40808401
-0.7954933
-0.30476707
0.3035318
-0.12269153
-0.98350269
-0.23912846
-0.63600051
-0.6285364
-0.36098251
-0.20810384
-0.67541581
-0.17246577
-0.38784853
-0.91516608
-0.53060699
-0.58197033
0.86826193
0.26013586
0.76491165
0.093129836
-0.11774638
0.46079111
0.16257018
0.020861156
0.69234681
-0.68028563
-0.10532881
-1.1140136
0.025255723
-0.17279242
-0.80615914
-0.18717912
-0.0094330842
-0.05797144
-0.45241776
-0.36096233
-0.94083989
-0.39127123
0.30365095
-0.34730747
-1.1825665
-0.43041322
-1.1206343
-0.8806631
-0.36020598
-0.62763917
-0.48587522
0.13422103
0.014851761
-1.0844513
-0.31860313
-1.0860088
-0.62737918
0.24002896
0.1416412
-0.46973208
0.064569078
0.63419741
0.11340689
0.083964005
0.10395997
0.026957355
-0.41482764
-0.03421757
0.10821217
-0.10498687
0.033302303
-0.017476534
0.34923986
0.4640806
-0.21529615
-0.33807269
-0.4331069
-0.24081124
-0.3319194
-0.054788146
0.11109579
-0.29252407
-0.28417692
0.39809808
0.11171208
0.18633582
0.41861168
0.35048541
0.056212552
0.053057227
0.3468549
0.2649295
-0.32424903
0.18176104
-0.44625586
0.30929834
0.38986245
0.49569952
-0.52582258
-0.099871799
-0.13322552
0.85512567
0.54511166
0.66529346
0.7366333
0.4087013
0.46262747
0.58769417
0.29594517
0.59412831
-0.36960629
-0.18560643
-0.40612647
-0.032964516
-0.13354048
-0.20739815
-0.2106766
-0.23085561
-0.11488961
0.89394164
0.23608284
0.24032409
0.15834834
0.16036086
0.23679245
-0.66962504
-0.075843774
-0.34660092
-0.58295178
-0.075391293
-0.45068613
0.17129308
0.13410085
-0.0088930968
-0.3116982
0.05727971
-0.24443904
0.17097887
0.072200812
-0.48700967
-0.019396143
0.061795589
-0.12083685
-0.10762517
-0.27069777
-0.44943404
0.87268633
0.83116758
1.0525297
0.39885652
0.0015410983
0.69885886
0.69395304
0.25463167
0.16939569
-1.4683638
0.045550227
-0.64244527
-0.43585381
0.20654216
0.10852719
0.73003143
0.55536097
0.77530289
-0.18436675
0.14248857
-0.34889176
0.093826964
0.17241833
0.15245876
0.32852191
0.015484767
0.24220759
-0.048544031
0.30020809
0.090373717
-0.3206718
0.15505569
-0.12330414
0.099022545
-0.3170388
0.36025503
0.13650487
-0.13054636
0.88460517
0.28443223
-0.31789866
-0.29650486
1.2178975
0.30833977
-0.20080714
-0.61915398
0.35262904
0.18211885
0.13270722
-0.094834238
0.48530039
0.31161642
0.26772672
0.37076411
0.97535324
-0.067310959
-0.34276307
-0.083431311
-0.43423271
0.48380342
-0.71619141
-0.3863892
0.082477622
0.64815992
-0.1669075
-0.28756303
-0.53174973
-0.22349371
-0.34538943
-1.1764591
-0.49732485
-0.92298263
-0.22326328
-0.20068544
0.27466694
0.22847913
0.30382738
-0.1257346
-0.83241403
-0.34700733
-0.53295338
0.35173458
0.38808483
0.61071068
-0.0025892954
0.18785697
0.1969693
0.048641995
0.22264612
-0.061139222
0.28751025
0.0097292047
0.023365922
-0.39401639
-0.25942388
-0.33296841
-0.058991533
-0.49711108
-0.6371299
-0.38803324
-0.047607601
-0.32143804
0.042736582
-0.20488383
-0.2506564
0.13171692
0.022006372
-0.034070965
-0.20913754
-0.16290145
-0.1728127
-0.28944984
-0.27306056
-0.26459023
-0.41117787
-0.02276675
-0.089362532
-0.00040329891
-0.20931633
0.20153819
0.46188769
0.29755741
0.26518968
0.43270075
0.59859002
0.23408605
-0.4427112
-0.20256603
-0.45316392
-0.34340659
0.12549691
-0.60026282
-0.25477651
0.12077987
-0.24645948
0.19117785
0.22983907
0.48141041
-0.23182461
-0.39418676
-0.28745905
0.78589934
0.07013011
0.33405727
0.73534918
0.10908173
0.49366096
0.0027158014
0.18998604
-0.07694906
-0.35337332
-0.038141605
-0.15449116
0.13085625
0.18414111
-0.10007565
0.88848078
0.39768267
0.36551428
-0.27607143
-0.4596177
-0.12006022
-0.66137034
-0.089390799
-0.54765117
0.0059416154
0.46540135
-0.049704254
-0.48056713
0.13227332
-0.72911108
0.1189737
-0.048834246
-1.049006
0.40016356
0.26701671
-0.0040838108
0.50073224
0.31817061
1.1132071
-0.58588487
-0.41048843
-0.01819
0.47973847
0.11263933
1.0104877
0.19711931
-0.086874649
0.17928413
0.024202699
0.069697477
-0.14121807
-0.26007524
-0.27425891
-0.30305642
-0.80500704
-0.40692362
-0.64918435
0.29338005
0.081828304
0.38778517
0.40430501
0.054125842
0.56642562
0.73455471
-0.0037320582
0.42345491
0.21479097
0.40748313
0.38633558
-0.017121699
0.10879638
0.11365061
-0.62036109
-0.36931288
0.050695896
-0.27356538
-0.13435185
1.1514956
0.25030181
-0.53479701
0.016422175
0.13828932
-0.21409583
-0.53293675
0.19121976
0.45100218
-0.26438153
-0.04080873
0.45633605
-0.041162893
-0.48105636
-0.49392217
-0.38503388
0.44825569
-0.18787873
0.044229925
0.14132351
0.1882026
0.8247546
-0.48974243
-0.0320273
0.32268256
0.16235329
0.45989278
0.17657934
0.092835002
0.13353655
-0.19842662
0.67424798
0.29843143
0.76464868
0.8827821
0.6363287
0.61208564
-0.57969058
-0.66638201
-0.44610173
-0.42201838
-0.49310476
0.12929417
-0.37344676
0.044074651
0.14177418
0.21166405
0.26428011
0.0097871786
-0.74825895
0.019031161
0.14630212
1.2291571
0.7869851
2.1988599
0.19106786
-0.568003
-0.099976614
-0.17229067
-0.47581887
-0.6772638
-0.67421669
-0.025714856
-0.32753912
0.40060619
0.41076437
0.43357694
0.073591687
0.35245025
0.1068202
-0.27404651
-0.24070904
-0.34974909
-0.15906844
0.029652717
0.16208243
-0.1923067
0.21667573
0.18170474
1.7493634
0.38461518
0.46480659
0.81324983
-0.17102736
-0.18432103
0.97815233
0.33073843
-0.028870843
-0.34048179
-0.10309282
-0.27560261
0.27649829
0.41287839
0.075271197
-0.27486494
-0.1537298
-0.47187415
0.077641428
0.24003461
-0.0041999966
0.56369162
0.62870562
0.058268659
-0.23004085
-0.10842787
0.13476706
0.26975766
0.26576093
-0.041372035
0.4761644
0.074056685
0.134909
0.15236178
0.053504638
0.10351846
-0.16171949
0.041653451
-0.82578009
0.035110813
0.59534234
-0.39574155
-0.75686365
0.57474709
-0.44734162
-1.0430294
-0.18194643
-0.046991132
-0.61886388
-0.098469399
-0.016410215
-1.0379072
-0.69663274
-0.25858399
0.15452
0.2655932
0.41945016
0.11267608
-0.13849862
-0.113526
-0.067903407
-0.28782913
-0.50433916
0.76745701
0.031913187
-0.50445038
0.40259576
0.12024616
-0.22135015
0.11660921
-0.10009514
-0.20183295
0.3177225
0.34144664
0.53099322
0.25582534
0.38510439
0.26590005
0.48239589
0.38271478
0.11616699
0.43742454
-0.0040663127
0.19165477
-0.41021961
-0.33313954
0.035577271
0.13709073
0.042328622
0.081459373
-0.078224257
-0.3859719
-0.3917315
-0.059238181
-0.30413854
0.16871865
0.1646691
0.34542578
0.43940508
-0.35801449
-0.85779822
-0.65077585
0.10141049
-0.17401707
-0.49551183
0.18259184
-0.13991545
0.019828575
-0.67645407
-0.025112703
-0.12455288
0.011131258
0.00019542343
0.29807377
0.59074795
0.3732363
1.1196574
-0.25827828
0.40395069
0.9366557
0.032103021
0.48024687
0.37831596
-0.18676837
0.65354383
0.46459413
0.64780396
-0.50307125
-0.42062101
0.22581996
0.19600846
0.48843464
0.080315597
0.15399827
0.39159268
0.01258007
-0.28661752
-0.29687232
0.19013202
-0.00059483625
0.15683787
0.40891069
0.031415481
0.41404653
-0.19514167
0.086061314
-0.41989833
-0.51668984
-0.10246561
0.0042579947
-0.084204629
0.17874718
0.428543
-0.35730079
0.3857331
-0.17908256
-0.48686856
0.015840424
0.25496656
-0.22606856
0.32505104
0.21810991
0.31579089
0.45926866
1.3262651
-0.14957629
-0.19551916
0.011445207
0.21135876
-0.018127803
0.33036169
-0.4420329
-0.32200852
-0.17787945
-0.040368084
0.23300932
0.2431009
0.27672604
0.017176809
-0.17915326
0.04994709
0.3421863
0.61860776
0.33556354
0.48963013
0.4831036
0.3576313
0.34842011
0.44518429
-0.51036257
-0.27144799
-1.1134627
0.073091269
0.22901584
-0.25318149
-0.25623915
-0.12786961
-0.58644128
-0.69594967
0.0023409717
0.29740453
-0.56470335
0.08954531
0.17209244
-0.3732942
-0.022427296
0.11095589
0.39732668
0.42157027
-0.39325982
0.054693218
0.13620906
-0.29573014
-0.38596979
-0.72519487
-0.69398588
-0.014443343
0.18041728
-0.23162745
0.12528932
0.60262209
0.049248219
-0.4012008
0.037781566
-0.32343668
-0.66848522
-0.53376627
-0.50459403
-0.25203755
0.0074461359
-0.16506189
0.38244504
0.17842054
0.016550908
0.28855616
0.0047399229
0.42482975
-0.047528498
-0.33425882
-0.17854634
0.090591349
-0.33073947
-0.13000184
-0.33829734
-1.0514277
-0.71938199
-0.15115254
-0.093206026
-0.20919871
-0.22607371
-0.54607809
-0.2550655
0.81410861
0.66113865
0.10448931
0.47872961
0.21196893
0.066800117
-0.11659489
0.41402918
0.018601229
-0.32564595
-0.13438939
-0.54735649
-0.093536988
0.4673385
-0.21603054
-0.82840341
-0.41930982
-0.76621819
-0.14571562
-0.39130011
0.34950665
-0.33531389
-0.15142168
0.15706791
0.1040979
0.72285241
0.903148
-0.53471255
-0.36512488
1.0384747
0.037701875
0.14150287
-0.11429028
0.49033913
0.18231791
0.083315119
-1.0752132
-0.29677212
0.79015779
-0.45628643
0.11244873
0.19772238
-0.31516829
0.36389664
0.025438536
-0.29408273
0.68041575
0.37265489
0.20975396
0.46823728
0.42071569
-0.1231963
-0.1234601
-0.01405013
0.49822101
-0.053280443
-0.5649721
-0.4188228
0.0028390335
-0.32796788
0.43656209
0.10707722
0.26026854
0.4251484
-0.31049204
1.3178414
-0.74272507
-1.3410013
-0.77895522
-0.96639901
-0.48921001
-0.52286285
-1.2451552
0.19180363
0.02483985
-0.25066403
0.28335765
-0.23959419
-0.39318946
0.19038452
-0.21367435
0.71221733
0.91543013
-0.2604484
0.14699602
0.089460894
0.14228015
0.24698991
0.28656575
0.68759489
0.20374577
0.05326442
-1.2421352
-0.47891238
0.2006202
-0.66458863
-1.1683116
0.46499136
-0.5276742
-0.10419803
-0.28367251
-0.00038763456
-0.078095406
-0.049569502
0.65253609
-0.33123544
-0.16999647
0.38060579
-0.43629682
-0.37210324
-0.312879
0.0099279769
-0.12568907
-0.27707323
-0.16847816
0.3056486
0.66653109
0.20960295
0.094184309
0.22235116
-0.40086111
-0.70045239
0.73923308
-0.22208387
0.10335705
0.86909902
-0.035398602
-0.23617582
-1.6163297
1.2691084
0.094791315
-0.83771098
0.35585621
-0.46522391
-0.38784543
0.02739707
-0.081436314
0.14583811
0.49973333
-0.10188816
-0.18867631
0.98801839
0.19697158
-0.5112102
-0.26956019
-0.095767155
0.71563262
-0.63611352
0.20672187
0.51442766
-1.0000671
0.18192285
0.24468322
-0.4294208
0.20460524
-0.53072882
-0.55828255
0.78882349
0.28685707
0.0046951706
0.28427878
-0.15563112
1.1023802
-0.029509014
-0.51436639
-0.097307354
-0.89254189
-0.55785012
0.60026163
0.15042633
0.74118531
-0.0080041243
0.60373414
0.70489973
0.22552592
0.27702534
-0.11171646
0.98917079
0.27322537
-0.72512901
0.2640439
0.48050359
-0.031621937
0.087190531
-0.27178165
0.14552651
-0.41849098
-0.66776925
-0.40813094
-0.44667646
-0.45001772
0.42895922
0.19458112
0.36592361
-0.29192111
-0.16128124
-0.18062304
-0.22911105
-0.054659117
0.046895251
0.26327446
0.11284613
0.43502492
1.2796252
1.3404162
0.43603092
0.81202948
0.29133251
0.23061888
-0.34546566
0.69723636
-0.046832237
-0.82244527
0.38308352
-0.1133613
-0.2215236
0.093556888
-0.27058536
-0.43618125
0.026383445
0.0070030889
0.74117917
-0.012274556
-0.050180338
0.62181282
-0.091431461
0.095787592
0.31609523
-0.053218547
-0.16154712
-0.11211547
0.090733953
-0.18183921
-0.36069596
-0.37275067
0.49960184
1.6303178
-0.4842574
-0.18663096
0.17293757
-0.77176571
0.06485343
-0.30574897
0.30198267
-0.49591812
-0.69113684
0.066609114
-0.4452264
-0.98311895
-0.22165915
-0.37161487
-0.81306469
-0.41558212
0.33549082
1.5527353
-0.23874696
0.41693431
0.028619608
0.57424945
0.99878609
0.22617988
-1.003566
-0.31161416
0.28187379
-0.40186724
-0.14328426
0.21816656
0.022508463
0.30117846
0.52741861
0.043669425
0.16495013
-0.37974411
-0.08179336
0.080910668
0.28475165
-0.20458016
0.35462213
0.32868263
0.35339662
-0.26903367
0.96495527
0.15147567
-0.054663517
0.3334288
0.1384065
0.29332706
0.29855469
0.45801067
0.95284849
0.88985687
0.22026441
0.0010733121
0.21707666
0.77844083
0.008348708
0.20214674
-0.77792495
-0.58955175
1.4939038
0.074840114
-0.29204214
-0.76471663
0.20408727
-0.13415337
-0.04232388
-0.056759987
-0.47280192
0.67423081
-0.5334534
-0.51735175
-0.18696538
-0.76440418
-0.19068405
-0.21706413
0.41815856
-0.034332853
-0.73306924
0.050029226
0.1865003
-0.044628341
0.3038176
-0.035048813
-0.070987619
-0.40840378
0.2170874
-0.1798044
0.10731681
0.66826779
0.3035396
-0.26700348
0.36959168
-0.2366787
0.47137004
0.12379529
0.10567541
0.20000303
-0.52879339
0.12258699
-0.62806857
0.14283723
0.21596426
-0.26974297
-0.045467265
-0.14832664
0.16282561
-0.32926872
-0.19538146
0.3679882
-0.31102961
0.049389835
0.19415782
-0.90990299
-0.36462009
-0.018804841
-0.34931815
-0.090088353
0.75467026
-0.17082404
0.33025134
0.24169379
0.042775743
-0.7276569
-0.3647173
-0.35908583
-0.3001388
-0.52343005
-0.091117665
-0.31429017
1.2475357
-0.22903517
-0.37118116
0.028507333
0.12562412
0.062944271
-0.60777301
-0.25175554
-0.037115209
-1.0656447
0.01370709
0.29576814
-0.13644253
0.24094419
0.13056548
0.45849702
-0.17347378
-0.63286704
-0.18806376
-0.29248288
0.14154282
0.5388664
-0.05848591
-0.22069436
0.50069118
0.29113039
-0.79367661
0.4659552
0.63091844
0.35704893
0.25631428
0.13244706
0.90624154
-0.6412884
0.16506715
1.0636529
-0.41259643
-0.26865211
0.39604461
0.45831329
-0.030474752
-0.3291294
1.2924879
0.89928365
0.23860705
-0.82723671
-0.20129444
0.089917839
-1.390784
-0.22984058
0.74202561
-0.63717121
-0.04651273
0.15980278
0.080203593
0.41198429
-0.6732378
0.076688476
-0.019847002
-0.45588136
0.10435974
0.029835634
-0.51033223
1.1113069
1.0855358
0.28163731
0.56047308
0.72736299
-0.081172124
-0.13962956
0.29947415
-0.029924883
-0.73005891
0.030952731
-0.40610099
0.4639459
0.22058406
-0.43523636
0.52964348
0.66521513
-0.61448896
-0.099073045
0.011219267
1.8734076
-0.60087866
-1.0554636
-0.2073133
1.3498284
-0.1056834
0.7215116
0.8161155
0.017915707
-0.28361398
0.15298319
0.10928863
0.14340663
-0.34289378
-0.26267183
1.0871997
0.098091163
-0.60719872
-0.2262024
0.018590847
-0.049204603
-0.10279137
-0.36230811
-0.85829377
-0.70118964
0.26842958
0.74578601
0.1422544
-0.28372452
-0.1835392
-0.015269295
0.056849331
-0.51273328
0.32742071
-0.37814444
-0.092081495
1.1439822
-0.10155785
-0.92091835
-0.57835984
-0.65324581
-1.0696822
-1.4455246
-0.67453593
-0.40366226
-0.53766114
-0.27991188
-0.51003057
0.04565797
0.21321909
-0.39238808
-0.0028492964
-0.8222509
-0.19376403
-0.063419327
-0.12447955
-0.032336261
0.060689457
-0.19620411
0.3658658
0.14376716
0.53519309
0.01495758
-0.75525612
0.25862244
0.33844623
-0.22695
-0.21015669
0.068377294
-0.17476711
0.10991237
-0.57454669
-0.5944742
0.77418888
0.4992969
0.063299365
0.11812347
0.47379476
0.60075802
0.25154173
0.38543612
0.52701014
0.42890796
0.81100601
0.33210742
0.6815986
0.12331837
0.24381612
1.7282362
0.94218099
-0.80958909
0.91496176
0.19446908
-0.25277174
0.49149573
0.16110308
-0.43436196
0.71046674
-0.21428339
-0.25256172
-0.15491264
-0.16310301
-0.77854443
0.48291102
0.027672714
-0.27177304
-0.66081494
-0.1230952
-0.14395697
0.097657338
0.21991071
0.069699585
-0.75610983
0.45206818
-0.018213876
1.243632
0.36208227
-0.16856691
0.4039191
-0.12070929
-0.3433809
-0.087607555
-1.0104721
-0.67463726
0.19638848
-0.17416294
-0.15407322
0.83258784
-0.44196159
-0.82274926
1.050299
-0.4634786
-1.1376911
1.4712855
0.67056531
-0.19088617
0.61031365
-0.50758135
-0.31666613
-0.34564513
-0.61040825
-0.019611714
-0.25427389
-0.29343104
-0.65311122
0.31202435
0.026989913
-0.30881456
-0.068985224
-0.52624923
-0.2726393
-0.35899022
0.17224459
-0.27274066
-0.21320362
0.17691745
-0.16606629
-0.53718644
-0.47032544
-0.47426218
-0.68827564
0.082249478
-0.26362532
-0.21620476
0.51161611
0.15642481
-0.33524686
-0.10896423
-0.56300747
-0.47199827
-0.42735264
-0.30067512
-0.050157215
0.5006628
0.20075098
-0.70391661
0.10564972
-0.25990754
-0.99022973
0.035235763
-0.037589889
-0.13344567
0.2558015
-0.0073666396
-0.56861401
-0.28946635
-0.55738854
-0.34794152
-0.43334395
0.49562606
-0.026115919
-0.34592697
-0.143169
0.26871982
-0.0075400881
0.01098956
-0.79701734
-0.4070951
-0.75683653
0.01399078
0.15715013
0.14272881
-0.43191665
-0.33449963
-0.27005911
-0.39868498
-0.33588868
-0.42178851
-0.031763751
-0.29683521
-0.5366084
-0.23388481
-0.33533135
-0.23998415
0.0149069
-0.24148406
-0.18269289
0.41800243
-0.14613451
-0.3360101
-0.0046380367
-0.39166784
-0.50834191
-0.085030153
-0.06842459
0.8339889
0.34350303
-0.37038836
0.3292546
0.48810095
-0.32249749
0.768538
0.0023264461
-0.17151669
0.42063037
-0.24143243
-0.28460816
-0.047639258
-0.15843685
-0.28542763
0.092623197
1.0162294
0.54651898
0.53850538
0.34722787
0.085683979
0.19381535
0.77357519
0.3994132
0.45018488
-0.17518623
-0.69455481
0.34162077
0.6091491
0.13530989
0.39725134
0.25893703
-0.48502374
0.29747316
-0.095747173
-0.18991491
-0.18778785
0.14718442
0.064205624
-0.30543426
0.48756641
0.54405689
0.53220707
1.3442334
0.25167331
1.8010298
0.57582635
-0.33493388
0.64212584
1.3947827
0.092846997
1.1781327
-0.27471912
0.1607987
-0.22605057
-0.0027374851
0.30285496
-0.048419449
0.59886289
0.45527619
0.054327723
-0.05316126
-0.10713702
-0.10650572
0.054671906
-0.33266634
0.043632235
0.010210325
-0.53693271
0.007198873
0.17076711
0.03976674
-0.21280579
0.40795034
0.29716635
0.1152436
0.18923673
-0.047200259
0.089552537
-0.39930946
0.11328401
-0.02298918
-0.095692188
0.036190968
0.36072302
-0.28728366
-0.40410584
0.024368163
-0.39883551
0.15047693
-0.41859987
-0.23305586
0.52838457
-0.35023147
-0.60756516
-0.22777973
-0.37955573
0.67078042
-0.26401716
0.31209594
-0.092516966
-0.23087598
0.00070422364
-0.33987361
0.17197263
0.098819979
-0.48976028
-0.23109363
-0.4699237
0.082992606
0.022297325
0.12506096
-0.18224813
-0.17272596
-0.2425379
0.016798928
0.077581279
-0.44440323
-0.18366458
0.10366036
-0.32812494
-0.85404247
-0.24028686
-0.93142146
-0.93080884
-0.64607477
-1.0579309
0.22866657
0.62764531
0.2014249
-0.37740567
-0.48892871
-0.77463955
0.23006824
0.10175178
-0.008398084
0.051805466
0.25843212
0.73502862
-0.013368174
0.27363276
0.36700594
0.034444798
-0.23469047
-0.22093326
-0.096109301
0.074971117
-0.18614921
-0.34315068
-0.20028748
-0.53096139
-0.16362236
-0.06736242
-0.52190906
0.026165312
0.33963776
-0.20787247
0.21070142
0.30991581
0.28463352
-0.068527937
-0.40020102
-0.29047093
-0.032639228
-0.097984277
0.015139786
0.19800986
-0.055992369
0.22966544
-0.17266825
-0.21343327
-0.74436593
-0.057470679
0.00250462
-0.37108603
-0.61972433
-0.30663761
-0.78461909
0.55320513
0.58742386
0.20599633
0.36937919
-0.27860662
0.01003353
0.26210237
-0.047606446
0.54586667
0.075813606
0.67115432
0.55091494
0.0040701767
-0.022290017
0.17473307
-0.21952938
-0.1983508
-0.027054567
-0.81977707
-0.084931351
-0.66988623
0.017125223
0.22604026
0.22847404
-0.45453292
-0.39463487
-0.41282526
-1.0477782
0.14272137
-0.28175697
0.33249673
0.37974921
-0.27659833
-0.11458594
0.22854418
-0.040991802
-0.44856921
-0.092475273
0.24019386
-0.26778749
0.15118448
0.30535898
-0.58439308
-0.19441339
-0.68804508
0.5887168
0.58678836
0.60607719
0.13199671
0.12338337
0.35799995
-0.12299012
0.061516546
0.14149843
-0.55879164
-0.052502919
0.28451273
-0.15717493
-0.34622046
0.097455435
0.67900026
0.62947071
0.48310563
0.885755
-0.25179216
0.38890505
-0.022776654
-0.3258321
0.089807972
0.21494544
0.5134427
0.82571584
-0.20262551
-0.22580773
-0.12557836
0.16836439
0.078018896
-0.034081966
-0.47070172
-0.013319576
-0.35742742
-0.7205568
0.074489139
-0.47994241
-0.61315334
-0.039185729
-0.47178975
-0.83267432
-0.23300995
-0.4371905
0.13425699
-0.46048343
0.00063272665
-0.11112663
-0.83722991
-0.56679022
0.46873873
-0.25859579
-0.29771605
-0.57827318
-0.065575287
-0.30568987
-0.4979502
-0.77223873
-0.63900566
-0.18586868
-0.43365833
-0.48525122
0.41257194
-0.32309079
-0.8520546
-0.36972103
-0.61255246
-0.54284883
-0.27114215
-0.59163702
-0.40413418
-0.67991984
-0.14549646
-0.71604294
-0.20404732
0.043472193
-0.36685064
-0.025199214
0.25434431
-0.071954012
-0.23985811
-0.19874191
-0.27836797
0.43923256
0.093753517
0.20622684
0.0021372966
0.075010851
0.13879447
0.47822827
-0.058044814
0.35299093
0.28940228
-0.11117397
0.18346532
0.58977765
0.40368611
0.39633739
-1.1505845
-0.73774832
-0.87601507
-1.1348614
-0.6720109
-0.54183704
-0.78140867
-0.56005734
-1.1573139
0.08606185
-0.32586846
0.11709636
0.66388613
0.063320361
0.29558283
0.99639952
0.98322445
0.83021683
-0.29939884
-0.47895721
-0.67327785
-0.16429496
0.054256625
-0.38622177
-0.24152327
0.02811115
-0.56805474
0.39676484
-0.050799083
0.2786887
-0.059670776
-0.28960967
0.057276588
1.536922
1.2099276
1.8074152
-0.083429664
0.3576315
-0.19839682
-0.027326206
0.34323394
0.13016771
0.17801477
0.21118759
-0.29228806
0.24731854
0.012971829
0.26196122
0.45468682
0.28346467
-0.1703237
0.13164195
0.32209942
-0.27530944
0.47703925
0.15598731
0.95142496
0.33937851
-0.14476006
0.13517833
0.45388392
0.033222314
0.56973743
-0.51456219
-0.27375209
-0.15879619
0.34692913
0.052539911
0.75793099
0.86752141
0.29343247
0.18693431
0.12860203
0.27109778
-0.42693782
-0.12827207
0.12683184
-0.62526929
-0.13561872
-0.15032665
-0.63299173
0.46349192
0.71890897
0.084981441
0.56177974
0.38446793
0.029256703
-0.11612127
0.19587861
-0.040350098
0.3972522
-0.092430949
-0.9328208
0.20749904
-0.29565087
-0.36478466
0.56428957
0.32354146
-0.036157653
-0.24081551
0.19481666
0.11344165
0.41836455
0.33667487
0.014826702
-0.0061212741
0.30211806
0.24561132
0.91528916
-0.13694493
0.45294866
-0.10303728
-0.45439816
0.16922905
0.077007093
-0.35857379
-0.15718006
0.067740247
0.23295681
0.4942165
-0.43731591
-0.1685458
-0.3058852
-0.25490981
-0.30234641
-0.43363345
-0.43430412
0.45965844
0.37402588
-0.18627472
0.81777543
0.34944075
-1.0435339
-0.32573631
-0.76876724
0.23251435
-0.085449852
-0.056980651
-0.42153561
-0.48100281
-0.56133276
-0.84968483
-0.43148813
-0.70820093
-0.17294343
0.035635177
-0.028268892
-0.27842185
0.10603148
-0.24873455
-0.22919182
0.45342395
-0.10359006
0.38737145
-0.43838763
-0.82068372
-0.2519221
-0.32772726
0.11878838
0.94567001
0.18520708
0.34488702
-0.43808007
0.61900091
1.3804493
-0.23457424
0.097712182
0.5812251
-0.29412237
-0.047711361
0.2701079
0.1521351
0.1209514
-0.14418891
-0.32344133
0.053628977
0.18063353
-0.40119156
-0.1593965
-0.47717372
0.022433709
-0.35679603
0.40725616
0.33164513
-0.23930606
-0.23481956
1.1106977
0.73560268
0.61801922
-0.37009177
-0.072955057
-0.59283215
-0.081239648
-0.19339436
-0.54760629
-0.21121038
-0.51974827
-0.33969054
-0.43418404
-0.2149519
1.2665545
-0.15545374
-0.059662767
0.74698657
-0.638942
-0.40842712
1.012236
-0.058818843
-0.44259784
-0.87956476
0.26716328
-0.19546074
-0.304286
0.20847872
-0.26521572
-0.2680324
-0.23266926
-0.023102848
0.51749557
-0.44816247
-0.23821819
0.46679375
1.0649879
0.20946693
0.19711372
-1.0297177
0.20742674
-0.3955586
0.047560178
0.16529039
-0.10805342
0.29546085
0.24272527
-0.38613591
1.2077456
0.10395613
-0.15085155
0.76329565
-0.22257002
-0.32833996
1.6973783
0.22354698
-0.10226452
0.16394854
-0.10646418
-0.041599877
0.14328395
0.012150198
-0.25958434
-0.025334921
-0.035555039
-0.72588825
-0.43402243
-0.48673975
0.11195323
-0.25112766
-0.28904185
0.078190342
-0.46578431
-0.17916974
-0.0064809015
0.16533658
0.37986776
0.46920127
-0.086822666
0.31481731
0.070024796
0.069853723
-0.42995268
-0.48275182
-0.20912464
0.11127914
-0.034405295
-0.11595631
0.10073765
0.48184076
0.096407287
0.25606552
-0.20764101
-0.48035234
0.33364934
-0.2953766
-0.58926141
0.017850706
-0.11880247
-0.37676755
-0.060263544
-0.20979889
0.38232279
-0.31433809
-0.094706349
0.050462648
0.18821576
0.033750948
-0.0653359
0.18234503
-0.21268386
-0.51739722
-0.050196413
-0.36443767
0.10228994
0.15014333
-0.26944375
0.44809252
0.029766992
-0.080571748
0.22003703
0.3295522
0.49143901
0.37211162
0.39528853
-0.1108215
-0.070452511
0.036013931
-0.2295436
-0.54563594
0.18246771
0.017887205
0.051242631
0.2526561
0.38244465
-0.17569365
0.27834404
-0.2562761
0.33382341
-0.29339343
-0.022540333
0.11186151
-0.072977796
-0.036795832
-0.26856986
-0.22519934
0.018825298
0.1216342
-0.0053081932
-0.16829191
-0.15606949
0.14890827
0.1989035
-0.18738887
-0.17601873
0.20178422
0.032407116
-0.27485141
0.82007223
0.181583
0.32832676
0.2829631
0.066712528
0.53770107
-0.031944331
-0.56274104
-0.34502351
-0.030202845
-0.15343338
-0.018494269
-0.39170378
-0.15515831
-0.3242645
0.2237484
0.18466504
0.049433041
-0.044513058
0.17221376
-0.26472345
0.022004902
-0.31707543
-0.063270569
0.14128789
-0.083484843
0.07574407
0.33400348
-0.2345096
0.26823893
0.35733506
0.044215947
-0.24106897
-0.15242592
0.027624363
-0.47622311
-0.49732915
0.47544464
-0.50378734
-0.090559877
1.792996
-0.1433572
0.12768818
0.20941834
0.035976436
-0.3025789
0.33987942
0.30339894
0.17737885
0.025052004
0.2806662
0.51603836
-0.26624396
0.06144214
0.71989286
0.0064611458
-0.27750137
0.83824033
-0.36478892
0.11044532
1.5669034
-0.77122718
0.28784019
0.24672253
-0.78332424
0.10708042
0.030745827
-0.21379748
0.41635397
0.18824455
0.11937061
-0.38126892
-0.17686324
-0.064577192
-0.50790399
-0.3528519
0.51417583
0.1373935
0.21330327
-0.047584727
-0.17094602
-0.049545929
0.10368816
-0.38714871
0.28593522
0.68246567
-0.3800962
0.48868978
0.12657051
0.031551547
0.23338732
0.17960203
0.13850279
0.057965551
0.19605616
-0.24814002
0.024054646
0.29155672
-0.18083845
-0.38590246
-0.22419283
0.18835816
0.20186645
-0.69935977
0.051277094
-0.17664272
-0.34318396
0.13769057
0.18649822
0.095184132
0.33288836
0.023924328
-0.1397244
0.48132008
0.5320909
-0.49009481
-0.47385654
-0.63314033
0.12249704
0.00017263273
-0.50841075
0.012050382
-0.21431798
-0.40688139
-0.15334694
-0.47803935
0.46789798
-0.61639476
-0.4899849
-0.32044375
0.50404346
0.080368116
-0.23546517
0.064269133
-0.27393895
-0.20295709
-0.68093091
-0.17733051
0.24820806
0.3614513
0.43194124
0.62550724
-0.13990158
-0.097642742
-0.97378784
-0.38161415
0.42967185
-0.12337013
-0.37074885
-0.080657624
-0.65716988
-1.6725998
-0.022756206
-0.0087494189
-0.15763168
0.49201623
0.27178028
-0.080853164
-0.036680352
-0.45988834
0.78883737
0.20011382
0.95109344
0.37666908
0.14355709
-0.076085702
0.24935238
0.32402101
-0.076892421
-0.82194424
-0.69109178
-0.1781216
-0.109345
-0.79294896
0.033915021
-0.67409033
-0.19957086
1.1614408
-0.55423385
-0.14818741
-0.70260894
0.55468261
0.50611967
-0.35659581
-0.67798156
0.39291945
0.030349363
0.065500155
0.75595164
-0.83675724
-0.091557585
0.38317636
-0.30866438
-0.88516229
-0.36239383
-0.64634663
-0.26955602
-0.099838912
0.63851684
-0.48763946
-0.15459386
-0.19359104
0.049441941
0.38976792
-0.12128724
-0.15217343
-0.18691508
-0.23420736
0.56830925
0.22380157
0.095101789
-0.50638789
-0.1767901
-0.64881051
-0.1535847
-0.49951911
0.18856995
-0.094537742
-0.607566
-0.60890067
0.45835298
0.6612938
0.93265963
-0.57685947
0.28873959
-1.2939538
-0.099696152
-0.028331077
-0.064926662
-0.20018674
0.27108848
-0.36881861
1.8828549
0.57809567
2.1868184
0.41396651
-0.4147099
1.1364858
0.0026871774
-0.41507468
0.43335322
0.016811157
0.11712447
-0.15031245
-0.58102936
0.33950889
-0.20885557
-0.013900488
0.35831207
0.24591614
-0.73749793
-0.43451801
-0.76145756
-0.608302
-0.082846247
-0.59480685
-0.6204583
-0.40608311
-0.66218358
-0.25930899
0.00060601847
-0.52563626
-0.23229481
-0.033721447
-0.29166833
0.7561878
0.18248405
0.9073962
1.8629055
0.28594336
1.1315989
-0.56001383
-1.0198135
-0.11283948
0.92872912
-0.80347836
0.18545018
0.16161948
0.50101507
-0.19011529
-0.4497847
-0.39644462
-0.021294868
-0.090049788
-0.1945406
0.82601875
0.20535408
-0.96336031
-0.01186502
0.1121584
-0.44243535
0.20126991
-0.39995271
-0.4762553
-0.57332855
0.28858954
0.029040558
0.52911615
-0.34019688
0.32270622
0.64072889
0.25928712
0.21777579
0.25113881
0.20409274
-0.40894246
0.71012282
0.34491527
-0.28157711
0.26363537
0.87879884
-0.57496846
0.948897
-0.52038538
-0.65083045
-0.63951409
0.43433449
0.21182097
-0.15417019
-0.54719651
0.46820217
-0.1078461
-0.72570944
0.37031519
0.25214884
-0.3216148
0.038242321
-0.29918623
-0.21722619
0.036715049
-0.40945035
-0.60926944
-0.56311059
0.60890561
-0.2527802
-0.4654808
0.22022289
0.42994738
0.26122907
0.74224675
-0.49724331
0.24272464
-0.074651003
-0.051068891
0.84962106
0.3132377
0.028001806
0.12676069
0.018987447
0.015910622
-0.13748169
0.092915855
0.11149985
-0.039347839
-0.2192243
-0.01771356
0.27251974
-0.058192216
1.7996647
0.33799985
0.93506354
-0.88411677
-0.63223296
-0.14963223
-0.31083697
-0.54073304
-0.056704734
-0.4185448
-0.27441773
-0.2297336
0.089382663
0.35650295
-0.0081877867
-0.93937653
0.10052221
-0.67012358
-0.049899995
-0.95138687
0.51887035
0.11120852
-0.28356123
0.2318209
-0.29745281
-0.37275347
-0.48196954
-0.7981298
-0.89521194
-0.36193267
0.190273
-0.16203542
-0.5924024
-0.50262558
-0.12914681
-0.33199781
1.1511559
-0.54139173
-0.29240119
0.43997762
0.13459066
-0.045633394
-0.0092920633
-0.31598136
0.077698432
0.67410076
0.10683652
0.98401338
-0.10081615
-1.1198322
-0.76953375
0.85062128
-0.062126663
0.063515
-0.24502662
0.24644944
-0.2137858
-0.48960248
-0.35082045
-0.45430297
-0.22777435
-0.082991272
-0.28933513
-0.53219599
0.052670531
0.61739743
-0.55801183
-0.16380309
0.56421536
-1.0663905
0.13136749
0.71018845
-0.15555686
-0.24751273
0.065565169
-0.19854455
-0.093146257
0.36355537
-0.074358128
-0.068255872
-0.12612347
-0.053316172
-0.20334961
0.10724089
0.04661132
0.34473845
0.0047999774
-0.42518279
0.47058088
-0.22630352
-0.36974916
0.29001433
-0.41029367
-0.0079456372
-0.19612612
0.085604109
0.57628334
0.16331542
0.089195266
-0.28604019
-0.27878979
-0.60581791
-0.38885137
-0.32305914
-0.59140164
-0.7166307
-0.59502751
-1.1611338
0.30505806
0.068628214
0.82454216
0.17337596
0.60895282
0.38719997
0.32215679
0.20097835
-0.6675393
0.63863188
0.47774535
-0.17021538
0.33103657
0.42179969
0.44447187
-0.063727267
-0.31381345
-0.24312004
0.82510281
-0.20992829
-0.87345219
0.2821112
-0.19646148
-0.77259338
0.22302501
-0.42955756
-0.72709662
0.063415051
0.32987198
0.51790833
-0.24329832
0.4239212
-0.056413189
0.69296473
0.34269324
-0.79984683
0.66092759
0.3284474
0.48379809
-0.040861737
-0.14600335
0.12582985
-0.26578912
0.083479442
0.54309106
1.5821669
-0.054744426
-0.23766485
0.85922503
0.19062719
-0.052030493
0.64162982
0.075161852
-0.47937486
-0.52009082
-0.3054117
0.57407242
0.10227572
-0.16220969
0.89247954
-0.058151402
-0.10504816
1.2397382
-0.87581807
-0.22972187
-0.16932076
-0.20734513
0.039690524
-0.13937168
0.06237004
0.092376873
-0.43535513
-0.5199796
-0.53752559
0.51411569
-0.59583402
-0.73358637
1.2338105
-0.90552378
-0.35660583
1.4998213
-0.9347437
-0.5753656
-0.21290429
0.088565573
-0.26634017
0.077345431
0.43352994
0.11500569
0.14039981
-0.91304988
0.10288885
-0.84919816
-0.44923431
-0.17421167
-0.99795872
-0.23467238
0.064977691
-0.66652167
-0.37425354
-0.31188086
-0.10790351
0.027718127
0.011733106
-0.26854694
0.56226069
0.44452634
-0.39868784
-0.50929552
-0.021988416
-0.27755365
0.10543917
-0.37724653
-0.2184456
0.31342798
-0.33611378
0.14707641
-0.22670519
-0.51581699
-0.87742871
-0.0936331
0.088976398
-0.037402187
0.41942686
0.55909717
1.2010301
-0.38949102
-0.42529547
0.30195084
-0.074127667
-0.01105787
0.31187028
0.16432649
-0.18410887
0.36805463
0.38310686
0.075322501
0.065651827
0.30301982
0.27268082
-0.21209791
-0.51300591
-0.2684572
-0.21119061
0.54635638
-0.18068486
-0.20821448
0.14083873
0.078557767
-0.35449904
-0.3807582
0.16446626
-0.19688523
1.3900387
0.054554012
0.21923202
0.28056639
-0.13051128
0.53853834
-0.33983159
-0.017991759
-0.11510718
0.087742396
0.32321689
0.4151324
0.2512134
0.64921308
0.59839028
0.15570396
-0.2952356
0.20244113
0.17379834
0.064768948
0.061596535
0.18934405
-0.043986473
0.0015481036
-0.12276125
-0.39047584
-0.13147274
0.0036790795
-0.070525058
0.19845906
0.11234223
0.30456552
0.52340031
-0.1824767
0.71421498
0.19821927
0.4697763
0.44510916
0.2304412
-0.34798437
-0.19026938
0.038181812
-0.4611271
-0.25933248
0.1906065
-0.26555583
0.43371728
1.2509285
-0.5847857
-0.35166079
0.71801126
-0.49456161
-0.46888316
0.5864445
-0.42111957
-0.59855008
-0.51708412
-0.0093286699
-0.44704863
-0.25888485
0.55687827
-0.47230163
-0.51115113
-0.27574641
-0.06321533
-0.39480075
0.2902256
-0.060880668
-0.23561908
0.26564866
-0.24378143
-0.46360481
-0.66741496
0.20701069
0.79441655
-0.62629348
-0.11377633
-0.12038385
-0.069565825
0.060400359
0.027560778
0.21822505
0.38645092
0.19349678
0.38911369
0.030460037
0.096204817
0.4490346
0.36062679
0.30430859
0.36356521
-0.16007894
-0.67476964
0.065456316
0.012184725
-0.37182739
0.61209357
0.1816659
-0.072193205
0.28690684
0.91808432
-0.38326773
0.1441427
0.24449962
-0.17250724
-0.16292694
-0.34257737
-0.45707723
-0.37406835
0.38668415
-0.017937426
-0.29248428
0.30017602
0.30168554
-0.94062901
-0.27698863
0.30315563
-0.58476585
-0.61059046
0.88834387
-0.36634243
-1.0555044
-0.56714958
-0.14344141
-0.091608711
0.061982911
-0.29126251
-0.27454999
-0.21194059
0.46944213
0.015723962
0.19173791
-0.28062597
-0.11952846
-0.2667487
-1.630882
-0.38161573
-0.59709132
0.056493938
0.90559709
-0.31886682
-0.3567383
0.13188714
-1.3417362
0.062562443
0.20294234
-0.61139452
0.14885563
0.38094205
-0.29535121
-0.41264418
0.053936739
-0.37155902
-1.2775093
-0.16323367
-0.53776735
-0.67648798
-0.036519308
-0.19865878
0.16238642
-0.15988949
0.0099298302
0.032123264
-0.28783882
0.78699368
-0.063932456
-0.30238706
-0.21290526
0.28361666
-0.16125791
-0.47080863
0.6765343
0.35537058
0.5999999
-0.10717811
-0.028990481
-0.11906695
0.74189949
0.42145002
0.75894481
-0.90120387
0.23357336
-0.87179416
0.1547451
0.29957423
-0.16300711
-0.32655358
-0.31152549
-0.33222172
0.13333204
-1.3567791
0.3984665
-0.070209444
-0.28198114
0.28588346
0.87689805
0.1624559
1.5311261
-0.59438378
-0.53034711
-0.60131842
0.10007483
-0.004181779
-0.065793298
-0.35698959
-0.63012719
-0.66009498
0.82647491
0.5887714
0.85861415
0.12757628
0.4024044
0.28570271
0.014090635
0.39019325
0.30265656
0.014941595
-0.47937581
-0.41933686
0.09913981
0.32335904
0.1214048
0.10721743
0.26263291
0.39403427
0.52714807
0.41163021
0.023008784
0.11383382
0.19564463
-0.25349122
0.74182069
0.15607606
0.39382026
0.35249841
0.29479685
0.31996679
0.62319535
0.18082772
-0.11605798
0.65437406
0.024408504
0.70229304
0.50602001
0.051353831
0.56104463
0.35763043
0.087345459
0.18713628
0.52731884
0.46391484
0.5267083
0.3334302
-0.60321385
-0.40803543
-0.67550373
-0.53886276
-0.26014641
0.050740134
0.12310868
-0.0060950178
0.14126307
-0.3809838
0.30774933
0.17689177
-0.26627016
0.093065336
0.59998137
0.025641922
0.5867008
-0.0080047566
0.52830648
0.7389794
-0.43574786
-0.13956323
0.2086042
-0.62267584
-0.47831404
-0.37415355
-0.048573941
0.16344576
-0.3225818
-0.34923419
0.14832819
-0.26241815
-1.029811
-0.25806525
-0.85650265
0.19162916
-0.0014777278
-0.54341656
-0.074816994
-0.037801839
-0.2386203
0.36837956
0.34702843
0.48041111
-0.23189558
-0.14255708
-1.3907773
-0.28540486
0.18365395
-0.42400593
-0.7154448
-0.17400877
-0.066168219
0.18908232
0.61887497
-0.42182809
-0.21858567
0.3893747
-0.35015795
-0.4918071
-0.25014123
-0.028856818
1.3771384
0.28202417
0.22377133
0.2328628
-0.086210392
0.30962908
0.46908066
-0.17636666
0.24624518
-0.16218963
0.37589914
-0.40251952
-0.75740808
-0.45321432
-0.80097228
-0.6718083
-0.36595604
-0.73816687
0.36186665
-0.3913981
0.25037298
-0.58921069
-0.40720886
-0.36390713
0.13834342
0.065562144
0.33877462
0.33575231
0.54574054
0.31433514
0.32791123
0.065935992
0.36123675
-0.76906216
-0.60344738
-0.21172084
-0.74209028
0.22299635
-0.22203435
-0.73151684
0.29138175
-0.011957105
-1.0926913
-0.34261331
-0.67436516
0.34652951
0.55612457
1.1828872
0.076959096
0.21019988
0.60659796
0.21712853
-0.010047196
0.53853893
0.26280054
0.01174358
0.016961651
0.11216971
0.34945109
0.15426803
-0.61465567
0.065964729
0.61440498
-0.2983799
0.60818142
-0.49770176
-0.034183592
0.0017032535
-0.16833797
0.12972319
0.35416195
-0.045856837
0.098297894
0.88683146
1.5407736
0.058594026
0.58842099
0.032729231
-0.93886453
-0.48257264
-0.57736462
0.14965756
-0.67031652
-0.64453846
-0.21420141
-0.3102811
-0.40047663
-0.18480447
-0.11839177
-0.79262823
-0.2041598
-0.64852023
-0.1898841
0.053968538
-0.15517108
-0.02382423
0.78885043
0.37284431
0.18327934
-0.94026124
-0.29734889
-1.0790799
-0.32387841
0.19371125
-0.94871074
-0.16673823
0.11587279
-0.41154337
1.7517347
0.29361781
-0.23498768
0.5709399
-0.057205923
0.06510713
-0.55412513
-0.95294195
-0.83916324
-0.39028922
0.053625699
-0.61326987
0.28565833
0.127515
0.17877719
0.45264962
0.0040885783
-0.73521721
0.10702598
-0.37272584
0.55518651
1.1945603
-0.67340374
0.47886053
0.94849133
0.0073385444
1.4075032
-0.17001325
-0.19328235
0.10950441
-0.53137869
-0.72117704
-0.65457612
0.016038245
0.01133319
-0.16948186
-0.99356234
-0.40714094
-0.66956508
0.0023585076
0.58064288
-0.67309409
0.15725797
0.34387463
-0.52973437
-0.23422328
-0.24308391
-0.25955194
0.32688919
0.0077836444
-0.22375064
1.032038
0.47357851
0.98362494
0.20611387
-0.30520916
0.053988144
0.267802
-0.0075038695
0.025438271
0.21453014
0.72772771
0.62902707
0.086583778
0.434643
-0.074450664
-0.016281618
0.52621162
0.19836862
0.41953939
-0.048437536
0.50061458
-0.45694506
0.34716877
-0.066467881
-0.097048372
-0.66914195
-0.22701778
0.57991856
0.006120048
0.64574236
-0.38927525
-0.042923022
0.2679027
0.34455323
0.24845491
0.47103861
-1.1843821
-0.15323761
-0.65162158
0.55328256
-0.53003246
-0.1698236
-0.22668202
-0.26961422
-0.19607106
0.070615403
0.18954024
-0.14757197
0.035995118
0.33327621
-0.092719033
-0.19954602
0.18042415
-0.28779089
-0.024568755
0.28976285
0.37313151
0.85058361
0.30585578
0.84216237
0.016955551
0.24487412
-0.33116823
-0.27030089
-0.075638592
-0.79339033
-1.0099196
-0.88268781
-0.75399268
-0.82323331
-0.28206503
-0.42637321
-0.41850397
-0.29544726
-0.47582802
-0.086987309
-0.064715564
0.050442204
-0.025402114
-0.052318197
-0.044394117
-0.084856987
-0.16318543
-0.33402151
-0.38728443
-0.23302548
-0.70639747
-0.35986245
-0.28921744
-0.33850577
0.1745051
0.11647541
-0.33768326
0.68728304
0.63298202
0.70132059
-0.13535576
0.10098325
0.49894416
-0.44657153
-0.42832074
-0.36895862
0.35517007
-0.4735781
-0.079601139
0.011274439
0.052447252
1.5017928
0.87748402
1.0045992
1.028837
-0.50212681
-0.00020500159
0.47014621
-0.35705504
0.022243733
0.21069892
-1.5019895
-0.6344716
-0.59412068
-0.18481247
-0.23506182
0.015757551
-0.14889419
-0.28789407
0.20492344
0.85551775
-0.13333054
0.50444025
0.43230718
-0.05837816
0.35842252
0.41147599
0.0032532052
0.55221748
0.13193594
0.18482862
-0.028094513
-0.23769806
-0.11349284
-0.22956811
0.64413989
0.83487916
1.1791184
0.27386323
0.32739264
0.21968001
0.10908671
-0.51744574
0.13331318
-0.38541168
-0.03864029
-0.45049366
-0.41221008
-0.3172923
-0.57316983
-1.0728306
0.060308289
0.37623811
-0.2940402
0.83010811
0.64630067
-0.72577137
-0.93516213
-0.70061356
-0.87863946
-0.36358881
-0.2802985
-0.58363271
0.02631023
-0.47520596
-0.18079373
-0.060661424
-0.46747497
-0.54221421
0.78657484
-0.086596683
0.52863657
0.67113006
-0.1067868
0.36565551
0.2822201
0.34259155
-0.45975295
-0.31368315
-0.64556605
-0.26515198
-0.2827571
-0.52783167
-0.76847208
-0.94948274
-1.2695807
0.27460939
0.21125671
0.40105188
-0.31210837
-0.45531034
-0.14166899
0.12722422
0.076143429
0.63548321
0.1573544
0.23350535
-0.31261468
0.36743543
-0.1161385
-0.49362874
0.45369428
-0.48261398
-0.69287848
1.2280401
0.040946912
0.7835238
-0.26706621
-0.18775384
0.19321929
-0.48740292
-0.50995129
-0.21282868
-0.55894065
-0.57442153
-1.0521362
-0.51992697
-0.054115277
-0.036224034
-1.2563274
-0.24156629
-0.10804264
-0.43979728
-0.70239621
-1.0672139
0.55515951
0.4164497
0.017286841
-0.51624364
-0.21301527
-0.295755
0.2943731
0.1790944
0.31352043
0.1612206
-0.038310319
0.038068362
0.30293065
0.035210103
0.58044469
-0.11073914
0.1261802
-0.06740211
0.13975903
0.2644636
0.33107334
-0.69120198
0.0043686866
-0.21596846
0.35114068
-0.013051911
-0.70446897
0.40347791
0.14309683
-0.21325654
0.53797108
0.19906147
-0.19328883
-0.16330473
0.25702026
-0.71207243
0.063707702
0.0073328651
-0.22740164
-0.091267511
-0.051222205
0.26186424
-0.52228522
0.14199464
0.067578904
-0.042220779
-0.13260548
-0.27774468
-0.39441913
-0.67424989
-0.66062647
0.2791408
-0.010411512
0.41903791
-0.13171366
-0.28499678
0.12591916
-0.46293738
-0.6013388
-0.33309579
-0.20814402
0.36973101
-0.12086789
0.2707527
0.39541245
0.042290144
0.30426204
0.23090337
-0.0012837724
0.0094033927
0.3554326
0.15505254
0.1582834
0.22159159
0.069390371
0.050196841
0.17978941
-0.54996687
0.091358222
-0.21125101
-0.16403025
0.15782742
-0.17039855
0.20853192
0.14858884
0.15783004
0.47620285
0.43972558
-0.13135564
0.32905746
0.14687753
0.24284303
-0.14450058
-0.54200464
-0.72085685
-0.92742354
-0.29903939
0.13910414
-0.020907231
0.0025266071
-0.56488585
-0.07396128
-0.20230484
-0.24760877
-0.055288222
0.28315732
0.079165183
0.2373589
-0.021550007
-0.012379756
0.0031316348
-0.60002249
-0.67858416
-0.50032508
0.10601285
-0.13448626
0.28696078
0.1188978
-0.15175703
0.18579482
0.37510881
0.14848974
0.20760369
-0.56277204
-0.070491277
-0.34492102
-0.1237279
-0.23178159
-0.048258215
-0.45279464
-0.68763828
-0.8882435
0.068143025
0.0091097858
-0.2337631
-0.10613883
-0.12713356
-0.14382918
0.09910842
0.29362512
0.046438929
-0.08383514
-0.23122343
0.11580779
0.44500524
0.32366696
0.37973827
0.093402326
0.37282935
0.064276434
0.17072864
0.469071
0.53150189
-0.28104466
0.033971988
0.47677663
-0.50467956
-0.17665708
1.0612441
-0.38206235
-0.064472668
0.1491493
0.0034334951
-0.41046867
-0.4879601
0.0025065332
0.092276238
0.43993303
0.086053506
-0.35154015
0.24136265
-0.06629838
-0.44572777
0.15114251
0.29576319
-0.13745007
-0.15645868
0.070453502
-0.30441254
0.23584403
0.45165068
-0.026111104
0.13692369
0.51918209
0.14002725
0.28256384
-0.14716685
-0.21963009
-0.29249892
-0.0252536
0.16142245
-0.3464618
-1.0336632
-0.68233955
-0.9118101
0.057220533
0.11193723
0.31319183
0.0090296688
0.34162772
0.30024073
-0.22018664
0.50650305
0.36541703
0.0090955496
0.00037072631
-0.41734067
-0.062347677
0.40292838
-0.22246969
-0.4246299
0.27386582
-0.3737722
0.84361857
0.27959561
-0.1972784
-0.37654519
-0.2292202
0.07648804
-0.47968197
0.030148763
0.55764532
0.46269557
0.539168
-0.048747215
0.34919852
-0.28520048
-0.36479867
0.34585902
-0.2879329
-0.059981026
0.39031902
-0.12324937
-0.17833228
0.009798917
0.064331628
0.28858218
0.065414511
0.19201453
-0.40733558
-0.3413173
-0.54359496
-0.65781361
-0.062643521
-0.78779823
-0.61587059
1.9637612
1.2647672
2.2481747
-0.01278035
-0.17044167
-0.57540005
-0.76478273
0.23914696
-0.55199915
0.055313978
0.2912361
-0.41295305
0.035808694
-0.49081039
-0.25849885
0.26603991
-0.40410414
-0.20700455
-0.55014205
-0.21911032
0.57067561
-0.17056985
0.22175553
-0.40229127
0.31167352
0.099820182
-0.48498592
-0.23392843
-0.27552161
-0.17858383
-0.50963408
-0.09957166
0.38059339
-1.1334577
-0.39499235
-0.60148931
0.59100598
0.0425882
-0.27757603
-0.85993367
-0.58053684
-0.92892593
-0.4399702
-0.773893
0.34679359
0.49333104
-0.24230255
0.21584375
0.029129604
-0.53449273
0.23266079
0.39423826
-0.12768377
-0.011597389
1.1604487
0.012015314
-0.45926344
0.4949874
-0.25813633
0.11737294
-0.36640364
-0.46437317
-0.47633901
-0.043540575
0.030516395
-0.90915495
0.0933588
0.25439566
1.1645643
0.21286172
0.18685289
0.32038873
-0.53765219
-0.34397677
-0.17571001
0.88673919
0.42783001
1.2412844
0.47230899
0.09349329
0.56127203
0.27852032
0.1941877
-0.14366144
1.4676906
0.23027691
0.83658659
0.37862739
0.39311394
0.20114444
0.046800777
0.10416287
0.28190291
0.20231901
0.098598585
0.68640798
0.45773831
0.63153762
0.26490268
0.25159839
0.44656497
0.33154744
0.31253666
0.021651976
0.35902414
0.49245861
0.30177152
0.44481376
-0.11145496
0.020411523
-0.19455293
-0.18519288
0.30743864
0.23311108
-0.20401506
0.049748667
-0.29445222
-0.33400077
-0.25300035
-0.33471507
0.29847431
0.41134644
0.8529681
0.053596385
0.41533917
0.47434688
-0.10411244
0.23886396
0.45618781
-0.075689316
0.53622377
0.26171303
-0.031718619
0.021482095
0.047845338
-0.22739522
0.22012389
-0.31644934
-0.4896037
-0.62170827
-0.67695814
-0.28425771
-0.31062183
-0.42641863
-0.65215808
-0.5570094
-0.97903639
-0.21690008
-0.24649298
-0.31828395
-0.15257071
-0.47511816
-0.61467594
0.550502
0.20426717
0.15077858
-0.51726729
-0.041369777
-0.44993442
-0.28379291
0.45425934
-0.11204715
-0.83893162
0.0083377808
-0.79328769
-0.31005836
-0.12754986
-0.55859154
-0.41095287
-0.31868079
-1.0653452
0.60698265
0.71558696
0.679488
0.079632767
-0.28059292
-0.25073829
-0.16875675
-0.71153337
0.22509772
0.039347649
-0.42818835
0.91873795
0.25584465
0.37318078
0.026070552
0.11922024
0.20942377
0.11991294
1.1321431
-0.023607837
0.13501653
-0.38074198
-0.62010831
-0.85100013
-0.047929004
-0.07864847
0.084852666
0.0076341475
0.24864335
0.41299292
0.76218438
0.24410456
0.28482115
0.23322266
0.62805486
0.39706257
0.1932608
0.22772402
0.277289
0.13513543
-0.18649025
0.46954134
0.24012955
-0.41666183
0.67271191
0.55442291
0.63906783
1.5360454
-0.34222868
-0.032175001
-0.40592393
0.035655636
0.49904099
-0.17804442
-0.12303782
0.090439633
-0.35301065
-0.64602894
-0.7291289
-0.61945379
-0.5210169
-0.84500933
-0.50449187
2.3405972
0.71900696
1.5639701
-0.072916016
-0.10838184
-0.21481255
-0.10535002
-0.21594217
-0.2859959
0.65191191
-0.57661259
0.21462406
0.45620212
0.39638406
-0.14030603
0.097132161
-0.36588463
-0.081826419
0.97173655
-0.3364864
0.93965656
-0.16671474
0.50036937
0.78366286
-0.063939542
0.0017377172
-0.44540685
-0.20386168
0.45659673
0.13247919
-0.12196937
0.068301328
0.29583985
0.1559501
0.48071393
0.66526991
-0.019426828
0.35540578
0.89069736
-0.72848606
-0.082138591
-0.27109817
-0.21747169
-0.12444183
-0.020254102
0.40720123
0.41123092
0.83919168
-0.2348389
0.31453615
0.083487816
-0.16581921
0.048846617
0.082691826
-0.067916594
-0.35835496
-0.18448667
-0.66490281
-0.0092840195
0.66355383
-0.97446108
0.1296321
0.35704228
-0.037971329
-0.19927131
-0.50882101
-0.55486184
-0.1468216
-0.55749512
-0.46953362
0.1362232
-0.079891369
-0.3519662
0.023828868
0.3535966
-1.3278536
0.12129942
0.21519552
-0.43373454
0.37413329
-0.039795768
-0.29063502
0.11567522
-0.04748176
1.3805592
-0.84399825
-2.0357599
0.24880795
-0.36726552
-0.86833787
0.9680348
0.097061291
-0.61168528
-0.13770476
-0.39749449
-0.075306647
-0.17327893
-0.055514086
0.2515319
-0.54381108
-0.11008184
-0.41694012
-0.59127033
0.020826818
-0.14070408
-0.15960352
0.65747148
0.33725369
-0.59131622
0.32863083
-0.28846681
-0.30649668
-0.65220404
-0.7865746
-0.14499843
-0.69153666
-0.31111881
-0.27721491
-0.67782211
-0.1959808
-0.62160653
0.096435092
0.34904885
-0.48497647
0.019056674
0.68883294
0.81063294
-0.34205249
0.87917513
1.9882702
-0.27463442
-0.84678936
0.59755939
-0.068607382
-0.6151073
0.88678962
0.36998665
-0.32359225
0.21187514
-0.47919831
0.36008412
-0.0670349
-0.40086478
-0.075933598
0.34258139
-0.12283509
-0.19581988
-0.36777499
0.18099868
-0.27846503
0.36571056
-0.15530461
-0.23056394
0.17872962
-0.10484173
-0.020603862
0.87537324
-0.26990017
0.2447328
-0.053492799
-0.38609546
-0.0095581822
0.28698438
-0.32596293
0.046717569
0.42217892
-0.22598669
-0.027648402
0.013206011
0.023818152
-0.13500617
0.53442484
-0.4284974
-0.24995375
-0.49583882
-0.13736951
-0.26209509
-0.57329834
-0.2881189
0.40970513
-0.44231772
-0.46753711
-0.23264152
0.2039938
-0.046196867
-0.39401498
0.51567137
-0.014748017
0.077466711
-0.31155694
-0.46353063
-0.69887692
0.18162468
-0.47811061
0.022502054
-0.94416142
0.26709312
0.21131849
-0.93422264
-0.033222057
0.73004663
0.15684366
0.30564198
-0.30641744
-0.22738726
-0.62806231
0.08209271
0.3418757
-0.28394732
-0.0042462819
1.3542683
-0.18033098
-0.80432534
0.37309679
-0.35618961
-0.59079504
0.89418328
0.039623875
-0.73333955
1.8045524
0.66881216
0.14175138
0.15341331
-0.072465368
-0.37760615
0.53189713
0.95728415
0.80549216
-0.33679235
-0.36336532
-0.077035598
-0.28265759
-0.06914676
-0.081284247
-0.72074604
-0.36095884
-0.094367601
-0.29945457
0.055549942
0.14587206
0.14139846
0.098330483
0.3089858
-0.060994435
0.12801193
-0.16873874
-0.047213603
-0.10025829
-0.055258345
-0.24876478
-0.03132005
0.43205252
-1.0808618
-0.18900871
0.67955792
0.02572624
1.0550047
0.60594076
0.17672181
0.14302818
-0.063466586
-0.28685158
-0.046031233
-0.25368941
-0.37973338
-0.4055399
-0.64565802
-0.10585354
-0.048386548
-0.045225851
-0.81203419
-0.4867495
-0.23034373
-0.24268626
0.41767234
0.66960222
0.48301733
0.30044636
0.014960867
0.080303907
0.26976103
0.23793703
1.1907299
0.016501153
0.10558399
0.02207035
0.16297707
-0.014419048
0.72707301
0.50492805
0.044128075
-0.28495046
0.16559525
0.76493031
0.012567233
0.37861124
0.32243329
-0.17766133
-0.067174844
0.095408268
1.2137231
0.11975697
0.62778896
0.68189317
-0.18739873
-0.21997607
0.83493376
0.68015218
0.28440988
-1.6932379
-0.16801347
0.049720734
-0.075578526
-0.13259587
-0.48411998
-0.46705875
0.0054859724
-0.46518356
-0.39991015
-0.4110876
0.50674081
-0.21950477
-0.2424835
0.47975641
-0.20874001
-0.70611531
0.25437298
-1.2436769
-0.89002818
-0.5943802
-0.0050324285
-0.065105081
-0.4330461
-0.10845437
0.15933286
-0.30611676
-0.043067653
0.084606662
-0.049443696
-0.059295926
-0.029614542
-0.069807239
0.98177123
0.8214184
0.99317306
-0.22489455
-0.18962665
-0.16771959
-0.44412878
0.13318387
0.28071785
-0.97972506
0.093182407
0.015012329
0.049961228
0.47903702
0.15278393
-0.25104058
0.21130483
0.070218638
-0.13818426
-0.51264119
-0.9130522
0.34729007
0.16750191
0.55981922
0.014138069
-0.59413135
-0.54310423
0.49387094
-0.38439956
-0.32290632
-0.015633138
-0.10797095
-0.75250703
-0.27973053
-0.30876145
-0.46813861
-1.1243116
-0.3415744
-0.16748622
-0.77641022
-0.28010011
-0.39706337
-0.33227989
0.18192139
0.31086296
-0.55171478
0.24827676
-0.01122704
-0.73108208
0.16472284
-0.11937832
-0.13654903
0.48200434
-0.12818307
-0.046154883
0.46762416
0.81022733
0.080314741
-0.15658268
-0.5195865
0.35009459
0.009626789
-0.055181574
-0.6025157
-0.054876529
-0.075865366
-0.47404358
-0.43199873
-0.25144187
-0.090227537
-0.018897317
0.099053659
0.72529066
0.13371606
-0.13253285
-0.20957898
-0.1154542
-0.18473066
0.1734318
0.23394527
0.43021759
-0.41541004
0.26846135
0.0070320424
1.0142119
0.20327808
0.771842
0.44079486
-0.035106357
0.091025434
-0.36039808
0.043820281
-0.27776828
0.56383044
0.32335335
0.68019778
0.30148742
-0.13119417
0.3906492
-0.12693
-0.61385942
0.07148657
-0.19641216
0.65332627
-0.39292258
-0.15745783
0.27247867
-0.044625409
-0.10710126
0.5650385
0.1638786
0.39324945
0.4454973
0.96471477
0.016841656
0.32379386
0.63897222
-0.5080086
-0.58510572
-0.67939371
-0.011205199
0.28265288
-0.45779839
-0.20122415
0.36775821
0.058089525
0.31388819
0.72102296
0.3105402
0.56415284
0.17154278
0.72731179
0.09859401
-0.48867333
-0.12588634
-0.44889942
-1.7932413
-0.5007233
-0.67307997
0.2732006
-0.052543722
-0.85993189
-0.48123339
-0.0900544
0.32588094
0.59702504
1.231813
0.086207293
-0.018661128
0.1622071
0.12331054
-0.28333226
0.37091169
0.013546209
0.017897552
-0.16194552
-0.97240961
-0.1462518
-0.7091608
-0.32503456
0.13204551
-0.24102128
-0.073912866
-0.26160786
-0.8120029
-0.40962616
-0.43813765
-0.27959815
0.064729236
0.29701111
0.041714463
-0.1567231
-0.33040133
-1.4412184
-0.20022677
0.24896938
-0.22473298
0.13369094
-0.040146846
-0.33437926
0.68810928
0.28376237
0.28292355
-0.13805807
-0.08803986
-0.30479839
-0.1100611
0.20926277
-0.031215863
0.71322817
0.6548987
0.55298024
0.021584276
0.49085307
0.039371755
0.097462073
0.072431736
-0.24092394
0.10844198
-0.11364407
-0.42962539
0.40460294
-0.061033089
-0.36553687
-0.12207592
0.11371423
0.23009166
0.16321757
0.66304219
0.89724588
-0.14982693
-0.11996348
0.078892425
0.10327628
0.08004006
0.66339582
0.6056267
0.42821893
0.79481953
-0.52301049
0.0024294301
0.12642206
0.50029868
-0.034748193
0.82011294
1.0561531
0.84903485
1.212726
-0.49358955
-0.31087863
0.15146799
-0.87496388
-0.3425115
-0.22610074
-0.075355873
0.1498424
-0.048591625
0.58381504
0.10576579
0.35927758
0.30110028
0.2021182
0.10612007
-0.65015721
0.29087305
-0.4812187
0.036100268
0.089219183
0.64515716
0.50602853
0.28680938
0.36486384
-0.35716528
-0.18033984
-0.37822431
0.39142394
-0.25552049
0.0016774798
0.25711775
0.0070221419
-0.001715529
-0.0013974889
0.27405122
-0.33004799
-0.11276307
-0.53587955
-0.74895316
0.021173168
-0.44439742
-0.074170887
0.3280659
0.21788381
1.1402493
0.11332933
0.053448305
-0.029605556
-0.058320481
0.50504631
0.41191882
-1.1351414
-0.54506683
-0.083274536
-0.24278313
-0.53475833
-0.59539533
-0.31343263
-0.78182626
-0.76600486
7.1144401e-05
-0.42830276
0.10622393
0.93279332
-0.079332024
1.3132229
-0.28612947
-0.64610988
0.16477108
-0.24354231
-0.94070232
-0.34510255
-0.077451997
0.056504838
-0.53249079
-0.007638209
0.37043071
-0.24615604
-0.43098271
0.32138613
-0.61071992
-0.30042407
-0.09320949
0.32762653
-0.12920398
0.3925232
0.27354696
-0.37569395
0.29841152
-0.088186115
-0.48147282
0.19860168
0.056640226
-0.36402774
0.28352118
0.78484201
-0.11461514
0.17491975
0.51192445
-0.5356822
0.18473935
-0.63612109
-0.4312852
0.031840283
-0.37527394
-0.61074942
-0.23935187
-0.54175735
-0.21418746
-0.28188235
0.10277618
-0.21260732
-0.014436177
-0.25069436
-0.7016266
0.015747044
-0.5397343
1.1153708
0.3332296
0.1347239
0.11336814
-0.3336848
-0.75838649
-0.19110836
0.081120856
-0.24893747
0.50212377
0.42135346
0.55710572
-0.02136202
0.23291956
0.19341618
0.32129076
0.37450927
-0.099824354
0.092585288
-0.056377817
-0.56458789
-0.016675103
0.027814951
0.20229241
0.36121866
-0.049340989
0.81463969
-0.13670726
-0.11902004
-0.35581169
-0.18215261
0.14294781
0.0025346489
-0.69292146
-0.26326522
-0.15196349
-0.16532893
0.14365919
0.42406279
0.089895613
0.4524506
0.39875036
0.029374219
-0.020842861
-0.051796783
-0.2787472
0.20271873
-0.13516328
0.038622014
0.18331617
-0.31048182
0.073375724
-0.047831621
-0.045521695
-0.6255511
-0.68239534
-0.47780111
0.064393766
-0.19884986
-0.051020596
0.34859937
0.66645551
0.2735877
1.4071928
-0.15505058
1.0975801
0.33081278
-0.45701715
0.10913909
-0.10453422
-0.066628709
0.013498274
-0.39261341
-0.44448501
0.12070267
-0.015779395
0.55211616
0.62140405
-0.16994093
0.32250744
-0.03931101
0.0995626
0.47340137
0.93767208
-0.27973297
-0.33320895
0.28691158
0.22528474
0.35294592
0.69109738
-0.068830036
-0.18831499
0.13018329
-0.20842367
-0.10883783
0.040593084
0.099814072
-0.52702999
0.51527274
0.16960561
0.48675179
-0.083175652
0.1361288
0.1900079
-0.075049415
-0.060713243
0.064684138
-0.22106554
0.2244627
0.47901437
0.48661107
0.10458515
-0.24294694
-0.26827371
0.14363365
-0.59853429
-0.72299665
-0.23696816
0.12576601
-0.40614864
0.2495593
0.28942981
0.34165877
0.82063895
0.42853418
1.0607656
0.94138533
-0.18229884
0.64240777
0.64915526
0.16925137
0.49474102
1.1275259
-0.090613946
1.0110773
-0.65002781
-0.10768411
0.93184847
-0.35468623
0.28555408
0.35722992
-0.44958219
0.27987415
0.22472662
-0.1866246
-0.36162505
-0.86911327
-0.013882855
0.28866321
-0.27902868
-0.3781541
-0.19347352
-0.62326181
-0.51190525
-0.62437528
-0.23430519
-0.51991796
-0.54185212
-0.39209688
-0.57509845
-0.80411941
-0.76784742
-0.22640884
-0.03020829
-0.12866125
0.2228772
0.28355193
0.11657706
-0.56003171
-0.17207111
-0.89955127
-0.46484938
-0.28816605
-0.48316514
0.12866889
0.24120653
0.15210584
0.1284582
-0.29546684
0.31202766
-0.037491925
-0.19263175
0.35042164
0.12210297
-0.40350375
-0.31381774
0.52484298
-0.0094067957
0.26388478
-0.46366391
0.32735702
-0.47036803
0.14557154
0.12735896
0.13480306
-0.32608169
-0.3903347
-0.49300051
-0.83975011
0.054240301
0.010788702
-0.45187041
0.34513029
0.12040828
-0.59083503
-0.19090556
-0.37189651
0.33030188
-0.085652232
-0.94425452
-0.070694119
-0.12970513
-0.18216236
-0.129309
-0.1945706
-0.41702056
0.94940811
0.36495736
0.12256744
0.35219842
-0.48109797
-0.51975024
0.0055793324
-0.14723139
-0.14314936
0.48464835
0.53808773
0.74198765
0.47205058
0.52478981
0.30882275
1.1615444
1.1261386
1.5139666
0.34150338
0.33910254
0.026648754
0.34254652
-0.14880721
0.52254838
-0.60300243
-0.44904581
-0.17409688
0.12822776
0.18340425
1.2286434
-0.19694078
-0.28462988
0.0077678785
-1.3065568
-0.41057441
0.26664102
-0.84865159
-0.49068412
-1.1011279
-0.3996866
0.042836547
-0.25178826
-0.21148498
0.36861378
-0.17201318
0.57225865
-0.14629859
0.15548967
0.0080104386
-0.42927521
0.10481395
0.86529487
-0.036273751
1.0330536
-0.67144144
0.26243708
-1.0210263
-0.27386877
0.44128644
-0.35508791
-0.0052623083
0.07347808
-0.54679197
0.90242857
0.4721539
-0.074306592
0.18018438
-0.27109399
-0.233086
-0.001983603
-0.14379351
-0.081642352
0.80140316
0.13494369
-0.38529491
0.40459317
-0.013050498
-0.27410385
0.024170587
-0.43038341
-0.97222596
-0.15279254
0.077335
0.80614132
-0.024206443
0.042500649
0.30858824
-0.35245308
-0.40899524
-0.088278346
0.17231484
0.0033788234
0.60901642
0.17169943
-0.15655172
0.322326
0.9768669
-0.21891846
1.19063
-0.12748162
0.20524639
-0.30582643
-0.070337079
0.27408567
-0.31148762
-0.57542241
-0.051108941
-0.97777128
-0.61291152
0.27039349
-0.62801164
0.23361479
0.061715789
0.0081168069
-0.22933926
0.1343722
-0.15087186
-0.12076136
-0.41707191
-0.10980458
-0.12889825
-0.12373915
-0.39737484
-0.48997733
0.15155379
-0.61059022
-0.47995314
-0.032457862
0.079249673
-0.027441744
0.10908597
-0.1644986
0.29268587
0.22427788
-0.0019589139
-0.535366
-0.24431047
-0.20568508
0.23307377
-0.5457204
-0.30413017
-0.089872383
-0.5263294
-0.24129884
-0.10096481
0.40750146
0.45057216
0.18090005
0.69283414
0.11838043
-0.9128179
-0.34380782
-0.97442943
-0.027322464
-0.63010412
-0.43611306
-0.49559194
0.041060034
-0.41506273
-0.4548732
0.10865875
0.13117506
-0.27980387
0.12733315
-0.098227955
-0.11247756
-0.090931877
-0.026909929
-0.046660375
-0.31063342
0.20057224
-0.40540105
-0.15054838
0.17747831
-0.20564736
0.40820634
-0.54243755
-0.59172225
0.26912469
-0.88251066
0.07564602
-0.16055349
0.14218387
0.14333954
0.21479428
0.14421932
0.08631175
0.062715724
0.38479882
-0.65529776
-0.88925415
-0.31404981
0.016075851
-0.46741608
0.28205353
0.65496659
0.0018125558
1.1671222
0.18788999
0.14399862
0.50323099
0.086163469
-0.27899027
0.18385118
1.7369237
-0.10031532
1.4695538
1.2162528
0.086476557
0.65262336
-0.14952864
-0.32248631
0.18480815
0.52594221
0.019663805
-0.10605813
0.16021121
0.041503679
-0.25676143
-0.019178821
0.37714395
0.57992876
-1.1635264
0.069626659
0.13876157
-0.2085232
-0.070241667
0.49964994
-0.15082775
0.044060178
0.23120458
-0.8375082
-0.04140947
0.10699373
-0.27734563
0.065790236
-0.42528272
0.15542382
-0.073560409
-0.44825903
0.044206727
-0.094467394
-0.71108741
0.4085575
0.03980976
-0.08390864
0.17099933
-0.19353095
-0.043543965
1.1395425
0.65287238
0.59440285
0.54460979
0.24783255
0.64116102
0.63136905
-0.41416317
0.71668088
1.9579003
-0.44445422
2.0207639
0.89082289
-0.02274481
0.56059623
0.010749738
-0.34811136
0.091706261
0.2256047
-0.71108371
0.33314613
-0.49092132
0.15834236
0.50841963
-0.011641152
0.40046203
0.4809615
-0.2163983
-0.098386519
-0.28220773
0.17609912
0.15967211
0.38039619
0.039615713
0.16682388
-0.024818037
-0.16200641
-0.074302979
-0.37609529
-0.62011772
0.37500599
0.20627576
0.05665331
0.28831691
-0.26902384
-0.42064208
-0.11080434
-0.50495464
0.36246628
0.23457356
-0.15863912
0.32019979
0.33326119
0.40724409
0.3521859
0.43740323
0.15252517
-0.37907451
0.28709826
0.12435006
-0.51517045
-0.25031263
0.0075311889
-0.59675837
-0.057330608
0.052601673
-0.61877978
0.041999865
-0.0075083426
-0.20943421
0.11959054
0.22811051
0.078593016
-0.11427937
0.15150778
0.18010645
-0.72449028
-0.37664205
0.12982409
-0.37540013
-0.29869312
0.097469196
-0.26631257
-0.38208982
-1.099156
-0.62359267
-0.70186061
-0.37635976
0.064928845
-0.035063617
-0.78993851
0.12465158
-0.305002
-0.65852243
0.058178373
-0.58194971
0.061208449
0.64906836
0.18458158
-0.52539629
0.4016405
0.012505556
0.58265322
0.14362614
0.48667556
0.18208659
-0.3235794
-0.057980224
0.77844661
-0.14777765
0.0046437574
0.017956434
-0.28599492
-0.70008385
-0.38718683
-0.1530944
0.14158446
-1.0341525
-0.4594005
-0.4020012
0.69231141
0.0073881932
-0.35637206
0.40236881
-0.14364129
-0.19522578
0.36955875
-0.33933872
-0.35294637
0.56304258
0.15112297
0.37859452
0.02110889
-0.044023912
0.13352077
-0.094696105
0.30153373
-0.29529819
-0.45777351
-0.35019505
-0.57128346
0.096239649
-0.11489016
-0.14575888
-0.21094821
-0.43280157
-0.31647971
0.70844394
-0.22011974
0.64524108
-0.09074837
-0.47949502
0.43667668
-0.035697859
-0.37342358
0.14929707
-0.13873821
0.23024124
-0.3599025
0.10437849
-0.024913698
-0.1999976
0.12758051
-0.094284937
-0.35531521
-0.10236784
-0.019572588
-0.07298176
-0.092778943
-0.098456688
-0.04435778
-0.20851827
0.24231628
-0.036133293
0.84440798
0.039861053
0.49509633
0.39303359
-0.22182497
0.34422779
0.14043589
-0.057436518
0.14141722
-0.87284362
-0.50958019
-0.74335635
-0.36552832
0.09544196
-0.27416497
0.33090255
0.068859808
0.13571914
-0.78474075
0.19768931
0.040551964
-0.27041948
-0.010757332
0.10542484
-0.12207994
-0.096137419
-0.42241529
0.72700143
-0.23293884
0.57208723
0.30009392
-0.16529277
-0.15125668
0.60128492
0.54567558
0.76820958
0.0031191562
-0.19102371
-0.38919216
-0.056050368
-0.13599953
-0.2205724
-0.1374335
-0.46216884
-0.46457779
-0.87290823
-0.3388328
-0.8873235
-0.079634003
0.0098238299
-0.095926926
-0.50685525
-0.37985036
-0.6105991
0.22922796
-0.071531318
0.26724875
-0.42532068
0.009549506
-0.20175013
0.16011293
0.35609159
-0.28679037
0.2344185
0.29849929
0.3776949
-1.9197038e-05
-0.2129878
-0.39908949
0.1959209
0.54039741
0.31440806
-0.21680875
-0.28870675
-0.37308264
0.023822412
-0.17198057
-0.36632669
0.051074088
0.59916645
1.0803343
-0.52992362
-0.12702276
0.66325158
-0.55323297
-0.40823963
0.15097913
-0.27761868
-0.50491238
0.79209924
-0.20133053
-0.19901173
0.82711101
-0.4447802
-0.34574738
0.76204216
0.342531
0.43772525
0.94571608
0.77262741
-0.34656718
-0.20507857
0.38200459
-0.55454034
-0.61338562
0.53613174
-0.1393892
-0.13225245
-0.22590658
-0.17240037
-0.62934917
0.085796125
0.32003608
0.091606364
-0.28953969
-0.19704038
-0.42780989
0.31900412
-0.5905453
0.26841211
-0.46664393
-0.15603517
-0.20976956
0.34924006
0.087070681
0.53823477
-0.21914244
0.48481873
-0.40603009
-0.69240016
0.2601358
-0.42381379
-0.14046207
0.52185136
-0.17608665
-0.31699678
0.063525535
-0.49659309
-0.062609442
-0.10300146
-0.46909007
-0.50002903
-0.37823048
-0.59515405
0.53927314
-0.14274046
0.40860224
-0.079331905
-0.34724143
0.12491982
0.91452342
-0.23577146
0.30337432
-0.17104554
-0.1351077
-0.32489181
-0.41746959
-0.16673847
0.057988733
-0.26278177
-0.02843925
0.073428072
0.54283315
-0.04199224
-0.17244695
-0.13004352
0.093765475
-0.23979181
-0.28868231
-0.20171431
-0.3686533
0.16230214
0.58530021
0.32057896
-0.040104013
-0.065117091
-0.28932121
-0.2709879
-0.21217147
0.11419314
-0.55020934
0.12166154
-0.8891499
-0.48086661
0.27617082
-0.10643772
-0.47582448
0.014724941
-1.0511445
0.37366092
0.11615914
0.3262057
-0.15873729
-0.30310151
-0.47541291
-0.5539366
-0.46196428
-0.55100256
-0.49627969
-0.23149146
-0.63246822
-0.14271377
0.089433014
-0.2695418
-0.87286246
-0.22428373
-0.42914453
-1.2302066
-0.42428023
-0.49861524
-0.48594692
-0.06094246
-0.23751642
-0.53013086
-0.031696323
-0.027165683
-0.52794826
0.021407811
0.37463132
-0.35437211
0.045296181
0.012136488
-0.59331959
0.18572199
0.50395048
-0.37439582
0.37972492
-0.63600689
-0.22429353
0.15476315
-0.28931734
-1.0825227
-0.41716012
-1.2846714
1.318197
0.26936767
-0.48469329
0.025338637
-0.32104805
-0.23591937
0.18978286
-0.099448994
-0.095482104
0.3174656
0.62133968
-0.069329798
0.02175924
0.45231315
-0.021927569
-0.51922649
0.026493799
-0.37701049
0.60935247
0.13438162
0.025854651
0.32433534
-0.19585867
-0.57715213
0.31209397
-0.21673122
0.51471823
1.2921702
-0.10060845
1.3130826
0.30503497
-0.019727368
0.77996105
0.61707532
0.61889857
0.57472283
0.56289488
0.089473255
-0.13343376
-0.19303489
-0.46554828
0.057749521
0.78428394
0.14390232
0.83970386
-0.43663532
-0.84511691
-0.84283918
0.058397021
-0.37880507
-0.4037104
-0.7313903
-0.31455922
-0.61733973
-0.15751672
0.05994473
-0.20788485
0.54750121
-0.064114384
0.32554144
1.2652105
-0.19768126
1.0087415
-0.23262899
0.09247534
-0.25422758
-0.046172682
-0.16602984
-0.36178836
0.22292247
0.058567829
0.236313
0.042312685
0.33357036
0.5679968
-0.022641016
0.1225512
0.32096091
0.019356607
-0.14134826
0.59906721
-0.18193534
-0.34538504
-0.11448309
0.10169684
0.15735883
-0.032854021
0.16762032
0.33207017
-0.19637051
-0.47305197
-0.12372424
-0.28762618
-0.28703812
-0.41779989
-0.07884112
-0.44495773
-0.8374204
-0.65462762
-0.50775701
0.077723771
-0.50998414
0.026484629
0.31330144
0.46046486
-0.41180286
-0.38315049
-0.78911066
0.22407028
0.15678169
-0.30028096
-0.18209873
0.049370587
-0.25560498
0.8631531
-0.063414715
0.53923422
-0.28261504
-0.23170805
-0.067475632
0.18464282
0.4667418
0.42724574
-0.50971478
0.29717383
-0.15653124
-0.47024918
-0.0057569887
-0.81006867
0.27555612
0.42588773
-0.25227505
-0.36882371
0.067214534
-0.081175908
0.60758674
0.24196242
1.4923433
-0.16180237
-0.64277923
-0.34879878
0.80741143
0.14507395
1.1606988
-0.064019807
0.082867324
-0.091673657
-0.022886291
0.23675488
0.33218381
-0.047354259
-0.16089194
-0.48700863
0.75730205
0.69536251
0.58413351
0.20911522
-0.41569334
0.080926895
0.75629532
-0.091382697
0.56911474
0.63922369
-0.070528664
0.36441487
-0.0019888603
-0.24721733
-0.071300425
-0.13576044
-0.36217651
-0.50749993
0.2982097
0.27780846
0.2431514
0.038517177
0.52559096
0.20320034
-0.90588194
0.092241608
-1.1222254
0.13222402
-0.054483291
0.031410173
0.076438874
-0.3896842
-0.30306053
0.059637751
-0.057101265
-0.41439262
0.96513468
0.4289768
-0.47675321
0.056011897
0.062375613
-0.59652668
0.11902149
-0.36517081
-0.77931583
0.20567143
-0.17070249
-0.02488018
0.045450665
-0.073112421
0.24644153
0.29622918
-0.02720551
-0.16370769
0.57710326
-0.1350048
0.41585699
0.22148691
-0.32755744
0.86791939
0.27413407
-0.12756413
0.44713843
0.89921236
0.24151154
-0.23941621
0.069868095
-0.44549602
-0.48865774
-0.19120997
0.12927788
0.55141288
0.97491753
0.70944536
0.084523886
0.39276022
-0.19066733
-0.056206759
-0.11353502
-0.5801006
-0.25651771
-0.23202345
-0.42544177
-0.23796979
0.39828965
0.093579277
-0.037014961
-0.3045525
-0.14963336
-0.63190114
-1.0338553
-0.13474047
-0.27628234
-0.21340492
0.12286935
-0.23000416
-0.29221529
0.089911826
-0.16060171
0.027618065
-0.071629487
-0.12203872
0.25014967
0.29113567
-0.10087321
0.92839748
0.73699445
0.87525785
-0.44435781
-0.23497412
-0.35024264
-0.1394676
-0.040190049
0.043739799
0.051438488
0.114144
0.28004643
-0.65452844
-0.53183591
0.26087072
-0.22149272
-0.49980849
-0.38648039
0.46657276
-0.17722653
-0.25610062
-0.23224679
0.043911409
-0.085092276
0.067613482
0.045306411
-0.23131029
0.21538925
-0.41222534
-0.82491863
-0.10144777
-0.0015285047
0.30814564
-0.67778975
-0.14727528
0.38088349
-0.91521752
-0.20423885
0.13938692
-0.33622068
-0.045178752
-0.59749472
-0.067017496
0.4308849
-0.14851703
0.45622358
0.49326712
0.21360478
0.45823556
0.49913406
0.8862009
0.2548798
0.19642641
0.34576648
0.25607762
-0.016494894
0.43366632
-0.87822348
0.045315433
-0.31886199
0.26242572
0.62696612
-0.1284574
-0.46686879
-0.21813646
-0.40197065
-0.68061346
0.0063592717
0.09040343
-0.97799987
0.13619573
-0.010983399
-0.35043913
0.38293055
0.093566336
-0.36200789
-0.66199142
0.64966947
-0.027792452
-0.32748106
0.3976517
0.08584521
-0.046564501
0.25196373
-0.3906469
0.20717417
-0.65244079
-0.019132392
0.29981625
-0.012844455
-0.073071107
0.14464121
-0.10194049
-0.17030832
-0.5944106
-0.014392151
-0.24316229
-0.13571921
-0.19487938
0.4358677
0.10749181
0.008907889
-0.0063240952
-0.37475643
-0.65259898
0.017447086
0.0097507294
-0.11815267
0.33221424
0.418075
0.40837693
-0.33084294
0.10015915
-0.32084879
0.37116447
0.356738
-0.51919079
0.40114433
0.20873313
-0.50547433
0.13165684
0.49047941
-0.078392141
-0.13900888
0.087057434
-0.15391785
-0.87590176
-0.17748508
-0.12986924
0.72962201
0.079924889
-0.27158982
-0.29120263
-0.65408069
-0.33410481
0.17515045
-0.52290559
-0.84696782
0.28812531
-0.19612044
-0.18309991
0.31396917
-0.032904424
-0.062551357
0.58112389
-0.32772097
-0.27410537
0.45499262
0.24816401
-0.17159159
0.076220214
0.20724753
-0.025666147
0.35504305
-0.18697962
-0.19504061
-0.51816803
-0.49053112
-0.45612407
-0.18106347
0.048853863
0.28326795
-0.14515419
0.11522775
0.33332813
0.16910514
0.31215665
-0.42542198
0.074936211
-0.14159873
-0.62358898
-0.060128406
-0.44875011
-0.4385618
-0.37729335
-0.69872046
-0.064048797
-0.24577229
-0.10371431
0.27985924
0.0035987925
0.4231849
0.72105843
0.56854039
-0.54353178
-1.3121235
-0.071852423
-0.84030449
-1.0262018
0.63302559
0.13055687
0.19494365
1.2372878
0.012620704
-0.11618882
0.51567382
-0.17754887
-0.54353231
1.0096391
0.39455467
0.17455436
0.36599267
0.82371688
-0.045230117
0.34996638
0.21092717
-0.041272122
0.58877522
0.13821693
0.16894104
0.3897655
-0.17644148
-0.90744275
0.32889313
0.15802374
-0.41121382
1.0388225
0.39690745
0.48922795
0.25954574
0.031484745
-0.32646301
-0.22471467
0.2245111
-0.25569037
0.21572284
0.6147998
-0.31436673
0.61894834
0.43915662
-0.40200108
0.55349272
0.21512991
0.12862939
0.18656208
0.29193318
0.046838243
0.37567338
0.067730181
-0.93782622
0.52364326
0.030870197
-0.46573827
0.30682454
-0.20317219
-0.43047246
0.63506937
0.42358527
0.73336166
0.31161413
0.16528071
-0.13817878
0.60394436
0.087387092
0.34512368
0.95513427
-0.31370229
-0.040232725
0.31020758
-0.56928241
-0.00024172968
0.69001126
-0.12961924
1.0721612
-0.59846854
0.44901961
0.16319515
-0.33462712
0.38075355
-0.25749952
0.061789077
-0.33912212
-1.0456676
-0.093091406
-0.1670129
-0.083251171
-1.1580367
-0.18291254
-0.181734
-1.1676817
-0.41237473
-0.95004565
-0.49391299
-0.080682151
-0.32398352
-0.04657159
-0.068832442
-0.072839022
-0.68018913
0.28779164
-0.13930595
-0.58296067
-0.32107794
-0.46017891
0.24696171
0.026895562
0.13289082
0.17711915
-0.46596763
0.59735316
-0.25977573
0.23069178
0.11988696
-0.25648713
-0.0057461038
-0.047575634
-0.022075796
0.38763735
0.036644693
-0.70477819
0.42213506
-0.10414399
-0.82202905
-0.084122583
-0.021833844
-0.6721462
0.096127242
-0.38797942
-0.26174942
0.12006677
-0.37467355
-0.18456084
0.20286581
-0.10625683
-0.1556609
0.4282316
-0.090619557
-0.18037637
0.16695383
-0.67536587
-0.038373109
-0.044199958
-0.52000195
-0.67692894
-0.39218119
-0.51166171
-0.4974024
0.024592072
0.044915158
-0.32509965
0.31171361
0.11908848
-0.2644631
-0.42924511
-0.2624127
0.34196049
-0.34230769
-0.11415552
-0.10212143
-0.22226301
-0.08585535
-0.025413973
0.068451211
0.13832077
0.067041181
-0.46824235
0.22335197
-0.062906109
-0.13067569
0.28957951
0.57320404
0.00015194494
0.94991446
-0.63264692
-0.11151185
-0.49597749
-0.11947215
-0.049152028
-0.41758302
-0.1519186
0.3435196
-0.6526053
0.25873336
-0.41102964
0.46314406
0.18868594
-0.43928972
0.2330568
0.37849474
-0.37288436
0.78168386
-0.021149883
-0.45738009
-0.77363795
-0.26340887
-0.18421108
-0.6539284
-0.034788441
-0.13435289
0.054237105
0.45560467
0.39958897
0.32364115
-0.041900765
-0.2473907
-0.48637849
-0.47776276
-0.47620475
-0.21548061
1.0343282
0.5622651
0.85163903
0.16222155
-0.18432908
-0.16265361
0.18001628
0.0042231544
0.57019055
0.15370238
0.067311227
-0.024134576
0.12658249
-0.21116903
-0.1108973
0.24206756
-0.20533432
0.28580269
-0.0033668729
-0.16947143
-0.56328332
-0.17153712
-0.44099802
0.47946087
-0.13069557
-0.28179467
-0.058079764
-0.041402835
-0.72563076
0.39831293
0.2269205
-0.74837393
0.086956583
2.0621798
0.26496148
1.5790216
-0.18813807
-0.54421335
0.31671691
0.023542332
-0.27309671
0.25855732
1.0426326
0.71380234
0.45580614
0.62207222
0.077522516
-0.59045976
0.60083395
0.28615952
-0.47674707
-0.062153608
0.15155768
0.80689889
-0.40107363
-0.22026235
0.25263986
0.29350081
-0.035821289
0.50722229
1.0170325
0.76603907
1.4263682
0.39898738
0.25600728
0.34933341
0.23258503
0.027245784
0.60465032
-0.025908684
0.41762006
-0.048047408
0.011772288
-0.2782051
0.0580335
-0.043107066
0.074218288
0.37488207
0.39853466
-0.39449328
-0.11822826
0.64573807
0.6245963
0.54315728
0.44271213
0.25743014
0.54127866
0.61052716
-0.45977262
-0.25300622
0.97927338
0.37682369
0.94401556
-0.20214085
0.13998561
0.78131789
-0.90267301
-0.10197496
-0.82922965
-0.45868081
-0.29420307
-0.20461228
-0.024001045
-0.18416315
-0.093160823
-0.041924216
0.039480984
0.14426741
-0.17625262
-0.10044894
-0.62589318
-0.9405809
-0.1943211
-0.28188384
-1.0051142
-0.15236689
-0.29578477
-0.71419406
-0.23953344
-0.2162797
0.059193477
-0.2481959
-0.47371733
1.0536888
-0.27873826
-0.19796059
0.42681417
0.53554112
1.1462344
0.29877928
-0.076877072
1.1369443
1.111958
0.5377748
1.5199423
0.1618087
0.81776911
0.79181445
0.18839909
-0.023068657
0.3324357
-0.22535151
-0.34123415
-0.16286099
0.05022908
0.16303064
0.18044901
-0.13930635
0.025931751
0.21282279
-0.41379562
0.089308217
-0.25011286
0.3986086
0.34371665
-0.62555754
0.32544172
0.20019415
-0.3967973
-0.81235719
-0.52887166
-0.12900516
0.052547853
-0.77487767
-0.70226669
-0.37120017
-0.3953042
-0.20543608
-0.49508682
-0.3461594
-0.27315184
0.2166677
-0.83173335
0.014002108
0.34015164
-0.1003496
0.32688907
0.56287163
0.25151941
0.43210253
-0.79060757
0.36211166
-0.43135813
-0.15254115
0.19115043
0.36240086
-0.64078426
0.44962916
0.17859674
0.10672893
-0.19612859
0.14101048
-0.44810438
-0.19698091
0.20362107
-1.1675321
-0.76217639
-0.05570117
0.5201081
-0.55412316
0.56596291
0.58964038
-0.70722675
-0.30358499
-0.27362192
-0.44137466
-0.70148373
0.90999794
0.009060706
0.39774543
0.2618708
-0.52068079
0.50226909
-0.21168061
-0.34660876
0.48419923
-0.19317086
-0.54647654
0.052712131
-0.47073701
-0.46208394
-0.43991229
0.44892094
-0.19565959
-0.006419823
-0.33224738
-0.64348835
-0.22088571
-0.087484486
-0.11497536
-0.042043246
0.053413261
0.28107128
-0.26314181
0.19683808
0.52277523
0.55557394
0.25416097
0.10162105
0.41077614
0.12647058
-0.43337393
0.15062635
-0.071003139
0.21129943
-0.47707528
-0.52032769
0.084425867
-0.74057549
-0.85371804
-0.2755799
-0.92873067
0.55069464
0.76087356
1.6888206
0.23814425
-0.45139539
0.509718
0.74019963
-0.041952204
0.93472922
0.38493809
-0.10923205
0.935996
-0.58715457
-0.59444475
-0.64198661
-0.94485927
0.25704154
-0.73026681
0.010600864
-0.913665
-0.97192889
0.39133242
0.41325608
0.39884073
-1.3601892
-0.79871684
-1.1030793
0.85057533
0.54427189
0.86095917
0.50182867
-0.46301532
-0.19171889
0.34764671
-0.23209853
-0.32834837
-0.040579636
0.64165056
0.26060241
-0.053561091
0.47552004
0.37891999
0.30691016
0.27314511
0.7226128
-1.124936
0.30871803
-0.4628821
-0.74479008
0.52499622
-0.19669953
-0.35270038
0.17743517
-0.75269324
0.13173263
-0.49789113
1.3067079
0.066546991
-0.28776988
0.21785533
-0.22723693
-0.663638
0.45582139
-0.0030093095
0.2894536
0.20788649
0.21635802
0.32517594
0.065133676
0.31715265
0.2997151
-0.19406199
0.38332945
-0.3491106
0.74841774
-0.2783224
-0.4052259
-0.32946393
0.11226287
0.43197718
0.38020158
-0.41435707
-0.25220573
0.27228016
-0.32848987
-0.21826181
-0.22150397
-0.31707332
-0.24306393
-0.43817106
-0.50389987
-0.69637662
-0.084178269
-0.15095128
0.17523719
0.24389648
0.22533856
0.054859694
0.19259271
0.21115084
-0.030938938
-0.39393079
0.21559604
0.27669296
-0.76070702
0.43388858
0.4345898
-0.52087355
-0.86201787
-0.4855873
-0.66989875
-0.26204211
-0.18489143
-0.12809272
0.0096556786
0.14851755
-0.17763475
-0.49344435
-0.42815495
-0.54148424
0.10891123
0.099661976
-0.077305324
0.041634932
-0.64069623
-0.44021177
-0.20765555
-0.27941403
0.24288702
0.25585479
0.18663029
0.11049645
0.52480567
0.28352672
0.5144403
-0.25477087
0.18763788
-0.59026104
0.30903515
-0.0088160494
0.24346408
0.025050228
-0.089147143
-0.14213319
-0.36348337
-0.74814737
-0.72185564
0.19322124
-0.3330245
0.17352399
-0.53816926
-0.58730268
-1.0080721
-0.76617342
0.10667527
-0.0030229371
-0.19862804
0.28295326
0.26397967
-0.16420199
-0.14781541
0.12514271
-0.13000536
-0.13866208
0.17860122
0.2190564
-0.0081363525
-0.089641497
-0.45170352
0.10649766
0.33768663
0.051624384
-0.13326553
-0.38839135
0.29300761
0.067885175
-0.30212155
-0.82398826
-0.1868794
-0.44936568
0.38381401
0.10479616
0.10412665
0.089124262
0.18072891
0.024270536
-0.029659694
0.050223224
0.12755994
0.057216115
0.77408201
2.1416159
-0.19975019
-0.024708763
0.61103666
0.17539583
0.54040146
1.4286804
0.064833716
-0.66750175
-0.35026452
-0.143641
-0.6516698
0.074856848
0.41483077
-0.17897555
-0.19123478
-0.16574097
0.24456313
-0.054401323
-0.21565446
0.42004547
0.5114007
-0.22653082
-0.44870088
-0.3645106
-0.93799919
-0.034576591
-0.98916656
0.0019150074
0.84643048
0.1794157
-0.57734591
0.57577777
-0.74050111
0.9972207
-0.26749432
-0.086101614
0.39312488
-0.78316939
-0.43183553
1.0634
-0.46420711
-0.15918608
-0.23400018
-0.19663399
-0.27741733
0.32934809
0.16385022
0.53953397
-0.17474474
-0.33328363
0.25558236
-0.55986446
-0.40119037
-0.76305914
0.15413511
-0.054690044
-0.37337697
-0.036423575
-0.35219494
-0.1206496
-0.22904564
0.092039309
0.10453463
0.2457605
0.68792725
0.39045581
0.22681665
0.21607643
0.086298615
-0.84028816
-0.16203609
-0.28376547
-0.20722806
0.090017542
0.44278491
0.055654872
-0.17054212
-0.48285925
0.20028649
-0.085063107
0.076909654
-0.083979644
-0.41887492
-0.1196618
0.42113033
-0.12294254
0.19511409
-0.66628051
-0.51496893
-0.38439751
-0.4130007
-0.045261659
-0.049339596
-0.4421221
-0.059950046
-0.49861875
0.16072394
-0.48652929
0.14207534
0.65978914
0.37531802
0.079330966
0.68391496
-0.00083294709
-0.021836748
-0.16657715
-0.39104164
-0.066725343
0.40627602
0.37238818
0.39155611
0.072130121
0.65505791
0.30186519
-1.4338852
-0.36217615
-0.27781287
-0.45475492
0.1502468
0.16341467
0.094444573
-0.046340916
-0.51179081
-0.30344519
-0.01521083
-0.61672068
-0.066197746
0.56111604
0.14361483
-0.60184717
0.0088343835
-0.42881632
-0.34102279
-0.43224853
-0.33681068
-0.022913408
0.031586025
-0.1212708
-0.64352423
-0.31077969
-0.72072238
1.0929693
-0.38271984
0.8720659
0.60211045
-0.29827467
0.06360507
0.51832384
0.259489
0.90981412
-0.18552285
0.14158559
-0.29200363
0.30924925
0.13726725
-0.30073652
-0.095516115
0.1370478
0.11636928
-0.53965688
-0.041901425
-0.56106687
-0.63112146
0.1192067
-0.31136498
-0.84283775
0.12606516
-0.72332919
-0.12505059
-0.0073262262
-0.040159374
-0.055836856
0.27360094
-0.11244431
-0.21607034
-0.063500606
-0.46070522
0.34194192
-0.41970059
0.065908544
0.77492088
-0.7006371
-0.094573289
1.6768235
0.12604409
-0.16352843
-0.16628861
0.35245496
-0.35505149
-0.42041013
0.1710321
0.40259355
-0.5215652
-0.13688181
-0.098063543
-0.0332871
0.14672264
0.62664407
-0.30118734
-0.52650577
0.59273261
-0.5597555
-0.58875227
0.45510337
-0.21180384
-0.0029200537
-0.046291571
0.020976927
0.42834434
0.2848326
-0.53988469
0.071163312
0.010389189
-0.7792899
-0.14448732
-0.45810065
-0.25435695
0.21606888
0.010370042
-1.0429187
-0.79591227
-0.6844784
0.2447754
-0.016148945
0.53112125
0.28417012
-0.12103117
0.52313972
0.32547945
-0.55831265
-0.052754633
-0.21405333
0.25389457
-0.26446399
-0.080009557
0.34353495
0.019301556
-0.32258478
-0.14985912
-0.4483304
-0.09369836
-0.17360365
-0.62115473
-0.86210507
-0.24289869
-0.15959178
-0.23886067
0.30048594
-0.12269172
-0.065738671
0.24935231
0.1677728
0.12646079
-0.082640596
0.24007145
-0.37218612
0.2707521
0.25013542
-0.18297173
-0.46813038
-0.71818483
-0.23404667
0.1349245
-0.37313145
-0.53606182
-0.34882721
-0.63782156
-0.53578442
0.052263055
0.044506192
-0.055841897
-0.36022455
-0.29234403
0.059532624
-0.58600104
-0.36194324
-0.074994385
0.20071165
0.40846619
-0.50547254
-0.27729777
-0.11400438
0.22155342
0.036503915
0.069042258
0.20394416
-0.76744479
0.42992032
-0.22569682
-0.69738454
1.0383427
-0.13783669
-0.16462135
1.4859424
0.6195544
-0.47402304
-1.0449029
0.21671557
-0.18811502
-0.3096644
0.43837234
-0.16938221
0.088708766
0.12631372
0.027583633
0.60749805
0.51615065
0.074175261
0.064956643
0.41217536
0.29044804
-0.55053538
-1.0035279
-0.61853135
-0.18343791
-0.13919242
0.41812
0.73157173
-0.90380359
0.16843465
0.025657231
0.18448508
-0.046786409
-0.64546132
0.92277509
-0.032602921
-0.83152682
0.8642264
-0.11218597
-0.44868815
-0.45666817
-0.081419446
0.22428042
0.11732199
0.37065911
-0.28254229
-0.28699362
0.19842261
-1.1413932
-0.18964328
0.14863199
0.30079609
-0.19726242
-0.01124805
-0.065090388
0.26102215
-0.34062433
-0.29253268
-0.75529641
-0.25361988
-0.5211767
-0.15604815
0.011700398
-0.27217054
-0.12286529
0.18131118
-0.1726072
-0.025163446
-0.064639911
0.24347208
0.53099155
0.2764419
0.12104659
0.97760755
0.064768255
0.28169009
0.015362523
0.38837451
0.1020243
0.32762635
0.30261981
0.37515983
0.50981611
0.11295631
0.61845958
0.74435782
-0.33311754
0.098833844
0.42182225
0.43690014
0.88054091
0.17658675
0.56620568
0.60869789
0.68486428
0.3160603
1.0052485
-0.36066869
-0.096058019
0.00041966295
-0.24648371
-0.47771761
0.016559515
-0.20155968
-0.65875202
-0.41877526
-0.14529151
-0.030726045
0.082091413
-0.9494372
-0.10468258
-0.35873073
-0.21070679
0.46094507
-0.20047297
0.58051085
0.33857733
0.21994837
0.34483269
-0.67846668
-0.30232096
0.44132248
0.24326694
0.31778607
0.37113371
-0.33247474
-0.21566665
0.10704193
-1.3617688
-1.2387021
-0.054383788
0.56514823
0.2617811
0.12386703
-0.027025832
0.16751949
-0.17182806
-0.20452471
-0.36154848
0.48872921
0.21431935
1.3394332
-0.068349361
-0.32363582
0.42303765
0.097423032
0.15314485
0.59522516
0.57326895
0.18812965
0.59723699
0.22771583
-0.096598826
-0.075407475
-0.12208942
-0.36101073
0.82846808
0.22292875
0.3917985
0.20719406
0.16625379
0.10227422
0.49913454
-0.98348004
-0.034951638
-0.67671025
-0.51830727
-0.45640087
-0.39365754
-0.52502072
-0.14663631
-0.13562511
-1.2665091
-0.41581926
-0.8221032
0.51488608
-0.24532443
-0.48641458
0.35820168
-0.21486552
-0.33076027
0.77925754
0.076945774
0.079281904
-0.47038886
-0.55522251
-0.53785002
0.27070871
0.17490351
-0.60772467
0.57955724
0.52740258
-0.71162844
-0.23128165
-0.18620497
-0.086820297
0.090959929
-0.24924555
0.51584256
0.95303738
0.4469108
1.4072016
-0.37878633
-0.27824119
0.25117978
-0.57981831
0.0049801944
0.3204577
-1.0129594
-0.088782638
-0.43568584
-0.14150319
0.14516169
0.57500255
-0.45830899
-0.15621291
0.15450174
-0.87058455
-0.65759373
-0.48294219
0.1208526
-0.2192947
0.08675164
0.3830162
-0.22520129
0.20533709
0.46345484
0.39895019
0.50650334
-0.3234002
-1.0240521
-0.94809508
0.47765628
-0.075333908
-0.14994983
0.10014541
0.28869087
-0.1535335
0.14840098
0.045863029
-0.78655303
-0.30133054
-0.65017879
-0.30987257
-0.99750984
-0.46873432
-0.079252101
-0.16430075
-0.50267023
-0.27688912
0.2385565
0.40416795
0.5571698
-0.55130941
0.29775879
0.34603617
0.66012186
0.33987388
0.48271731
0.54407895
0.31367475
-0.19436109
0.76797652
-0.21754657
-0.39183658
0.45770156
0.46328068
0.26537904
-0.36710209
0.089224294
-0.63662642
-0.76890498
0.13561587
-0.12104962
0.6487329
-0.33187723
0.21354745
0.68728584
-0.29592961
0.37074345
0.94831413
0.21410695
0.38457647
0.47372103
0.2739237
0.63910037
0.013771415
-0.16695538
-0.42966586
-0.57276607
-0.32921809
-0.8407647
0.0062040854
0.37478328
0.18212965
-0.13884111
0.38844255
-0.065209061
-1.2150593
0.22338086
-0.41031805
0.65349591
0.040567119
-0.85131305
0.55223817
0.056628983
-0.33378789
0.6103934
0.56193817
0.98771262
-0.48547167
-0.13605432
-1.3242511
-0.15017539
0.94354522
-0.23176663
-0.87941533
-0.34503174
-1.4758797
0.26487035
0.26044831
0.029790293
0.33257741
0.13157234
0.028648421
-0.074778169
-0.37446305
-0.76700085
0.35022572
0.16102847
0.20770955
-0.11105581
-0.085913934
-0.11561248
-0.064971305
-0.34788063
-0.36492223
0.29644111
0.31591171
0.030097693
-0.12223864
0.041931864
0.14225444
-0.7568056
-0.18929167
0.2878136
-0.49556938
-0.26392958
-0.77238715
0.12128294
0.13109989
-0.27451029
0.021428784
-0.24472973
-0.14590701
-0.64410865
0.37680399
-0.05556858
0.28726912
0.57840425
0.1882644
-0.35080874
0.0086845355
-0.092940845
-0.42472357
0.0043861857
-0.057721116
0.053374752
0.061300199
0.16707461
0.45497629
0.23854524
0.14796174
0.42994967
0.164424
0.50385731
-0.12194762
-0.2109686
-0.35899824
0.13874137
-0.28229505
-0.049030825
-0.52106225
-0.41266873
-0.29609931
-0.68973458
-0.40036446
-0.42207134
0.11131453
-0.060797773
-0.020985849
-0.22948317
-0.24789383
-0.27111462
-0.23061967
-0.3545275
-0.10449087
0.60772491
-0.26439056
0.95136225
-0.27607611
0.29906049
-0.068591915
-0.45944822
-0.02683937
-0.4653278
-1.1078479
-0.35617584
-1.3047029
0.028995877
0.34418526
-0.07917583
-0.67422801
0.28454858
-0.2993055
-0.75835997
0.1761457
-0.51134712
-0.09797895
0.1929612
-0.62595797
-0.41551796
-0.023017263
-0.69723344
-0.74564755
-0.51813453
-0.36861321
-0.19693141
-0.23060431
0.082785338
0.29351014
-0.10924031
0.47290793
0.083040267
0.026994497
0.54497433
-0.078465499
-0.054630958
0.81932664
-0.09520895
-0.0093014259
0.34064528
0.57617146
0.17167343
-0.0088732885
-0.45370862
-0.028204719
-0.54921848
-0.26125872
0.20849234
-0.6724236
0.42632583
0.12421673
0.3652499
-0.573829
-0.31456161
-0.2690154
-0.090571754
-0.6668579
-0.24747737
1.9098752
0.24290323
1.3899562
-0.047441956
0.44331926
1.2688371
-0.13588926
-0.31754053
0.073197588
-1.0235454
-0.61278045
-0.97220981
0.24326566
0.17032987
0.088319257
0.41835299
0.29709092
-0.061948489
0.60725939
0.075825922
-1.0453937
0.41427529
0.54792947
0.033159684
0.56800228
0.63547361
-0.082659148
-0.53982216
-0.076018333
-0.4487865
-0.34270686
0.41788006
-0.0068640807
0.2930879
0.75647432
0.32017419
-0.32292587
-0.26908535
-0.14126697
-0.56571394
-0.31511998
0.40509015
-0.58465648
-0.057162803
-0.035182662
1.2510893
1.5142242
1.0999749
-0.19264337
-0.15954442
0.014378674
-0.33570328
-0.34737554
-0.25545371
0.63607484
-0.37194774
-0.047738165
0.12765001
-0.092009395
0.15553707
0.51826942
0.13080521
-0.0072343987
0.41098252
-0.45141506
0.5220713
-0.57804006
-0.35485676
-0.18661177
-0.056420732
0.12705928
0.34453687
-0.17382249
0.5014863
-0.052933626
-0.26886511
-0.099441282
-0.4189043
-0.66940111
-0.021541979
-0.21530128
-1.3072271
-0.39521444
-0.65589881
0.66169298
0.10557304
0.48560673
0.081909738
0.07940381
0.24735405
-0.30859718
0.35781184
0.58269221
-0.17276141
0.093702003
0.057734873
-0.11478018
0.26768896
0.27795792
-0.85899937
-0.3460936
-0.24020627
-1.1011152
-0.23722368
-1.3296736
-0.33563507
0.36577043
0.15890856
-0.79555511
-0.14025705
-0.37315503
-0.38410309
0.082681775
0.29539543
0.29251876
0.0013804419
0.026931047
-0.13658819
-0.14863345
0.25316289
-0.47551352
-0.41277397
-0.51255578
-0.14662574
0.07636147
-0.21223563
-0.95623535
-0.61333776
-1.1147642
0.87347043
0.32343414
0.57371724
0.2210529
-0.31030759
0.17484565
0.63141632
0.22143252
0.0074066315
-0.50016212
-0.23778576
-0.6381374
-0.25017262
-0.38685334
-0.36432067
-0.21126083
-0.76659095
-0.72620064
0.49915469
0.037243493
0.051739827
0.51655239
-0.036794491
-0.056873307
0.43990237
0.036931966
-0.019448331
0.27352849
0.3582961
0.58252388
0.35836869
-0.086436473
0.16043246
0.35985175
-0.43290764
-0.2400136
0.61314434
0.085028797
0.64913064
0.333455
-0.67271817
0.15590188
0.53139609
0.082616791
1.2846657
-0.19780721
-0.14238475
0.17773472
0.17781413
0.082958937
0.10666588
0.23075241
0.15179434
0.48468551
-0.5059368
-0.35400197
-0.51905268
-0.10471415
0.29710963
0.13337143
0.14293206
0.13736211
-0.39953259
0.25464517
-0.24815185
0.14947477
0.39042592
-0.12392328
0.39099616
0.028833138
-0.35578486
0.36194286
-0.26016822
0.12334861
-0.17247471
-0.37618893
-0.030718358
-0.4117274
-0.60520452
-0.16896832
-0.44015381
0.041923784
0.0011458371
0.97688037
-0.34324473
-0.74485439
-0.04628443
0.58786267
-0.088817343
0.69867754
-0.29672784
0.26177508
-0.39724848
0.11551848
0.1834756
0.47417417
0.59001046
0.21050705
0.65231538
0.14022586
-0.016617265
0.41966635
0.11095774
-0.067998342
0.025892476
-0.20693664
0.36978692
0.03267017
-0.70829701
-0.80714238
-0.49318612
-0.063795418
0.14261533
0.28993189
-0.12164477
-0.018647941
-0.1433471
0.19210236
0.2489693
-0.22065248
0.055460434
0.26510319
-0.19490932
-0.19551973
-0.46731558
-0.9831928
0.1176924
0.61127889
0.19247365
-0.13963121
0.27487671
-0.15823075
0.097032964
0.21208344
0.021632295
-0.37729332
-0.40535781
-0.27231792
0.21597748
0.47967499
0.1987682
-0.52879477
-0.26109356
-0.7328617
-0.48314229
-0.2019082
-0.53885347
-0.21771578
-0.012558431
-0.51549095
-0.83822274
-0.23045886
-1.0978026
0.030527091
0.28748357
0.13889541
0.45346338
0.59792453
0.20701411
-0.23253186
0.054217722
-0.45204291
-0.17830878
0.088580169
-0.14482437
0.27540404
0.43660542
0.17031956
0.48514864
0.14037795
-0.35458261
-0.063678719
-0.39331427
0.10379643
0.32451725
-0.15871544
0.20336445
0.24645986
-0.22744346
-0.69600672
-0.4853414
-0.064787664
0.094508775
-0.00021603316
0.30280608
0.1426471
-0.64258331
-0.0017857698
-0.25440589
-0.43770143
-0.57871181
-0.58994758
-0.27525693
-0.33582887
-0.12878627
0.48327973
0.30177185
0.28497443
0.3632395
0.29480317
0.21102259
0.40796483
0.26741305
0.23205608
-0.26263121
0.20305158
-0.42078131
-0.602265
-0.34943822
-0.7914809
-0.12627429
-0.087045372
-0.38903469
-0.76232827
-0.20764691
-1.0752468
0.77091116
0.50670034
0.48732603
-0.067797765
-0.31309655
-0.019911723
-0.63048142
-0.31722805
-0.4124026
-0.40271217
-0.47615522
-0.1289416
0.13361467
-0.10308848
0.14388822
0.90761364
-0.30967143
0.0018205831
-0.71370399
-0.29199758
-0.42261347
-0.032946102
0.6529876
-0.047110252
-0.89769185
-0.26670095
-0.77586454
-1.4228109
0.084633537
-0.44665247
-0.2062766
0.5214712
0.069485575
-0.92188478
-0.31124288
-0.52647871
-0.016424851
0.10019436
0.2525408
0.087243706
0.25334311
0.071280845
0.10241536
0.12862845
0.11519022
1.0587234
0.010968482
0.90586525
0.32923388
-0.12487966
0.25160396
0.79218245
0.41498065
0.94551653
0.65906775
-0.07891243
0.5992927
-0.040409978
-0.21542391
0.54761386
-0.26444581
-0.016497897
0.51064259
0.75919861
0.3989408
0.63357282
-0.34760049
-0.42944959
0.10788937
0.14623187
0.24449268
0.13537048
-0.021565372
0.12515768
-0.74931788
-0.072230399
0.14736408
-0.13872215
-0.15208298
0.31150088
-0.027738579
-0.57185173
-0.16919713
-0.69163918
-0.27801162
0.16827407
-0.11665297
-1.0668458
-0.28772664
-0.72782511
0.54261017
0.041912355
0.29948941
0.017960984
-0.47750697
-0.31223759
0.9171409
-0.24288103
-0.036583953
-0.081590049
0.027254868
0.25750652
-0.0036677469
-0.31777224
-0.043002792
-0.37786841
-0.55826914
-0.53869098
-0.23570055
-0.14559075
-0.60281873
-0.65483862
0.0932841
-0.53045827
-0.81607032
-0.38478342
-1.169745
-0.44556141
-0.74280161
-0.77142566
-0.13536617
0.13094445
0.014370983
0.010433139
-0.023211349
0.14455652
0.16424845
0.68449301
0.24460043
0.20926832
0.38742098
0.47733417
-0.51807237
-0.41830194
-0.27521878
-0.030022038
0.45467526
-0.31293234
-0.42123309
0.038743947
-0.34582454
-0.57408231
-0.063433483
-0.7580415
-0.49500874
-0.38634187
-0.50137115
-0.048938379
0.24271421
0.0458741
-0.14993778
-0.017343385
-0.28040275
-0.31354892
-0.020612527
-0.56229973
-0.3570264
0.28346115
-0.48356664
-1.244287
-0.38238424
-1.1904272
0.17375563
-0.17050272
0.18223348
0.42972106
0.044154029
0.27007696
0.040497452
0.042971395
0.20087808
0.067771189
0.77713138
0.12497657
-0.21601634
-0.14195207
0.20955864
0.20299661
-0.10429656
-0.46890676
-0.45659226
0.093752593
-0.85230726
-0.34612426
-0.011532537
-0.13298558
-1.3588191
-0.7383405
-1.0737935
0.093083382
0.13718604
0.14841221
-0.092613019
0.16117764
0.073110044
-0.73657608
-0.40383571
-0.283243
0.92925203
-0.063465394
0.83364433
0.4399918
-0.17154227
0.39276782
0.69078463
0.18991494
1.1866856
-0.19399989
0.31462467
0.048976943
0.12005802
0.1477515
-0.20393887
0.5374769
0.40201443
0.40474144
0.19580534
0.21717601
0.49974585
-0.12692517
-0.18977523
0.37211779
-0.099398628
0.15531632
0.41816559
0.10295798
-0.22018592
0.24247217
-0.20846994
-0.24545744
-0.074685328
1.1927316
0.21886335
1.1651541
-0.224787
-0.19330433
0.99539298
0.03880889
-0.70375699
0.019862408
0.91657871
-0.052345056
-0.066350311
-0.23096529
-0.2468802
-0.85301888
-0.25157866
-0.041909888
-0.45406428
-0.47264987
0.14109954
-0.26400667
0.67341542
0.42022744
0.59451872
0.050786044
0.079437256
0.54153842
0.15830009
0.21904075
1.5332166
-0.2038779
-0.21844296
0.026926372
0.31040695
0.2505056
0.1568476
-0.078900494
-0.10967162
-0.31245571
-0.54059714
-0.11690717
-0.035032939
0.014784573
0.25953445
-0.0081800492
0.020200247
0.20258075
0.43119526
0.39443448
0.041687153
0.67749029
0.027466072
-0.53491527
0.17190844
1.7561759
0.24220891
1.4289578
0.1439061
0.15184422
0.015261192
-0.086708568
-0.098032102
-0.45020738
-0.3115899
-0.5277344
-0.61006433
-0.16397701
-0.12214927
-0.34702653
-0.64768946
-0.18170853
-0.20022705
-1.1582886
-0.44544148
-0.19004218
-0.33174372
-0.30661359
0.089396261
0.3376911
-0.07737226
0.1189388
0.32667735
0.091786891
0.36815643
0.48788631
-0.099229626
-0.097538568
-0.10619689
0.023506001
-0.056370884
0.55833495
0.35103375
0.11658188
-0.1186576
0.1693345
0.097615704
-0.12925056
0.31979123
0.26734856
0.21299759
0.29546258
0.29533011
0.3114287
-0.032645393
-0.63156801
-0.39554912
-0.19728382
-0.53090125
-0.94555378
-0.40665728
-0.28476688
-0.43955323
0.18385093
0.83258384
0.19202366
0.20421414
0.37033597
-0.09739992
0.18465997
0.38618246
0.22171885
-0.34905723
-0.25853616
-0.25213787
-0.22416121
-0.0178595
0.61358029
0.21376176
-0.16740167
0.12850085
-0.20787993
0.92610878
-0.14156486
-0.24136105
0.29160672
0.10282891
-0.026870357
0.412314
-0.76704496
-0.081037015
-0.58385903
-0.23725621
0.072786666
-0.2424929
-0.11544622
-0.24016593
-0.18121149
-0.005273235
-0.41460064
-0.38279328
-0.19429182
0.14806461
-0.41012666
0.10416598
0.0016739235
-0.0038498386
-0.11868917
-0.045322414
-0.12187204
0.15293993
-0.05535952
0.11061684
-0.065074995
0.25713244
0.038995892
-0.19890858
-0.7109772
-0.67547143
0.27345896
-0.33019778
-0.27305505
0.65477031
0.64902008
0.74896264
-0.62606764
-0.57737803
-1.2859086
-0.44909254
-0.31741929
-1.1199975
-0.26117188
-0.17917894
-0.49121821
0.19963633
0.24313062
-0.38895452
0.01681806
0.18018563
-0.39867777
-0.5444327
-0.32006475
-0.64756566
-0.37371451
0.72117192
-0.40289497
-0.027591281
0.16596767
-0.53509009
0.066573851
-0.24685352
-0.39960992
-0.46024933
-0.21315326
-0.70368737
-0.21603432
-0.09984228
-0.19068767
0.14975125
0.24240999
-0.1150417
0.52988219
0.24534726
0.91319203
0.43525612
-0.033034652
0.43811119
0.45934609
0.27788392
0.3251428
-0.27441064
0.0022943527
-0.21819119
0.12465423
0.069978744
-0.39011538
-0.065424636
0.15731888
-0.75607014
0.9789201
0.17722948
1.0382547
-0.092303135
-0.61813146
-0.59309334
-0.23021819
-0.88584936
0.028994374
0.36939943
-0.35789484
0.023308594
-0.31609946
-0.40545467
-0.043642562
0.3212367
0.43445164
0.77276111
0.45962214
0.63178349
0.41695535
-0.035975505
0.46532059
-0.23574315
0.21887258
-0.20561983
-0.57566172
0.30326703
0.041691091
0.23827668
-0.099356808
0.077504493
0.34431639
-0.43207687
-0.48187783
-0.4173601
-0.4360168
-0.44427633
-0.55506575
-0.13564211
0.12649316
0.12788889
-0.14024319
0.34269387
-0.14140414
-0.14392431
-0.09078563
-0.22789301
0.30821174
0.22959393
-0.44573608
0.65293002
0.050932284
-0.41158223
-0.15357639
-0.0075466596
-0.16628844
0.1823847
-0.27275911
-0.49163157
0.60702211
0.28792349
0.081234343
-0.10062979
-0.33247489
0.91233057
0.1474897
-0.21558197
0.38642839
0.86492097
0.17806183
-0.049287762
-0.19074275
-0.30967379
-0.30393249
-0.00017390533
0.25560138
0.55655909
-0.010675567
0.096405327
1.1847793
-0.43840361
-0.54320043
0.62652338
-0.051259439
-0.24150638
-0.032197505
0.313519
-0.011946444
-0.031899288
-0.25050646
-0.61292821
0.61030197
-0.12022582
0.18945247
0.65831494
0.6826508
1.159698
1.5947783
0.65423203
-0.021351887
0.49691978
0.21814372
0.063758299
0.036575641
-1.0701261
-0.4941574
-0.30484867
0.21581176
-0.14489146
-1.0323251
0.24501431
0.1219442
-0.43481794
0.19983809
0.51285362
-0.11598365
-0.050583411
0.37293032
0.63012719
-0.55771726
-0.11478845
0.70343065
-0.95601362
-0.83204067
-0.17593922
0.03290312
0.45318583
-0.18422191
-0.25314015
0.13812767
0.42676282
-0.61564636
-0.46529856
-0.011256628
0.0041997386
-0.90367073
0.075198762
0.10020724
-0.49179107
0.0049227583
-0.52673471
-0.24807431
0.31737384
0.32489461
0.060563233
-0.2575824
0.45213723
0.43627694
0.16806173
-0.85143608
-0.14045745
-0.5514605
0.0036974929
0.50352192
-0.34315163
-0.072368175
0.19146922
-0.15272836
0.28063482
0.12439347
-0.22754647
1.3464185
-0.50858313
-0.3213985
-0.021562364
-0.26488897
0.41437966
0.029167054
-0.22473277
0.50800973
-1.7163213
-1.2191741
-0.62903875
-0.75227749
-0.019834612
-0.19021921
-0.49785382
0.16828053
-0.10028501
-0.55751228
-0.59328276
0.23047929
-0.49198052
-0.12707669
0.25064796
-0.67107737
-0.19602881
-0.28760257
-0.48628247
-0.58980107
0.27961498
0.45491228
-0.23145331
0.33182943
0.32463801
-0.39569044
-0.40015924
-0.75874561
-0.070215233
0.1824619
-0.28721488
-0.15018204
-0.048268747
-0.037635114
0.91009462
-0.48126301
-1.0654525
0.25600424
0.29606086
-0.58285213
0.45052746
0.52039772
-0.88123006
0.46019098
0.36926666
0.91087681
0.56765985
0.14319247
-0.059101447
-0.10742413
-0.70202917
-0.31768936
-0.1418049
-1.3240627
0.3944228
-0.49084744
-0.41668159
-0.31287649
-0.3403326
0.23583719
0.22415417
-0.23726296
-0.31621417
-0.68720216
-0.61211091
-0.32106635
-0.12262977
-0.13157508
0.04374687
-0.053437419
-0.24942484
-0.49231043
-0.019543692
-0.43686688
0.15732859
-0.36274782
-0.14946067
0.26246044
-0.54931307
-0.078975327
0.26258904
0.98545223
-0.027664838
0.41421887
0.60145557
0.14302692
0.085511789
0.60322684
0.33801931
0.15432434
-0.71968043
0.4191013
-0.13153395
-0.14233804
0.45026904
0.28456658
-0.27852693
-0.10348476
0.10949245
1.2238729
-0.0011045693
-0.035280988
0.54292548
-0.61143625
-0.6750645
1.0327356
0.43878305
0.24056764
0.56521034
0.20918338
-0.37730423
-0.095785312
-0.19073208
-0.6322487
-0.49700207
0.36132935
-0.19576274
-0.73245704
-0.68787324
0.056825019
0.18824472
-0.12899479
-0.057848327
0.62868899
-0.15179653
-0.36335954
-0.041657601
-0.31618559
-0.080883063
-0.23094517
-0.3297103
-0.20802273
0.39915767
0.22694674
-0.03673701
0.88051718
0.048551075
0.12797998
0.57796222
-0.16780934
0.037457477
0.71705729
0.32863182
-0.087075293
0.17700423
0.47526088
-0.47883612
0.36850828
0.37118399
-0.40148082
-0.16170615
-0.19087417
-0.47286746
0.40383583
0.90705591
0.90105063
0.93818748
0.64016926
0.63487589
0.36118135
0.53528571
0.95157063
-0.051381357
0.53261912
-0.066235043
0.10702282
0.46981716
0.1198369
-0.23826092
-0.14120509
-0.18660975
-0.082545944
0.24039944
0.3795971
-0.034020733
-0.051008496
0.040956721
-0.30924454
0.31925091
0.17634664
-1.2384187
-0.33222687
0.13306634
-0.60961932
-0.07150092
0.27852079
-0.14510611
-0.50981444
-0.41260245
0.052036431
0.41795006
-0.31484708
0.61815482
0.3775973
-0.24488044
0.16301872
0.097541653
-0.77012819
0.44033277
-0.56123835
-0.64077979
0.33805472
-0.39717516
-0.31674874
0.58856708
-0.32972723
-0.20381278
-0.60530621
0.059998341
-0.03992717
-0.43932742
0.39649174
0.098598354
-0.65901512
0.093948565
-0.023689032
-0.70593482
0.22990301
-0.39137957
0.32606831
0.27618399
0.13831776
-0.14237574
-0.12343943
0.014541439
-0.0021850683
0.26340342
0.019828474
-0.17353806
0.46771735
-0.026890559
-0.44788486
-0.19384937
0.04320278
-1.8861754
-0.57702756
0.092536397
-0.55018932
-0.37704515
0.76564777
-0.51259822
-0.56663805
0.3996062
-0.40364289
-0.56698859
-1.2222728
-0.10086507
-0.15503924
-0.18856695
-0.33764488
-0.20356171
-0.18091072
-0.5673247
0.27596807
0.070155442
0.28482941
0.13421646
0.34637403
-0.01040731
-0.26375028
-0.21405175
-0.25748342
-0.21342473
-0.053451136
-0.32360283
-0.081450693
-0.55174422
-0.20213793
-0.071800031
-0.35686305
0.12456048
-0.033607151
0.38811556
-0.0096323332
-0.37437874
-0.048377767
0.85623533
0.57140642
1.006155
0.84770983
0.12998192
1.1274042
0.034412131
-0.31424612
0.37789541
-0.17025381
-0.21229264
0.11760459
0.38142636
0.2599313
0.94000471
-0.32632732
-0.17038658
-0.033628874
-0.099384189
0.53087354
0.29119596
-0.16257937
0.5946458
-0.24405137
0.51724786
0.49888635
0.029174803
0.47726208
0.38098571
0.19982491
-0.025851872
0.37867525
0.0085032471
-0.10436042
0.19972852
0.12735507
-0.032619458
0.2125168
0.22006342
0.052942261
0.57837111
-0.28654039
-0.32496738
0.35586873
-0.040771145
-0.30676323
0.18452133
-0.31466815
-0.018752193
-0.24881539
-0.064571001
-0.14985606
-0.21156409
-0.020813111
0.52174354
0.21929683
0.33676693
0.17442581
0.18721998
-0.11550038
-0.52144849
-0.44928378
-0.34230673
-0.012536162
-0.039736763
0.035966106
-0.17830975
-0.2862438
-0.23209348
-0.31839123
-0.097981967
-0.60338438
-1.1662666
-0.3405202
-1.2935828
0.5492788
0.33010337
0.64708471
0.56681252
0.21879354
0.66959262
0.6585182
-0.062289439
0.48327118
-0.1074579
-0.15274887
0.18538745
-0.45824918
-0.2163498
0.098801211
-0.66683602
-0.25683892
-0.20429556
-0.14694676
0.016102891
0.046898175
0.18974674
0.23528129
0.056593947
-0.26301652
0.12246075
-0.32820484
-0.65686172
-0.54375219
-0.6661762
0.10591765
0.14857613
-0.3308835
-0.14888489
-0.13215454
-0.71384269
-0.36805943
-0.074096397
-0.69938159
0.14315364
0.77480781
-0.16078873
-0.53062135
0.28496158
-0.47802547
0.56297183
-0.16117987
0.39912972
0.13226883
-0.021785976
0.10862702
-0.021280173
-0.061972525
0.090514474
-0.54767209
-0.5086059
-0.99473178
0.39287639
0.40368897
0.17032924
-0.43321446
0.0015566923
-0.1113809
-0.65478235
-0.067148432
-0.33391759
0.13136141
0.21608692
0.28374079
-0.48319411
0.166333
-0.25534356
-0.12072803
-0.2076304
-0.39161253
0.1175589
0.37914801
-0.0074488288
0.36135945
0.42450613
0.49280965
-0.28687024
-0.44666004
-0.30690476
0.032032624
-0.012517674
-0.23850638
-0.19471742
0.2918517
-0.2862128
0.19356023
0.22083896
0.10860727
0.15349142
0.21354404
-0.10216984
0.28934804
0.10650519
-0.13071826
0.32574886
-0.0181232
0.6353752
0.031451449
-0.5198487
0.15540165
0.86571419
0.3668856
1.0437567
0.47008941
-0.21028109
0.30467832
-0.23248085
-0.92505997
-0.34368131
1.3697805
-0.55021328
0.48639426
1.110613
0.42654145
0.70998418
0.50292814
-0.1310201
0.12663938
0.26277414
0.47214702
1.2124838
-0.0078594415
0.14847675
-0.3257623
-0.28806692
0.087688886
-0.16582623
-0.52591097
-0.25134563
-0.56643856
-0.57371789
-0.68314463
0.16437735
-0.071787819
-0.43571573
0.17431723
0.064776525
-0.37656623
0.39223921
-0.27390045
-0.36949289
-0.71844715
0.12736794
0.46575516
-0.16412883
-0.6510852
-0.42908478
-0.8879838
-0.36474985
-0.0043151416
-0.095504098
0.010520728
0.23086536
0.1990615
0.21609609
-0.16235523
0.18083765
0.92993826
0.10463096
0.7811057
0.26359344
-0.6879096
0.078825675
1.7947239
-0.33648926
1.3918467
-0.11189251
0.2825529
-0.25662509
0.42960766
0.062115207
0.23766139
0.64400005
-0.22026139
0.28333038
-0.68995607
-0.24501772
-0.22710837
-0.14357361
-0.030280728
-0.25902626
-0.14307129
0.76039642
0.33457765
1.1455563
0.84750628
0.85089427
0.26844269
-0.2058488
-0.111999
0.76556218
0.33498669
0.52404672
0.022966793
-0.063235164
0.55843383
-0.13533841
-0.1794171
-0.073658615
-0.14889036
-0.5896132
-0.47262487
-0.070277609
0.35487688
-0.36177948
-0.44687152
-0.13353543
-0.4990786
0.22122167
0.098723821
-0.064756379
0.22934814
0.74612695
0.16720711
0.19717827
0.31071511
0.26152641
-0.3507137
0.17367229
0.070704952
-0.74917436
-0.241859
-0.1371721
-0.14120269
0.016403133
0.4422732
0.10217863
0.28687695
0.35008514
0.51050663
-0.69602185
0.17284976
-0.026403373
-0.78291428
-0.38193193
0.88001066
-0.29970303
-0.19301374
-0.1524048
-0.59089041
0.092146292
0.076290563
-0.27420086
0.56263518
-0.019865641
0.38216826
0.21758334
-0.40189824
0.10468081
-0.58430004
-0.091509469
0.36195096
-0.0023223863
0.042174906
0.092864797
0.01133433
0.36006132
-0.0091947643
0.17777906
-0.28238845
-0.16334246
0.18351053
-0.39252639
0.073889717
0.37616158
0.10538503
0.30560616
0.90212595
-0.11187298
0.23000595
0.49826589
-0.41747859
-0.50654179
0.11421967
1.0400087
0.40865424
0.60937822
0.082083978
-0.18816954
0.36738175
-0.28427774
0.22616431
0.50274682
-0.1140325
-0.73365939
-0.84761781
0.63032115
0.15960777
0.29233712
-0.44163957
-0.19639328
0.29587525
-0.64035434
0.055549398
-0.86170119
0.15788835
-0.019860039
-0.94845867
0.19273847
0.3030948
-0.3259578
0.17980924
0.21040022
0.083734661
-0.29745287
-0.19666803
0.37626216
-0.3826662
-0.11597024
0.089404486
-0.41875663
-0.19249263
-0.76182681
-0.56906593
-0.39662659
-0.61306
-0.36864924
-0.28174859
-0.60858393
-0.023040788
-0.28966129
-0.4224143
0.16212583
-0.19039051
-0.074390098
-0.060899466
0.22284345
-0.1356827
-0.2756837
-0.32958871
-0.047768004
-0.16779846
0.11186047
0.021087317
-0.37388694
-0.10473479
-0.15349947
0.65473264
-0.43067235
0.29484251
-0.16937511
-0.42482847
-0.3007209
0.26729548
0.0010455383
0.51088351
0.44220677
-0.12418183
-0.035821456
-0.18101089
-0.21973905
-0.17958932
0.068919845
-0.03219321
-0.060164019
0.2562075
-0.26404035
0.66887361
0.53455859
0.0085211406
0.27885026
0.87250167
1.0121684
1.1415373
-0.42892933
-0.08111041
-0.31408918
-0.36284605
0.02242188
-0.29633191
-0.28336677
-0.55790937
-0.75654107
-0.59110326
-0.33890036
-0.15319102
-0.17643186
-0.13758577
0.35935494
-0.67231059
-0.47215635
-0.89757806
0.08717484
0.014525106
-0.38213834
0.4792619
0.23949994
0.093513653
0.38062006
0.079162613
0.74734497
-0.1153114
0.19853573
0.37698472
0.27150336
0.1280459
0.16949545
-0.30301774
-0.018082893
-0.25027534
-0.22676317
0.34453443
0.35666841
-0.40879002
-0.10529136
0.22885366
-0.76118451
-0.28361478
0.46163067
-0.093782842
0.12665637
0.93387896
0.17226553
-0.036183845
-0.0022603471
0.30120179
0.87231529
1.3454264
0.11179763
-0.1211132
0.15681097
-0.6089564
-0.31320792
-0.19960418
-0.68577528
-0.21566395
-0.73735636
0.95866346
0.15169866
0.89743876
0.55748212
-0.3678928
0.037156742
0.52283996
-0.18513536
-0.17558526
0.50362283
-0.25535089
-0.69800562
-0.044776779
-0.088665999
-0.40140268
-0.60398811
-0.40157968
-0.63878131
-0.23657636
-0.28999856
0.32830033
-0.27891871
-0.22045879
-0.065937042
-0.60700238
0.12979734
-0.24287665
0.67716634
0.25890696
0.23090814
-0.09912917
-0.1622957
-0.2879777
-0.33537519
0.064486943
-0.49459019
-0.5645954
-0.021040093
0.031398911
0.068643399
0.30829132
0.072707944
0.77004933
-0.081700169
-0.71122998
0.43609223
-0.20231944
-0.88773769
0.27013591
0.24801823
0.27501136
0.78837794
0.17919503
0.073491015
0.1149549
-0.01968527
0.4598065
-0.097446017
-0.079180971
0.062409818
-0.32636905
-0.33175761
-0.79450244
-0.29375595
-0.133459
-0.31218153
-0.12806118
0.17085157
-0.18982919
-0.35337523
-0.18813379
-0.65643889
0.13864899
0.115325
0.098059714
0.3006804
-0.29898137
-0.24512513
-0.49453866
-0.14233766
-0.039217699
0.0039462764
-0.16123825
0.10421944
-0.0060872957
-0.033814903
0.22007886
0.2561385
-0.19514494
0.0074189822
-0.5902347
-0.55096996
-0.7274754
-0.037379228
0.025473973
-0.050078612
-0.51037747
-0.29161665
-0.038771216
0.21048135
0.69194818
0.55988753
-0.22465649
0.085031971
0.15347192
-0.46455419
-0.085203186
0.5676688
-0.46388835
-0.34678161
-0.4954285
-0.45402163
-0.089832373
-0.33391926
-0.56437349
-0.34915024
-0.60615706
-0.82801116
-0.40713048
0.0061697611
-0.41327882
-0.1485007
0.46128938
-0.3038922
-0.23548913
0.033084627
0.29557958
-0.2036238
-0.50290358
0.55713767
0.22182214
-0.20350398
0.33579981
-0.068786182
0.20597468
0.34386569
0.021373823
-0.18605201
0.083654717
0.10050057
0.05179714
0.38462755
-0.22713952
-0.080532812
0.99718893
0.19974414
0.97095078
-0.021640606
-0.28822798
0.39764354
0.10398187
-0.028545588
0.4908812
0.30042562
0.12965399
0.26231289
0.010145833
0.10833748
0.097621866
-0.24815243
0.089048855
0.041136328
-0.094502799
0.12625276
0.20057738
0.24331738
0.094300121
0.49839973
-0.42774123
-0.68983775
-0.30175629
0.30793118
0.249927
0.76620442
0.38717952
0.27029133
0.43212995
0.41989973
0.16341522
0.0119192
0.25612679
0.11886093
0.59763098
-0.11189424
-0.30395693
-0.30741695
0.081573658
-0.17398901
0.0093549462
0.11204364
-0.55051422
-0.19787736
0.26254752
-0.46260706
-0.0038426891
-0.20284888
-0.42724195
-0.48812255
-0.14533359
-0.35041532
-0.51053965
0.38521236
0.73345143
0.50004226
-1.4322282
-0.41320899
-0.91515708
-0.10123579
0.15624239
-0.55306947
0.11743759
-0.2672047
-0.66543466
-0.49186975
-0.70425153
-0.6907925
0.54616857
0.40964773
0.70283997
-0.001575076
-0.30824155
-0.058725178
0.68524069
0.58981347
0.85814863
0.31053483
0.35073039
0.6446169
-0.26912147
-0.099232227
0.10573594
-0.17520089
0.1225365
-0.20524547
-0.23281805
0.41081092
0.41552567
-0.37152913
-0.09906292
-0.072751291
-0.34404612
-0.31154445
-0.70567298
-0.63890338
-0.12922108
-0.40534887
0.12716423
0.31405938
0.038580656
-0.072077855
-0.047700301
-0.460776
0.43472674
-0.037984781
-0.013161771
0.22049221
0.020237708
-0.218686
-0.33475912
-0.51931834
-0.66658926
-0.1830906
0.058020934
-0.55370086
0.34570047
0.12108877
-0.22936513
0.095619693
0.11003958
-0.047101252
-0.25174844
-0.21104534
0.15896331
-0.21233799
0.0023701729
0.02521682
-0.58463484
0.26231575
0.089850768
0.063201062
0.10007699
-0.59724158
-0.062428106
0.31013414
0.1190787
-0.26816231
-0.027222715
0.020095041
-0.52597481
-0.21879511
-0.58811665
-0.33612129
-0.18692209
-0.21021818
-0.31964758
-0.48129201
-0.49120665
-0.026567955
0.036102921
0.23864011
-0.18384737
-0.24048771
0.43054032
-0.61054188
-0.20651202
-0.11104874
-0.33087996
-0.19522917
-0.23311384
0.14285848
0.21531804
0.31910336
0.74726802
0.1496626
0.70391023
0.83572924
0.0054704039
0.79708219
0.1656283
-0.33078557
0.22554646
0.44880354
0.010354737
0.055228926
0.065054826
-0.64640611
-0.25106028
0.027513063
-0.30936074
-0.22959669
-0.36437732
0.20484905
0.15939486
-0.56813765
-0.14995429
-0.50779241
-0.2965875
0.31172162
0.08587613
0.07350909
0.0024836308
-0.27498949
0.00069615047
-0.0012685863
-0.24978378
-0.064146891
0.11777386
-0.31711921
-0.31301349
-0.37783682
-0.36660996
-0.13377813
-0.14664324
-0.44770181
-0.18335336
-0.43799466
-0.11851975
-0.29332778
-0.20410082
0.049736459
-0.82118011
-0.24455532
-1.0561379
0.55692792
0.46967587
-0.048024636
0.95436245
0.067732975
-0.24760786
0.03582678
0.086822562
-0.34646213
-0.28059712
0.31520858
0.27590171
-0.32565376
0.036835656
-0.015702084
-0.31730071
0.057064079
-0.4001644
0.18280801
0.48597148
0.083754711
-0.28855199
-0.015735582
-0.45210102
-0.25141305
0.27943152
-0.43563461
0.59861833
0.62726098
0.11467867
0.10752017
0.12009875
0.17451186
-0.59596664
-0.61103469
-0.79503149
-0.13136561
-0.35877815
-0.36160231
-0.28868043
-0.1324434
-0.077799551
0.74756044
0.026698086
0.54253542
0.29995346
-0.41853586
-0.4702763
-0.097271174
-0.58942789
0.099781498
0.055954162
0.3077828
0.27028874
-0.45280111
0.090261437
-0.079276413
-0.71871167
-0.41646302
-0.51052397
0.90981436
0.28773072
0.29133466
0.16690141
0.30612025
0.026744703
-0.093846947
-0.22426318
-0.06499698
0.65025055
0.40941259
0.75556415
0.72509813
0.4640635
0.24331886
0.20016448
0.057368752
0.20244496
0.21092241
-0.16744892
-0.25511044
0.41133296
0.25459877
-0.071545057
0.5419268
0.50261718
0.82158113
1.5950851
-0.17784634
1.8721374
-0.63009107
-0.39262739
-0.12395369
-1.2521167
-1.5103233
-0.98713064
-0.047632843
0.066156514
-0.66647667
0.65321296
0.17044452
-0.13757275
0.89963859
0.38433564
0.64334536
-0.5530566
-0.63259822
-0.23820727
0.15231277
0.3440648
0.47770566
0.56668586
0.2999149
0.64120346
-0.36220238
0.14763348
-0.57516247
-0.54887557
-0.4748888
-0.21691957
0.80480951
0.11169644
-0.14934744
-0.59039342
-0.4341636
-1.1609296
0.11483996
0.048295185
-0.073915519
0.73285222
0.80585122
0.26793334
-1.0098698
-0.60169971
-1.1839886
-0.27225953
-0.34646073
-0.19977003
0.1104953
0.071650542
0.29760045
-0.22989239
-0.65495032
-0.26318204
-0.40654922
-0.47909608
0.10832628
0.022575041
-0.13326889
0.18228018
-0.57042915
0.12417841
-0.5886454
-0.14302495
0.057921316
0.098413534
-0.38686132
-0.48759514
0.028839806
0.094712995
0.2145437
-0.54577732
0.48525649
0.70259589
0.65033519
0.11799097
0.3151167
0.61812741
0.10364285
0.109039
-0.58802485
0.077081077
0.58539569
0.18427892
0.16372193
0.22672407
0.17715904
-0.19834392
0.10108538
-0.46276647
-0.41601092
-0.10228539
-0.58039051
-0.3300713
-0.023007959
-0.61278123
0.12714188
0.018982211
-0.14838532
0.17535909
0.38364238
0.37111533
0.31552818
0.32754907
-0.035817493
1.0930353
0.70159543
0.8124724
-0.40778795
0.12311834
0.48771235
-0.79248643
-0.1837655
0.19035862
0.55144083
0.20351787
0.71948874
0.30308524
0.32679367
0.61808175
-0.20366617
-0.14832415
0.26453406
0.20468381
-0.0098419944
-0.43320516
-0.24311571
0.029833909
-0.58444506
-0.24186297
0.17524515
0.039124671
0.43918011
0.62463593
0.14072292
0.26088691
0.1153506
0.16908431
0.16786142
-0.31227025
0.092792124
-0.07900732
-0.1404703
-0.70786607
0.12716417
0.011281442
-0.32153291
-0.21045841
-0.25929415
0.047028527
0.18208624
0.042624351
-0.5503211
0.88674092
0.00036142327
0.34861392
0.36808595
-0.40719596
0.031997316
0.48565367
0.5414933
0.50327486
0.27137199
-0.084820233
-0.19486836
-0.36569995
-0.4201853
-0.51470941
-0.035754547
-0.18787003
0.10961613
0.17166042
-0.084445491
0.31901175
-0.40073398
0.040089637
0.33136335
-1.1321492
-0.31158617
-0.62789607
0.60759807
0.32016006
0.33448821
0.74560863
0.33836424
0.33101475
-0.95943618
-1.0383658
-0.41819328
-0.087457307
0.32075867
0.21993406
0.40992507
-0.09903454
0.54129231
0.83071434
-0.023089223
0.91013783
-0.14181711
-0.041227359
-0.13878988
0.55969167
-0.12655264
-0.47459006
0.2361128
0.6983797
1.0625303
-0.74016201
-0.020068528
0.26344436
-0.77550882
0.47024575
-0.43954772
0.33840168
0.52088857
0.35424811
-0.020249506
0.14869425
-0.085101008
-0.6038413
0.052659895
-1.1141883
-0.27491784
0.66422331
-0.14452018
0.2452236
0.11401762
0.44694528
0.72812313
-0.4971928
0.025205126
-0.20941728
-0.0069094268
0.4036046
-0.6605534
-0.8024193
-0.83521056
0.057891916
-0.54026437
-0.19626635
0.20651047
-0.3009268
-0.73704398
0.41142961
0.12135311
-0.20564093
0.38694835
-0.12526856
-1.2878313
-0.76077592
0.90342075
0.20510235
-1.0561631
0.3058024
-0.22021323
-0.38831258
-0.12055162
0.094841637
0.54887497
0.22246015
0.024906093
0.039249323
-0.046113763
0.090393126
-0.017518831
0.033655319
-0.18703493
-0.18924154
0.15063861
-1.0711904
-0.04110295
0.11210407
-0.54216492
0.44708794
-0.014720812
-0.48973694
-0.48266894
-0.53957367
0.13034423
0.27464634
-0.55143201
-0.31460142
0.72193652
-0.27667043
-0.33616531
0.15982072
0.4148761
-0.47203985
0.35091648
0.24465482
-0.45695972
-0.085546888
0.78719622
0.17221345
-0.1065257
-1.3152672
-0.11747391
0.28736606
-0.048587821
0.96614873
0.76844972
0.012340748
1.3645478
-0.43391502
-0.61741602
-0.84180856
-0.14285566
0.19392122
-0.0068406845
-0.27492571
-0.56251085
-0.095734417
-0.37665027
-1.4557524
-0.074878685
-0.16780654
-0.065046839
-0.34565845
-0.45804715
0.42407331
-0.079629563
-0.96234381
-0.57705754
-0.60850286
0.13316318
-0.38617653
-0.10741264
0.11612162
-0.393464
-0.056933388
1.1035352
0.55060071
0.30509558
0.5417369
-0.34720707
0.21154048
1.9464507
-0.43981028
1.0066147
-0.53924346
0.58490098
-0.019179704
-0.54640418
-0.069216922
-0.35307118
-0.52413619
-0.50334728
-0.35434794
0.16512397
0.49702173
0.60677445
-0.14112014
-0.46444422
0.22199868
-0.31964368
-0.49957153
0.048726201
-0.053956639
0.19248804
-0.40780526
-0.13066463
0.01685556
0.10823409
-0.42898542
-0.17798243
1.0254228
-0.88626117
-0.76470917
-0.28335601
-0.56543756
-0.86251634
0.2864733
0.68151301
0.30841753
1.0795363
-0.16871116
-0.059740368
0.61193693
-0.30152005
0.24229537
0.070542037
-0.2577374
0.11075372
0.23935768
1.0829175
-0.24126714
0.55816346
0.46260458
-0.36319327
-0.043495312
-0.22460783
0.0067914813
0.20362248
-0.52875143
-0.12605746
-0.38314536
-0.83998364
0.24004172
0.080445126
-0.29460078
-0.59489334
0.12172886
-0.46417022
-0.42688641
-0.098170951
-0.56497693
-0.34224895
0.34906632
-0.62008774
-0.38752806
0.44424507
-0.25341877
0.44350791
0.39944676
-0.29806682
0.45065871
-0.36513159
-0.21623884
0.23405196
-0.12644535
0.30218327
0.23710488
0.71286964
0.55728734
0.22019064
0.31971809
1.1968535
0.13465795
0.5733732
-0.012435552
0.51244396
0.14747804
-0.077423267
0.63283813
0.16182736
-0.57978171
0.3840127
-0.73569137
-1.0937936
-1.5753301
-0.31553361
0.15333578
-0.52589148
0.14612217
0.00036813904
-1.1587628
0.1857834
0.92190069
0.015289133
-0.83699328
-0.052715644
-0.39186642
-0.76920384
-0.89433241
-0.14108847
-0.19527149
0.044723671
0.43300098
0.21107174
0.18949381
0.53203416
-0.033221591
-0.23566388
-0.047906782
-0.2089434
2.1185036
0.081743114
0.54684037
-0.090202704
-0.35352105
-0.3883833
1.0892265
-0.10763849
0.63134849
-0.35370657
-0.54376531
-0.60664546
0.19658871
0.22157824
0.18193689
-0.11834039
0.31964967
0.51659781
-0.48195019
-0.0092871683
-0.57639134
0.075626969
-0.47663313
-0.89026284
-0.41643971
-0.34036449
-0.23696405
-0.27653223
0.33035043
0.14555921
0.11492324
-0.0067166104
-0.21681556
0.0030118353
-0.10076638
0.29872331
-0.61447465
-0.01086367
0.62281924
0.040026929
-0.10329993
0.13721775
0.19186036
-0.56074208
-0.39631572
1.3379067
1.0796933
1.8739631
-0.34435087
-0.0032372458
0.37403756
0.79587215
0.80451679
-0.10602286
-0.81750286
-0.10398098
-0.26136628
-0.50343055
-0.088782281
0.18053469
-1.0303538
-0.49776983
-0.51997286
-0.16383666
-0.12904204
-0.55417967
-0.18321915
-0.32628375
-0.51685148
0.075424254
-0.067754999
-0.30410162
-0.69074392
-0.14769223
-1.6067957
-0.19846375
0.27737853
-0.48653308
-0.07816045
0.19490436
-0.63286316
-0.013483475
-0.4413068
-0.16570619
0.024913633
-0.24887894
0.027193395
0.39209104
-0.40726733
0.010337719
-0.22868249
1.3193854
0.97092396
-0.57163805
0.56616974
0.70003515
-0.73246592
0.26548877
0.44111365
-0.071715727
-0.1809337
-0.71147299
-0.16194813
-0.11748494
-0.35717875
1.1827371
0.54266649
0.24349158
0.00056581647
-0.29572633
-0.48359749
0.40956116
0.10690176
-0.1375325
-0.031809378
0.20065431
0.36298931
0.41117051
0.2138841
1.1418499
-0.69339347
-0.66169351
-0.43334436
-0.16955554
-0.36256051
0.13414562
-0.068270653
-0.082073048
-0.55339342
-0.51683939
-0.17972444
-0.69582272
0.42044741
0.15488413
0.13608751
0.024874961
-0.16760799
-0.55535018
0.22403441
-0.41464314
-0.40782958
0.20626003
-0.016589444
-0.1026062
-0.72184312
0.34304717
0.10330874
-0.38597092
-0.16249606
-0.34366679
-0.056679919
-0.25477165
0.45680308
0.065698095
-0.46643475
-0.87240589
0.2219902
-0.13046581
-0.49524349
0.42494529
-0.33941576
-0.27153787
-0.37048239
-0.030074643
-0.74471956
-0.40198222
-0.25090346
0.067897506
-0.13336
-0.25292706
0.14017893
-0.26596564
0.64527661
1.4452151
-0.17341639
0.34897608
0.51777446
-0.36606911
0.14468469
0.46518409
-0.75325245
0.76506186
0.39826173
-0.46252134
0.24779192
-0.11030437
-0.16619737
0.17461921
0.70519763
-0.020675022
-0.38408884
-0.51856834
-0.10278307
-0.53606045
-0.29546335
-0.029266648
-0.075491846
-1.0014179
-0.34734833
-0.55400723
-0.67355603
-0.27094638
-0.28564706
-0.46350685
-0.16962129
0.012883956
-0.63745427
0.22132161
0.55997878
-0.34272081
0.068598159
-0.083032764
-0.13077681
0.12716919
-0.1768984
-0.099386036
0.1217853
-0.15708521
0.47615469
0.3208732
-0.37445757
0.087113559
-0.40122697
-0.4895795
0.30289239
0.3746506
0.23347767
-0.31951067
-0.12894994
0.22032589
-0.31496242
-0.49016809
-0.085652523
-0.47165674
0.22848274
-0.64884686
0.29547805
0.30839702
0.33174238
0.77849674
0.44601375
0.61870283
0.15408218
-0.088944763
-0.6535176
0.12798059
0.10903865
-0.17269401
-0.14640129
0.43368942
0.14950718
0.55385363
0.17604299
-0.28156003
-0.43292069
0.55032003
0.52996826
0.20710282
-0.24089529
0.21534029
-0.38243008
0.82497686
0.76164114
2.4977028
-0.23354231
0.36888537
0.79625452
-0.73482823
0.78858984
0.57890099
0.12381002
-0.071003608
0.075213574
0.15539244
-0.033873502
-0.064228751
-0.50025678
-0.075866774
-0.35404029
0.55513459
0.39174464
0.020185104
0.57031035
0.50311875
-0.48543212
-0.054213595
0.0451276
-0.68242168
0.77570176
-0.012695606
0.24062473
0.31661099
0.15871665
-0.06657432
-0.13833465
-0.17120169
0.33205783
-0.22010121
-0.0045006224
0.87324786
-0.154755
0.2015834
0.78688407
-0.15381223
0.37970737
0.9028154
0.25737816
0.23234382
0.25321397
-0.10549907
-0.16880429
-0.33798406
0.035950843
-0.11207585
-0.24420397
0.21985145
0.071496859
-0.65834671
0.022561561
-0.38153163
-0.21503282
-0.014318451
-0.2017052
1.203063
0.32491252
-0.2957021
-0.082940802
0.34008777
-0.13742639
-0.24855901
0.018876102
-0.4743894
-0.35326675
0.6697647
-0.91123956
-1.2687974
-0.43858618
-0.91416341
-1.0164397
-0.20599656
-0.75462812
-0.59755439
-0.5935576
-0.27277467
-0.48603931
-0.38637564
0.19808972
0.37461981
-0.6883285
-0.35452759
-0.019595042
0.083742373
-0.24304523
-1.2854007
-0.23115954
-0.38036218
-0.6080724
0.26929852
0.11679232
0.11298282
-0.33003142
-0.54178816
-0.32127121
-0.030086229
-0.13442084
-0.30950356
-0.19835202
-0.019635012
-0.48647141
0.21845496
-0.242763
0.41653165
1.0301999
-0.16187146
0.41074225
1.2948482
0.56667066
1.0849639
-0.1430898
-0.038177446
-0.30579388
-0.47921142
-0.43768844
-0.4432826
-0.16486923
-0.045094036
-0.056715004
-0.2487745
0.17997509
-0.051095825
0.13340005
0.27106333
0.19263645
-0.2560401
0.21420667
-0.4691965
0.28299749
0.50429839
-0.45139605
0.026224528
0.068095669
-1.0088818
-0.077099361
-0.24220251
0.06290064
-0.75535631
-0.405112
0.5077439
-0.45792368
0.058625944
0.038800064
-0.73131883
0.10365064
0.17752506
-0.06885764
0.020313378
0.13650361
-0.34813666
0.1267744
0.58480632
-0.39076236
-0.071171887
0.69518548
0.078258879
0.22557265
0.24022034
-0.098637216
0.26110131
0.09971004
-0.088211253
0.069975406
-0.0058824453
-0.23589484
-0.31756705
-0.14733252
0.15103713
0.060441084
0.2730296
-0.22024137
0.23479903
-0.11305211
-0.31577089
-0.31735128
0.02961432
-0.030184144
-0.188025
-0.37463138
0.4450587
0.060172506
-1.0419464
-0.28213841
0.3213352
-0.44345766
-0.26999789
0.15131056
-0.68950456
-0.30213937
-0.056389865
-0.79540718
1.8209426
0.45975435
0.96026003
0.45046723
-0.14074132
0.33649537
0.10949869
0.16864006
0.37997022
-0.21388687
-0.11126879
-0.37034011
0.27215531
0.080077492
0.14118469
0.27792862
0.40706974
0.030944504
0.049996078
0.45384827
0.52003157
-0.030271351
0.2512725
0.10840014
-0.17311867
0.15286319
-0.29594439
0.03225451
0.061186049
-0.14227317
0.22992943
0.18595155
-0.19223498
-0.16783722
0.18876727
-0.0067427098
1.152473
0.53880215
0.83833367
0.071917839
-0.17248255
0.79696548
0.10796155
-0.07723967
0.025336776
-0.69482577
-0.57008541
-0.34683692
-0.43990567
-0.90979922
-0.55141962
-0.051935147
-0.38213572
-0.82131386
-0.305388
-0.2721242
-0.029323289
-0.3099595
-0.58433795
-0.44096485
-0.22158982
0.056422159
0.26292399
0.31848413
0.076983437
-0.059623577
0.46192449
0.22211882
-0.31123486
0.54564553
0.35178366
-0.599222
-0.0081421109
0.52731866
0.12404569
0.020234566
0.042696547
0.1110062
-0.16557336
-0.0002506962
0.10608747
0.3493368
0.031448405
-0.6269387
0.093837067
0.13374902
-0.031623654
0.10329248
0.032838732
0.28944835
0.17284405
-0.13600963
-0.36535096
0.24854521
0.43459377
-0.10731877
-0.05843804
0.059735667
-0.10321479
-0.76686388
-0.37808302
-0.38027135
-0.12251687
0.40102935
0.17408265
0.21773146
-0.19670528
-0.78118873
-0.39141944
0.19989827
0.41132963
-0.034108393
-0.009595993
0.534738
0.033476427
-0.19898011
0.071738139
-0.44915459
-0.37874568
-0.90891176
-0.17221437
0.25504467
-0.31628841
-0.25445613
-0.17107974
-0.22184803
-0.4067888
0.11674444
-0.037081487
-0.42108661
-0.19468254
-0.59272927
-0.34042916
0.10083444
-0.34056616
-0.39347896
-0.43725851
-0.7740525
-0.18740495
0.36323375
0.30706671
-0.8977133
-0.12506357
0.35777268
-0.84073657
-0.20659782
-0.4548097
-0.60915339
-0.11152668
-0.39501706
0.2072475
-0.38387331
-0.53511328
0.99235922
-0.54523426
0.049214255
0.24326737
-0.44839707
0.090766087
0.55589527
-0.45691234
0.29478317
-0.33602351
-0.50272989
-0.48088902
-0.28054342
-0.53171915
0.11168492
-0.5108574
0.12211306
0.56900197
-0.3209452
0.14352486
-0.57296365
-0.12801273
0.42619056
-0.17127897
-0.48975042
0.17759086
-0.12335356
-0.3208456
-0.14890188
-0.39841682
0.30393136
0.0096441079
-0.40988964
-0.31977749
-0.18604326
-0.93160284
0.54568332
0.19439502
0.86837596
0.19463812
-0.22976975
0.71252704
-0.26430359
-0.2759054
-0.12919363
0.22685617
0.26485655
0.33407998
0.26376033
0.26444003
0.12534116
1.1008359
0.29949155
0.66609156
0.70632488
0.49629945
0.94638044
0.08222875
-0.275417
0.25747618
0.14849789
0.28078809
0.049228966
0.010489102
0.059353035
-0.19287801
-0.11221734
0.14699654
-0.44325387
-0.013805909
-0.089378789
-0.77221149
-0.16804738
-0.45760241
-0.28490022
-0.51754761
-0.58237875
-0.52233565
-0.80510706
-0.63867396
-0.39804232
-0.36462018
0.1073731
-0.24142119
-0.20401345
-0.0065125958
-0.2546528
0.019607855
-0.049345016
0.16208793
0.25139135
0.49690676
0.7052294
-0.1418886
-0.18115184
-0.11328974
0.55175596
0.11786734
0.21545938
1.1300607
0.33161971
0.38251442
0.3660914
0.20496076
0.49247587
-0.33541599
-0.33207166
-0.25516927
0.54806656
-0.053585067
0.68654603
0.060854875
-0.18660893
0.14959756
0.072635621
-0.27105069
0.29469806
0.48355263
0.9145388
0.9201417
-0.25925684
-0.13598502
-0.10662534
0.12217859
-0.012232248
0.12799433
1.3874227
0.5679695
1.2739413
-0.14894266
-0.85351211
-0.057796989
1.1098912
0.30985498
1.3715012
-0.34785849
-0.57564819
-0.58409125
0.2892203
0.29541731
-0.26437956
-0.52265412
0.12790287
-0.20497632
-0.14385189
-0.13269076
0.27462426
0.18211782
-0.014590005
0.22091138
-0.37875172
-0.37946472
-0.23808832
-0.37166438
-0.20627321
-0.6354444
-0.066748671
-0.0097058946
-0.37911737
0.058504019
-0.10834545
-0.81772131
0.61898035
0.49899933
0.56817293
0.88536966
0.39837983
0.49056831
-0.34016758
-0.049700629
-0.70004439
-1.0740635
-0.027180715
-0.7090503
-0.5468086
0.090696581
-0.51998627
-0.47977418
0.43910289
0.38937563
-0.22156343
0.11934672
0.39563826
-0.13970889
-0.10361755
0.3564539
0.063551739
0.13155566
1.2575411
-0.024885554
-0.073780641
0.59952646
-0.49613437
-0.45113096
0.43337584
-0.6441806
-0.16570476
-0.45563766
0.30962351
0.11308291
-0.013808031
0.26595864
-0.23500121
0.027790079
0.99511957
0.3984814
-0.33158186
-0.18870483
-0.1653917
-0.36616325
-0.21798895
-0.045582138
-0.35499084
-0.42727619
-0.82149708
-1.057583
0.6509791
0.0049654352
0.54769975
0.38512871
0.23839664
0.22425391
-0.50915068
0.08943399
-0.397632
-0.43884233
-0.024824863
-0.083216764
-0.028333895
0.12152316
0.23162544
-0.017718133
0.66075039
0.19488373
0.028234065
-0.018016184
-0.90465361
-0.24543564
-0.041493773
0.036802985
-0.76840961
-0.31616947
-0.26632234
-0.81091297
0.0078043779
-0.016644925
0.051989455
-0.30967033
-0.74378431
1.1195246
-0.34623268
-0.36140704
0.058823511
0.015222944
0.15848674
0.28094542
0.37571955
0.95571119
-0.46111673
-0.45529124
-0.23139881
0.4591704
0.49650362
0.39775121
0.15593682
0.37493512
0.31002697
0.59993434
0.38590094
0.29572508
0.47192496
-0.020996803
0.43886381
-0.46828252
-0.43948588
-0.39210054
-0.031032026
0.11035708
-0.28388655
-0.47385854
-0.21804655
-0.046972938
-0.26753324
-0.12137155
0.35954604
-0.12804386
-0.017895238
0.2779654
-0.87980211
-0.13106565
-0.26739928
-0.29783699
-0.22579144
-0.1271349
-0.37527466
-0.25987121
-0.48597953
-0.50365186
-0.45315897
-0.23405063
0.050614409
0.0050695934
-0.53127599
-0.25872537
-0.27946794
-1.3122596
-0.72199166
-0.091006614
-0.21377395
0.55281675
0.58070982
0.33270246
0.024585569
0.12773369
0.2621021
-0.01819624
0.088346824
-0.41188657
0.041526355
-0.12861077
-0.75985217
-0.27619553
-0.01380247
-0.47206554
-1.0474148
-0.034582131
-0.68953395
-0.61715341
0.21999878
-0.23922634
-0.66528738
0.26857361
-0.56102747
-0.51895499
-0.15243673
-0.40497899
-0.28152245
0.22094014
0.16996251
-0.62736553
-0.22478037
0.095952839
0.2685104
0.041311081
-0.15183578
-0.22189792
-0.073462822
-0.29576606
-0.62654173
-0.38820902
-0.51219428
0.087454624
0.33065054
0.44562075
0.17482066
0.33825049
0.18656607
0.9484421
0.50713652
0.9624424
0.17886148
-0.30007917
0.0037671821
-0.26242441
-0.41260362
0.1318143
0.42500603
-0.059034903
0.66973132
0.93817788
0.39151368
0.71153891
0.18455505
-0.2989665
0.0057544261
-0.19110093
-0.17440204
-0.16555531
0.15747607
0.38696349
0.12815827
-0.52084243
-0.21154018
-0.31729737
-1.0018332
-0.36589691
-0.44995892
0.4228307
0.53338319
0.57707727
0.87586719
0.22128266
0.78026551
1.9677246
0.70618463
1.7986299
-0.75678188
0.59459114
-0.18741679
0.14550008
0.31160006
0.23607914
-0.80784142
-1.0267773
-0.82445014
-0.05202999
0.090140887
-0.30522436
-0.017343717
-0.016040245
-0.63860345
-0.40213996
-0.26318073
-0.82226926
-0.15239151
0.24794136
0.03972742
-0.1639109
-0.049978297
-0.096482821
-0.71512258
-0.73732281
-0.90830553
0.45355749
-0.028563816
0.21697721
0.14666121
0.039458737
0.23848064
-0.19453242
0.059350576
0.20212713
-0.3351922
-0.50443447
-0.51998657
-0.43180612
0.15835787
-0.21610278
-0.64310914
-0.26161847
-0.45998812
0.46577778
-0.059572287
0.27002528
0.31424472
-0.20248401
0.17134976
0.59464312
0.047440805
0.082936354
-0.21519083
-0.3046616
-0.80488706
-0.20312928
-0.095217727
-0.64474064
-0.5878551
0.045814618
-0.5450514
-0.20183341
-0.018644527
-0.20130259
-0.27167293
0.022783715
-0.41785729
-0.40033817
-0.17019959
-0.61919659
0.6629318
0.027085118
-0.10192484
0.54522264
0.17099316
0.14988376
0.66100973
0.17545839
0.29961663
-0.64720309
-0.31410366
-0.78730738
-0.41650885
-0.11053225
-0.64261454
0.82348174
0.26915887
-0.4949539
-0.70958441
0.13493553
-0.22156692
-0.52558661
-0.095344059
-0.082912982
0.13493568
0.083233625
0.33408973
0.18453176
-0.099494919
0.0037164544
-0.097884618
-0.11536002
-0.22223423
-0.016943613
-0.043013733
0.29391733
-0.011981584
0.26345837
0.19414021
-0.27796796
-0.022194907
-0.097199954
-0.24667181
0.2620334
-0.46437705
0.18575443
0.37755543
0.12154416
0.40446943
0.16106538
0.34701204
-0.094706632
0.11500101
0.019843785
-0.3779763
0.011341053
-0.15852144
-0.39014179
0.091712654
0.09083727
0.43229932
0.0036728438
0.27725706
-0.46147269
-0.039630752
-0.073050253
-0.31921479
0.27018729
0.18751651
0.00094346987
0.52977854
0.69130206
0.096825019
0.083146982
0.40622988
-0.015220033
-0.088117294
0.14659117
-0.15787359
-0.055298481
0.30837825
0.0034494805
0.26984483
0.097353883
-0.28614885
-0.27142805
0.06584125
-0.52608585
-0.34379965
0.41536769
-0.42943767
-0.078943506
-0.43004188
0.048054542
-0.17058183
-0.20404029
0.10495774
-0.12892689
-0.19766662
-0.066729449
0.28001085
-0.094153762
-0.0054919524
0.048252076
-0.16719992
-0.22934863
-0.034259163
-0.21022819
-0.81835616
0.0077486006
-0.60344619
-0.65897888
0.19872545
-0.52389222
-0.63724458
0.059362937
-0.76071715
0.01523125
0.56351864
0.095580131
0.14074633
0.44368777
0.32970846
-0.20533189
-0.0082949838
-0.29583836
-0.58153683
-0.10510576
-0.17317657
-0.23816957
-0.097344421
0.0080291424
0.36868355
0.1685984
0.15065518
0.0012973477
-0.30701044
0.068067975
0.072582699
-0.13262972
0.31689128
0.1372906
0.28145134
0.65763539
-0.0051033436
0.41669604
-0.431802
0.040749494
0.60552001
-0.29516536
-0.48193285
0.41761127
-0.20608273
0.57481873
0.27384174
0.76720297
-0.17473839
-0.10654049
0.0062314975
-0.40598834
-0.028690806
-0.016332507
-0.78277016
-0.50598764
-0.54991776
0.16274624
0.43136996
-0.20270102
0.39667514
0.60694999
-0.30875131
0.36779514
0.24633694
0.26818743
0.069543518
-0.17864704
0.11914292
0.18676557
-0.22997977
0.60543978
0.19645931
0.19881575
0.26697353
0.053757772
0.0026171582
0.031682402
0.35798794
0.17023467
0.61038274
-0.059112668
-0.13818234
0.1413427
0.26933777
-0.31804785
0.50601822
0.19762054
-0.2462946
0.27678391
0.11898993
-0.67652786
-0.35947636
0.28790551
-0.49116597
-0.11772221
0.0073049222
-0.31518188
-0.11561073
-0.3296715
-0.046894211
-0.49094695
-0.03888635
-0.2048209
0.014111833
-0.17815709
-0.59108818
-0.037342608
0.24551938
-0.14267921
0.35982406
0.021838296
-0.23324324
-0.081358872
0.29574075
0.0029393956
0.39039144
0.26731759
0.3543269
0.46869203
-0.013920023
-0.21771973
-0.10269956
0.41950616
-0.38986918
-0.19836885
-0.26779449
0.44479895
0.071460456
-0.23066621
0.6397438
-0.006802429
-1.0406013
-0.76282787
-1.1170012
-0.4498345
-0.11617301
-0.42541772
-0.27733102
0.2264885
0.052318666
0.014576416
0.40073302
0.60778171
-0.12121341
0.074215338
-0.48061821
0.49171826
0.36008635
-0.25111556
0.49006334
0.07457675
-0.39266926
-0.12737851
-0.25617662
0.20480104
-0.26880482
0.13292342
0.026436035
-0.4249692
0.19369295
0.010110552
-0.048510358
0.11039822
-0.12070516
0.15586716
0.46466246
0.15473962
0.025552027
0.27708149
0.20392214
0.38845798
0.26545936
0.021889698
0.23475111
0.11458352
0.068292402
0.52815658
-0.1367355
-0.52285343
0.58923233
0.60897338
-0.23611163
-0.3219234
-0.14780669
-0.35872439
0.21146218
-0.3134926
-0.6960662
0.031628966
-0.30824706
-0.17866425
0.53853917
0.070874639
-0.13197868
0.70306516
0.016246824
-0.15307432
-0.45171705
-0.15360433
-0.4467974
-0.546148
-0.36489245
-0.51217228
-0.19104768
-0.0057344059
0.017774075
0.026417688
0.58907068
0.73309261
-0.1294274
0.011426408
0.39327115
0.22200033
-0.0026241336
0.3913942
-0.3825877
0.44733989
-0.13990866
-0.43668279
0.35084406
-0.12352432
-0.92014211
0.063865259
-0.9118768
-0.76261771
-0.47679153
-0.82372081
-0.27575338
-0.17421496
0.053602811
-0.47335091
0.032473441
0.0058466559
0.36521098
0.097165495
-0.025808478
-0.14231449
-0.099758826
0.40489674
-0.059079926
-0.41324821
0.2142714
-0.43178755
-0.25299668
0.14728259
-0.043868575
0.091576949
0.23615408
-0.75956678
0.20520617
0.1156319
-0.20871158
0.023849705
-0.064748332
0.26335374
0.070373021
0.04558019
0.070362017
0.13519412
0.23688649

[fc.bias] shape=[10] dtype=float32
0.10057668
-0.17956272
-0.027272243
0.14582253
-0.17772773
0.026783239
0.087340854
0.24779513
-0.086834848
-0.13682279

[fc.weight] shape=[10, 40] dtype=float32
0.093117841
-0.06944716
-0.35709164
-0.17050196
-0.20502672
-0.87023038
0.57516414
-0.45898387
-0.0726045
-0.096649498
-0.75059867
-0.1180395
0.71670508
-0.45795491
-0.43887421
0.3605637
0.10818425
-0.48967516
1.0172137
0.64106345
-0.27649954
1.1377292
-0.018689545
-0.046755832
-0.58667445
-0.18015222
-0.13696712
0.56648242
0.23637244
-0.096247323
0.29604039
0.86914456
-0.34658176
-0.12973247
-0.025113216
-0.17082882
-0.3485688
0.78473073
-0.19351335
-0.5046258
-0.25507098
1.2683748
-0.51119435
-0.084453829
-0.25640294
-0.65650666
-0.54828465
0.79399288
-0.5215084
-0.23769347
-0.27925238
-0.27680972
-0.51436961
1.5389086
-0.2232738
0.32119468
-0.36976612
1.009702
0.47018257
-0.63070035
0.35489917
-0.0079035265
0.10900018
0.0055653113
-0.18912928
-0.32366768
-0.44784513
0.73683673
-0.38327959
-0.15577142
1.0056852
-0.18667173
-0.27996242
0.1016885
-0.10089535
-0.19518042
-0.13350467
-0.54480022
-0.27580401
-0.2041602
-0.14440484
0.43986428
-0.19272417
1.5946561
1.7772731
0.41784614
0.74896878
-0.29562441
0.21022567
-0.28997186
-0.39189872
-0.41787323
0.42742956
-0.34863833
-0.28648561
1.2649761
-0.50751972
-0.19510531
-0.28092197
0.41173199
1.1729906
-0.49701956
-0.42914069
-0.26016617
-0.084805153
-0.31083238
0.47760549
-0.60539919
0.97566473
-0.17263299
-0.66152155
0.40884739
-0.68107343
-0.37346274
-0.50354797
0.26306131
-0.18262422
-0.044543561
-0.21517336
0.68106014
-0.31387174
0.17280145
0.9833377
-0.27714297
-0.13804533
0.72471404
0.0087999944
-0.14911039
0.0022804856
-0.30220914
0.4029341
-0.18707384
-0.13188334
-0.17392309
0.15472472
0.15397379
0.46563125
-0.4613117
-0.07227245
-0.43179962
-0.094971903
-0.1783258
1.2774185
-0.019494366
0.44880539
-0.2057766
0.16236201
-0.40672243
-0.11708788
1.3246691
-0.18541856
-0.34179544
0.41200349
-0.16537635
-0.41349906
-0.57289457
-0.145087
0.65989333
-0.34919611
-0.095937945
0.99460351
-0.35204053
-0.010333316
-0.071059451
0.13952336
0.79563147
-0.21426116
-0.50029683
-0.090339787
1.379236
-0.18027309
0.22618476
-0.11552986
0.35174197
-0.55068934
0.26135468
-0.17787087
-0.46094599
-0.05465138
0.91844755
-0.31913653
-0.30618143
-0.40262991
-0.42203248
-0.64970642
0.10245135
0.61836952
-0.72045666
-0.75399888
0.36751977
-0.3539001
-0.28427753
0.20238027
1.5752681
-0.25798067
-0.38515937
-0.48767155
-0.30246904
1.0791352
0.39640689
-0.28287086
-0.038113635
0.41956773
-0.25448141
-0.23150805
0.52366275
-0.52859688
-0.09674415
0.49081793
0.019111538
1.0859196
-0.063598506
-0.2668739
-0.026579786
1.5236703
-0.36371934
-0.17633234
-0.12526928
-0.27474129
0.1692194
-0.24961984
-0.13224277
0.084268816
-0.45566109
0.29664737
-0.2006932
0.19860424
-0.69966042
-0.3965314
-0.23892285
-0.46184283
-0.31058669
0.93414313
-0.021321971
-0.25205931
1.4563246
-0.25421917
0.62653148
-0.2294762
-0.48137191
-0.065279938
-0.41110149
-0.6024434
-0.41158599
-0.14959201
0.25072858
-0.28926224
0.77020472
-0.47781035
-0.38232544
-0.56938636
1.6363496
-0.44278276
-0.36213517
-0.087763697
-0.4904249
-0.10018665
0.67576295
0.02336004
-0.55198127
-0.45211762
-0.39893657
0.23907021
0.44265839
-0.27176902
0.031135054
1.0401455
-0.52839422
0.50771415
-0.47771311
-0.54535329
0.63045806
0.12039597
-0.30750608
-0.052212205
-0.12738356
1.3670185
0.16035759
-0.54245359
0.36223152
-0.42573413
-0.21833934
0.026157914
-0.11101422
-0.46159154
-0.11726759
-0.45283449
-0.06161274
1.5063807
-0.36300412
0.82579082
0.12038246
-0.60772634
0.013103236
0.094851613
-0.52187681
0.20270361
-0.62012333
-0.45336932
0.48614168
-0.10494184
1.0213333
-0.2691879
-0.43914282
0.42312351
-0.26592964
-0.57402486
-0.45503509
0.042026766
-0.13639945
-0.21993196
-0.44288051
-0.44909972
-0.13331181
1.5655767
-0.27013993
-0.10777887
-0.26167798
0.9842124
0.4550209
0.96807188
-0.099314637
-0.11968811
-0.31636843
-0.26742658
-0.6088984
0.79271364
0.37666127
-0.51493466
0.11826584
-0.040670637
-0.46793485
0.85281652
-0.54090077
-0.13090482
-0.45777467
-0.46409589
-0.40607837
0.09999539
-0.54498684
-0.38316754
-0.59375781
-0.38334671
1.2739477
1.1887939
-0.24642856
-0.68034077
1.1628437
-0.15659967
-0.25434658
0.19187659
-0.43520257
-0.15906228
-0.22395374
-0.057192579
0.054009151
0.41848019
-0.47913814
-0.020644553
-0.39463344
-0.56856924
-0.69271761
0.36434934
0.10197861
-0.20730634
-0.45980573
-0.092258841
-0.37854165
-0.53246301
0.15528174
-0.10251669
-0.45156381
0.082307033
0.0062561873
-0.055381816
-0.52846497
1.019045
1.0729882
-0.47486877
-0.46722504
0.3525869
-0.044703402
-0.20688115
-0.079179205
-0.57513058
1.5997529
-0.65793663
0.94926715
0.045729376
-0.160192
0.9344027
0.092858493
0.2469662
-0.32230091
0.09687037
-0.051874667
-0.12594402
-0.5989536
-0.23727033
-0.21411552
