# folded parameter tensors, total=28626

[conv1.bias] shape=[16] dtype=float32
0.31376383
0.077599213
-0.4950566
-0.096978165
-0.42788571
-0.15927616
0.24880652
0.88545126
-0.86850739
0.50358641
0.11997876
0.15633278
0.25648379
0.072513081
0.55621481
0.31018108

[conv1.weight] shape=[16, 3, 3, 3] dtype=float32
0.015241171
0.036266595
-0.027178248
-0.11218284
-0.028010026
-0.014839426
-0.016419323
-0.0034665081
0.00054312602
-0.010859965
0.045343872
0.033768453
-0.12150605
0.029627569
0.12032364
-0.03885198
0.05196264
0.13227294
-0.023100823
-0.0071558389
-0.0086963708
-0.15134712
-0.042652518
0.051756192
-0.039048627
0.018958958
0.099981919
-0.013301922
0.030334767
0.0081379833
0.020228069
0.081837609
0.031188736
0.012241987
0.076402262
0.037190761
-0.043376211
-0.026378473
-0.020342205
-0.035651833
0.0011874604
0.0002119781
-0.029410996
0.013679925
0.026753074
0.015333468
0.023148529
0.0086540757
0.0023045619
0.024741963
0.0049824966
-0.038861535
-0.017060058
-0.019403199
0.1830349
-0.16117251
-0.23966219
0.05644815
-0.057474285
-0.18312973
-0.055614967
0.12363236
0.14814042
0.2604765
-0.12265245
-0.18471715
0.19007821
0.03262084
-0.1219212
-0.063950129
0.10444595
0.10662764
0.29591113
-0.089616045
-0.1818288
0.15564093
0.02165099
-0.16090503
-0.18765956
0.00672421
-0.040244248
-0.0025973071
-0.0047512744
-0.0045695966
0.00021408845
-0.0014778364
-0.0016386631
0.0009474816
-0.00092314748
-0.00096374203
0.00086509204
-0.0010362281
-0.00086292351
0.0025399912
0.00079195615
0.0007492025
0.0027319253
0.00052870304
0.00080010033
-0.00089543976
-0.0027937647
-0.0013333935
-0.0050765336
-0.0070176595
-0.0045542959
-0.0060834833
-0.008409421
-0.0055708261
-0.045601536
-0.16775572
0.20503433
-0.19765873
-0.19698879
0.20545761
0.040272746
0.13411514
0.0011695416
0.046936758
-0.24714434
0.038329113
-0.11825494
-0.29705253
0.015926404
0.065738767
0.038155697
-0.10732263
0.1343295
-0.071472041
0.046352793
0.0017531163
-0.16839848
-0.02064226
0.13794939
0.093655854
-0.070265576
0.031208821
0.0012193801
-0.054728106
0.056952316
-0.010744658
-0.05948462
0.064730681
-0.057012308
-0.083062813
-0.016633149
0.015685702
0.0044080587
0.049252037
0.044089638
0.046909515
0.02191205
-0.052594632
-0.025848627
-0.045806773
0.041200776
0.057608917
0.04738427
0.10447194
0.13931754
-0.016487131
-0.028450398
0.038127623
0.080046572
0.084165722
0.0022789703
0.022775086
-0.0099566169
-0.031622235
-0.035946343
-0.065394923
-0.041200578
0.072116934
0.093579084
0.050690494
-0.015748706
-0.032758776
-0.0062161498
-0.064796083
-0.084468313
-0.019697672
0.063054167
0.074597016
0.046505965
-0.019782256
-0.029867452
-0.00052357098
-0.069631383
-0.067373045
-0.0020600832
0.052615587
-0.41722772
0.45438209
-0.50120628
0.88082111
-0.058561563
-0.37769026
-0.3097446
0.2233444
0.41046789
-0.35861334
-0.23389646
0.26585022
1.2117261
-0.70513433
0.23766674
-0.25543407
-0.43070793
0.032401137
-0.9085443
0.54692948
-0.23888241
0.16536045
0.062349267
0.0051550507
-0.026183845
0.23581363
0.065021075
-0.10236843
0.21950054
-0.28612649
-0.36762628
-0.19336216
0.10270192
-0.018832186
0.11070435
0.16746014
-0.063978374
0.29190651
-0.050367393
-0.18581222
0.068503067
0.16547453
-0.015560188
0.17682754
0.069508642
-0.22604427
0.20267172
-0.12441724
-0.35583252
-0.063574329
0.087854929
-0.17258725
-0.0080546923
-0.18416937
-0.049778331
-0.54592687
-0.38815963
0.44254649
-0.017861232
-0.067479283
0.3134743
0.48610622
0.11594107
0.37900272
0.068802595
-0.17015892
0.30130136
-0.07178963
-0.17039053
-0.36007348
-0.15170045
0.11274893
0.1242746
-0.17252231
0.12851961
0.34290344
-0.24259865
0.02172401
-0.094197616
-0.17623161
0.13471092
0.28587738
0.18563733
0.027427046
0.13208055
0.018374642
-0.21098053
-0.14383374
-0.093803182
-0.12284154
-0.15414628
-0.048692036
-0.10628929
-0.1471668
-0.11096664
0.018124366
-0.009341687
0.063242421
0.025336888
-0.11618092
-0.2921268
0.21007402
0.14558202
-0.13176095
0.18134889
0.1939123
0.060867511
0.051654965
-0.057390954
-0.017182712
0.014099174
-0.12039337
-0.078451186
0.017685499
-0.11324271
-0.071753353
0.015633436
0.0040710969
0.028032316
0.015143043
0.0048564733
0.04307032
-0.013474413
-0.042316429
0.006916062
-0.035136871
0.01602531
0.022080755
0.021713424
0.096747048
0.12288065
-0.0092087649
0.036064215
0.076256715
-0.052479282
-0.09463492
-0.067086816
0.022718802
-0.0033589753
-0.0089336652
0.059893955
0.044814996
0.037674058
-0.034319133
-0.057883162
-0.043228608
0.019433578
0.024753725
0.026418611
0.043899979
0.05709229
0.07467588
-0.047363993
-0.053034768
-0.027091037
-0.0043283417
-0.0025303601
0.0057168542
0.032688502
0.027151145
0.042541675
-0.014851592
-0.0038680681
-0.020717204
0.06054718
0.11936397
0.070958182
0.08424475
0.043577723
0.0091156214
-0.11650608
-0.1375751
-0.067548499
-0.14816462
-0.094419181
-0.020395635
-0.095076218
-0.093432412
0.0010398404
-0.017541071
0.041007444
0.072780371
0.015681567
0.14140184
0.16868818
-0.050633956
-0.00062280515
0.055657107
-0.13028562
0.13373683
-0.039752319
-0.24095705
0.31352299
-0.15641353
0.4679004
0.023775896
-0.38612312
-0.18583624
0.070860445
-0.11552612
-0.42297843
0.3569988
0.051276259
0.22639216
0.10955425
-0.018809877
0.1482985
0.23139979
0.012001046
-0.43790269
0.26259816
0.17969678
-0.23898973
-0.16615906
-0.063130155
-0.020747215
-0.045657054
-0.028389866
0.1108579
-0.054593645
-0.148441
0.009222866
-0.018366477
0.087042846
0.11385767
0.03824776
-0.098715715
0.23710698
-0.0027008995
-0.23393232
0.10381567
0.0033028699
0.037023418
0.067835301
0.044704981
-0.017037552
0.1508126
-0.028419584
-0.20664288
0.0047539095
-0.081931829
-0.040142387

[conv2.bias] shape=[16] dtype=float32
0.31089002
0.13153327
-0.11319424
0.6450001
0.60804206
0.4562979
0.30559069
-0.0063046068
0.10556342
-0.60728204
0.75136071
0.26136822
-0.346668
0.13247286
0.1288617
0.36690861

[conv2.weight] shape=[16, 16, 3, 3] dtype=float32
-0.1332584
-0.18380487
-0.072902106
0.16127256
0.13389139
0.16256705
-0.032849483
-0.054621372
0.094853558
0.037831008
-0.029107802
-0.08932893
0.06152023
0.033436392
0.0014646397
-0.083758272
-0.066064127
-0.029018272
0.10330822
0.094586797
0.13711284
-0.18440026
-0.19462939
-0.051308006
0.015489422
-0.0040792581
-0.073567979
-0.00053971389
-0.0015250304
0.0014413311
-0.0019956466
-0.0040416336
-0.0014774151
0.0057961596
0.0041292519
0.0069219782
0.0020318185
-0.093421265
-0.12019762
0.11497242
0.096613966
0.057068419
0.019381091
-0.078026325
0.027850803
0.077022508
0.075096801
0.042796958
0.0049673854
-0.01633382
-0.0088718329
-0.080921829
-0.05392345
-0.027928151
0.11637332
-0.053442076
0.018169355
0.014626433
0.018249352
0.053309288
-0.27090472
-0.27866387
-0.26212668
0.18385647
0.51203322
0.20253623
-0.29827172
-0.84078634
-0.32365039
0.056361746
0.34421504
0.18908387
0.010412387
0.09262687
-0.012461415
-0.36904961
-0.26407388
-0.24974029
0.1054947
0.12020819
0.13386066
0.093785875
0.021782441
0.00061955553
-0.21684504
-0.12211768
-0.088581145
0.015279172
0.073785789
0.038691919
-0.054243185
-0.095731884
-0.028004088
-0.024281964
-0.066223539
0.015925709
0.051093254
0.061342146
0.10535122
0.14276686
0.17685293
0.1103221
-0.11535385
-0.11173527
-0.070455514
-0.050967719
-0.050644964
0.0046116672
-0.2434487
-0.17801104
-0.1864408
-0.1244208
-0.047165323
-0.07810127
0.069583945
0.10785338
0.17491756
-0.015325611
-0.038091987
-0.086437576
-0.13436756
-0.14850266
-0.106746
0.049491629
0.082629085
0.12662321
0.13220304
-0.02924574
0.036891688
-0.063648783
-0.094648801
0.026215075
0.11829181
0.01225414
-0.084391691
-0.0085848868
-0.17416871
-0.0063440022
-0.012509645
0.053144481
0.1348132
-0.056557573
-0.044810101
0.051976081
-0.067750961
-0.031003859
-0.037562761
0.0087624788
-0.039573181
-0.057274275
-0.018221034
-0.047503103
-0.017766407
0.016204279
-0.003114677
0.014128042
-0.02687701
-0.03585444
-0.0012279606
-0.032577936
-0.033191137
0.0063440111
0.028581055
-0.09129741
-0.080958962
-0.041339453
0.0025583266
-0.074990377
-0.13024689
0.03227286
-0.007456061
0.0092978384
0.0065619135
0.0072396421
0.0055174897
0.002696462
0.0031579793
0.0032115728
0.00066796422
0.0015016306
-0.079076022
0.058270648
0.034701642
-0.096514948
0.12073841
-0.021895856
-0.10737704
0.10886597
-0.049429003
0.02743002
0.018569943
-0.047063764
0.028018344
0.011280495
-0.062743805
0.025176961
-0.0054324078
-0.034753237
0.024810683
-0.014427629
-0.0071289474
-0.026792385
0.059041578
-0.031603877
-0.084591202
0.096154086
0.001635962
0.063353337
-0.17380665
0.12344331
0.20799279
-0.4171527
0.2133853
0.082205884
-0.15891053
0.075694725
0.046353795
-0.030519648
0.013139623
-0.0079897121
-0.045676649
-0.003203487
0.053144824
-0.12619391
-0.01873846
0.065667324
-0.25882176
0.1162499
0.15726943
-0.43584222
0.28139135
0.12790063
-0.35008708
0.27435219
-0.069022484
-0.01668396
0.0062826411
-0.04253757
-0.058623835
0.088155404
0.032109033
-0.034027319
0.089936815
0.04818289
0.17556252
0.0076568499
-0.088340394
0.066566408
-0.096370079
-0.1197792
0.043184109
-0.083097339
-0.026776994
0.12643592
-0.043906901
-0.035424713
0.074817561
0.0051990873
0.049230177
0.048991647
0.050841164
0.060300432
0.043026432
0.0017875179
0.019026335
-0.014279647
-0.053565711
0.014341047
-0.026261961
-0.059097938
0.13616437
-0.23272888
0.058164064
0.33271328
-0.42744833
0.062147755
0.2113204
-0.26051387
0.050443325
-0.0024072793
0.088553362
-0.09105552
-0.13380353
0.04364942
-0.039788738
-0.16175869
0.033219934
0.034338161
0.020657998
0.091476239
0.19185181
-0.10486585
-0.19123805
0.0057101515
0.042383358
-0.066105999
-0.051814593
0.097566783
0.0057330416
-0.0097824205
0.026725076
-0.030633032
-0.001484833
-0.067100435
-0.15055507
-0.087475531
-0.094853744
-0.027160062
0.17046553
0.047652867
0.058526598
-0.10852369
-0.19377539
-0.1122359
-0.28642961
-0.0036845307
-0.0013374538
0.0021642947
0.00040716914
-0.0024366446
0.00043854641
0.0071747927
0.0026875446
0.00070361223
-0.061474767
0.090739168
-0.0022014778
-0.1577439
0.048837364
0.16843461
0.019852875
-0.063012794
0.076908775
0.019294553
0.015159677
0.041932963
-0.05201235
-0.047767513
0.035075355
0.11997733
0.024156537
0.02847022
-0.010447849
0.12487507
0.19730225
-0.1609726
-0.23139092
-0.045735639
0.038711213
-0.18504655
-0.11555838
0.11329143
-0.47605574
0.21094605
0.22988483
0.35692504
-0.61069089
-0.26126578
0.27882275
0.27165741
-0.12865299
-0.1267188
0.051555939
0.058438826
0.0024667853
-0.078508049
0.19272044
0.13617942
0.027110187
-0.062623873
-0.17264348
0.36794254
0.25520089
-0.19239497
-0.16610371
0.01312028
0.23226674
-0.23274583
-0.01364806
-0.030493066
0.13211791
0.10882826
0.032925215
-0.12939426
-0.0070792995
0.065507151
-0.027207822
-0.05997479
-0.097434074
0.18174008
0.0052860272
-0.16850726
-0.016353676
0.20039041
-0.11110806
-0.16267335
0.015655737
-0.17162737
-0.051609971
0.047685392
-0.064799696
-0.14501393
-0.0087175062
0.10200329
0.099494591
-0.12668267
-0.0013121385
0.19808765
-0.026911328
-0.092533216
0.10091675
-0.083941251
-0.10944279
-0.010263574
0.0092719914
0.14978312
0.22370858
0.024222087
-0.27428117
0.19525106
-0.010919587
-0.055628456
-0.24165036
0.027645931
-0.2558597
-0.13702098
0.16929138
0.075606868
-0.072715439
-0.04152403
0.15796199
0.34184921
0.024830455
-0.076275684
-0.21253791
0.16010004
0.065106072
-0.12548742
0.062438812
0.11277812
-0.082674406
-0.30785736
-0.25250974
-0.013869687
-0.21438394
-0.17906263
0.070285961
-0.16091758
-0.12382998
0.11146986
-0.11489697
0.008642396
0.14967749
-0.12819189
-0.15111051
0.053021576
-0.17010525
0.0089757703
0.14778887
-0.0049092704
-0.0080369329
-0.0094600478
-0.0065756985
-0.0085209804
-0.010799233
-0.010677081
-0.011872631
-0.013644227
0.13786349
0.29551038
0.18682823
-0.11240084
-0.12766384
-0.039496142
-0.049341563
-0.21247269
-0.12030846
0.20577316
0.13124458
-0.035914265
0.10966658
0.068159752
-0.070473745
-0.062501788
-0.1396879
-0.27512982
0.0072287596
-0.20118134
-0.33642721
0.15405042
-0.046091262
-0.31055543
-0.017633757
-0.15879035
-0.2988553
-0.15177049
0.1027585
-0.25515476
-0.029473066
0.16811562
0.15277047
-0.054324854
0.13414289
-0.04445656
-0.10925373
0.15169632
0.059953652
-0.12041696
-0.026926236
-0.036424972
0.094016708
0.049359903
0.10003525
-0.37796909
-0.28408322
0.091352589
-0.0036174934
-0.18171668
0.22303955
0.21105497
0.10052046
0.077462502
0.29798588
0.37872976
0.27383161
-0.020012321
0.08219783
0.21986398
-0.40308395
-0.30084988
-0.19674081
0.021669386
-0.17267449
-0.50022054
0.32965937
0.14164312
-0.19485563
0.34230831
0.10948185
-0.18534032
0.044887789
-0.050053388
-0.20828159
0.19497591
0.1258982
-0.09762793
0.10484523
0.034677677
-0.20431745
0.24147707
0.1335634
0.099744283
0.097990192
-0.026892338
-0.14697275
-0.16064893
-0.24944004
-0.36904573
0.033532135
-0.090179838
-0.51259172
0.29348809
0.18472205
-0.15221566
-0.1128942
0.14515564
0.051769279
0.12185533
-0.14174516
-0.38557455
0.031866509
0.091608882
-0.16362187
-0.058390457
0.19187678
-0.0018436769
0.14867376
0.056350321
0.17815785
-0.021187713
0.071908109
-0.016842043
-0.20992503
0.20884909
0.1227952
-0.04053567
-0.04118403
0.080972165
-0.060604461
-0.13291131
-0.075816251
-0.041964091
-0.082052909
-0.056589734
-0.04410591
-0.036100194
0.0041008731
-0.069615059
0.10982031
-0.081138566
-0.007598612
0.15192439
0.085479863
-0.0033751174
0.0013715409
0.0051910789
-0.0026834698
0.0011179196
0.001901948
-0.0034646078
-0.0020546818
-0.0023501469
-0.056656569
-0.20975858
0.010762718
0.39136046
-0.040078133
-0.14499766
0.16219778
0.076175325
-0.14503503
-0.014238693
-0.12092666
-0.15058161
0.091200277
-0.0035498983
-0.068373226
0.071076237
0.041248605
-0.0096139051
-0.015493855
-4.2092011e-05
-0.10712291
-0.23042236
-0.019690432
0.11807701
0.0033707081
0.066417053
0.10536798
0.093168311
0.14772126
-0.016664205
-0.31229132
0.20344672
0.031195188
-0.17455645
-0.10928828
0.06568557
-0.19720121
-0.076148257
0.20793188
-0.093175307
-0.26389313
-0.11018441
-0.17584129
-0.091484427
-0.10180016
-0.16983357
0.4068957
0.25363776
-0.48734382
0.018000247
0.0041979537
-0.30180761
-0.076839954
0.14485081
-0.027837219
0.16269262
-0.048463561
-0.20423307
0.07177534
0.0026379228
-0.12933296
-0.0030915251
0.16363887
0.14658673
-0.11943985
-0.1614836
0.15684626
-0.0062986012
-0.1275555
0.092518255
0.13277769
-0.076698102
-0.19833258
-0.27739546
0.01504726
-0.11153798
-0.38393223
-0.38181302
0.14151736
0.016549034
-0.14997081
-0.050457127
-0.14390849
-0.12757923
-0.10249291
-0.054732982
-0.18628362
0.14049798
0.25381824
0.023273906
-0.097278796
-0.17953369
-0.081889935
0.3274886
-0.017151566
-0.13358685
0.058648925
0.14414187
-0.14025399
-0.21778899
-0.27698684
0.047479548
0.076344095
-0.33476177
-0.3182252
0.3772251
-0.083653443
-0.064407572
-0.044338636
0.17605492
-0.060214013
-0.033423886
-0.077239342
0.0093356017
-0.088953778
-0.10522302
0.060872633
-0.03036713
0.01001465
0.13272102
-0.17039494
-0.11766432
0.040408816
-0.16089056
-0.11577878
0.029484011
-0.013874278
-0.042640522
-0.30888727
-0.016046891
0.18993764
-0.41419882
-0.18091002
-0.23750623
0.24639624
0.0004126706
-0.00027743939
0.00049056753
-0.0047336384
-0.002671479
-0.00054236822
-0.0054372791
-0.0018806771
0.0016876727
-0.16489607
0.03791957
0.10076264
0.033672925
0.031061724
0.19165245
-0.16355379
-0.041695952
-0.10019246
-0.18063346
-0.17140402
-0.074670166
0.059826035
0.052346345
0.019853005
0.10983752
0.053777248
0.054481354
-0.1223666
0.0028164473
-0.064157031
0.0090560578
-0.04841819
-0.079894796
0.050487578
-0.0833667
-0.049054999
-0.15883578
0.64696503
-0.4342255
0.68756151
-1.1753644
0.51958638
-0.19535692
-0.020382879
-0.01503818
-0.10494355
-0.12298042
-0.052182101
-0.21245432
-0.15695241
0.012214341
-0.13308564
-0.16717409
-0.11233386
-0.21793796
0.37952125
-0.10460007
-0.06662824
-0.17568675
0.1441243
-0.11836521
-0.11326656
0.34968343
-0.13981815
0.084064081
-0.073858969
0.15924093
0.064855456
-0.11698541
0.12534347
-0.011480275
-0.087955929
0.13888858
0.054560278
0.056430366
0.10042103
0.0090356627
-0.068097398
0.080169693
-0.03725107
-0.16415918
-0.067256503
-0.0097199995
0.050537772
-0.12556231
-0.13187996
-0.087750882
0.07079909
-0.043908931
0.079728425
-0.11243749
-0.027877536
-0.14967264
-0.11678571
-0.055864666
-0.047799122
0.089335397
0.13387485
0.13614124
-0.035962705
0.20188856
-0.38510507
0.18422619
-0.28020999
0.15750505
0.12347829
-0.05474868
-0.076215744
-0.29285789
0.36064401
-0.042058278
0.0061357496
-0.10188299
-0.098537549
-0.06980554
-0.15799566
0.15526509
-0.019345475
0.060998809
0.025735646
-0.07824529
-0.011855741
-0.017997392
-0.080550052
-0.11640696
-0.040732514
-0.073251352
-0.09143284
-0.13253419
0.051045794
0.013740396
-0.056639381
0.12656982
0.088445328
0.014196611
0.14138895
0.030160939
-0.018950989
-0.020554306
-0.028127318
-0.038776651
-0.0095664775
-0.050278753
-0.015495926
-0.0072558578
-0.0074675735
-0.0060097217
-0.0052898084
-0.0049239867
-0.0037558586
-0.0018517795
-0.00081951637
0.00076904538
-0.11710605
0.031145241
0.15463638
-0.12545158
-0.10354105
-0.058697633
-0.013216868
0.046032649
0.06602446
-0.1002382
-0.01643952
0.021776665
-0.11190754
-0.021882219
0.05088301
-0.016337665
0.072205141
0.13815255
0.04181423
-0.051684286
-0.036209356
-0.23142378
-0.28596586
-0.23276842
-0.076026589
-0.23266801
-0.30514157
0.02365957
0.087657511
0.021281024
-0.075022571
-0.23033814
0.075995952
0.032312341
0.043589946
0.047358278
-0.14590719
-0.087348677
-0.066893212
-0.13169394
-0.091136523
-0.10166909
0.019447707
0.047636013
0.074525923
-0.091737285
-0.15183575
0.0081271483
-0.01541895
-0.18679337
-0.13994119
0.32260096
0.067270085
0.040060211
0.0098888539
-0.091208793
0.014258871
0.010168953
-0.085580908
-0.019915374
0.14170229
0.012158148
0.0061805481
-0.022963017
0.034844261
0.053703818
-0.13325848
-0.10711031
-0.027538011
-0.0174606
-0.0082860617
0.055644382
0.049966563
0.032957565
-0.020560645
0.17919989
0.16915335
0.092033342
0.022760386
0.080615312
0.059980404
-0.15418249
-0.10525151
-0.03449047
-0.014019055
-0.044746697
-0.041572627
0.13923839
0.031752892
-0.003117624
0.13373499
0.098374568
-0.01727335
-0.088087566
0.075561754
0.11776254
-0.011861486
-0.17352058
-0.11922851
0.19729616
-0.060884498
0.0062099914
0.083893664
-0.0022427724
0.077891417
-0.113066
-0.068763033
0.086790264
0.02988396
-0.03812068
-0.048902128
-0.10551224
-0.022524063
0.09794715
-0.085624196
0.079947874
0.21823257
-0.018129954
-0.047787838
-0.069375075
0.04630797
0.015226725
0.041585207
0.016326854
-0.022882225
0.0314494
-0.12775674
-0.087580457
0.027303254
-0.071182504
-0.13636468
-0.1350192
0.03571146
-0.0081356131
-0.058794197
0.012829932
0.015366381
0.015994817
0.0076443111
0.0084784208
0.0095435111
0.001665422
0.001524749
0.0033280207
-0.23641507
-0.21958824
-0.20596229
-0.076359801
-0.050636545
-0.00063492608
0.20865573
0.25236014
0.27151218
-0.089923531
-0.039441973
-0.054287042
-0.053403724
-0.03757384
-0.057678752
0.052019522
0.058959931
0.059962779
0.11077604
0.098039404
0.069815829
0.039893039
0.12431339
0.073986426
0.20431042
0.18168125
0.10102385
0.059411705
0.054304592
0.12263249
0.0093914783
-0.008821791
-0.010476362
0.026987392
-0.14496231
0.01700582
-0.056381818
-0.10347045
-0.085260168
-0.10224002
-0.00065664417
-0.0075152591
-0.13125426
-0.0050491607
-0.098934844
-0.040136714
-0.034823939
0.0041872542
0.086809121
0.045472
0.082838602
-0.074046448
-0.20219143
-0.0024500703
0.12921309
0.048763704
0.047787212
0.032127772
0.026061727
0.048926767
-0.11291894
-0.058881875
-0.048792664
0.067267478
0.093676932
0.072290197
0.0036340549
0.0004791673
-0.0041758064
-0.026551854
-0.038026571
-0.043443888
-0.069063812
-0.02771393
-0.016839629
-0.23576845
-0.23034553
-0.24411613
-0.29004323
-0.19322984
-0.20825788
0.12619941
0.090739161
0.05280323
0.0073099015
-0.022557167
-0.026162356
-0.17939784
-0.19305611
-0.17271331
0.16006804
0.049076594
0.016798662
0.05820062
-0.10194544
-0.071006104
-0.013606457
-0.11208414
0.0660583
-0.077992693
-0.064515539
0.013420939
0.004089891
0.058672879
0.0099366521
0.092373557
0.11629979
-0.088872492
-0.2254954
-0.057190325
0.0099444482
-0.19736584
-0.012667596
0.18102552
-0.17968403
0.047386032
0.29511154
-0.044158079
-0.0013128291
0.012807752
-0.080904149
-0.044151898
0.005397568
-0.026267713
-0.0010711027
0.032587517
-0.27946046
-0.02003338
0.19486798
-0.18326108
-0.083163224
0.10494606
-0.074236691
-0.19237386
0.091201626
-0.0030359882
-0.0027040532
-0.00078542414
-0.0028772829
-0.0020898734
0.001554094
-0.0018759336
-0.0014939936
0.0026053283
0.021958439
-0.087321684
-0.082986787
-0.094509527
0.13706456
0.079554342
-0.16007012
0.20978917
0.12303122
0.031727072
0.062362265
0.067604639
-0.059238572
-0.0070954966
0.046867721
-0.077059902
-0.021572793
0.073158748
-0.049041327
-0.033778913
-0.027061449
0.039163761
0.0053745066
-0.025295556
-0.022211539
0.12359787
0.037790578
0.1016527
-0.095762551
-0.018089123
0.051182311
-0.098097645
0.011953563
-0.00017029794
0.11342049
-0.081451908
0.23304248
-0.26324657
-0.14494568
0.11015286
-0.16054717
-0.11825601
0.1681848
-0.21876326
-0.028850785
0.096083015
0.12538691
-0.13284749
0.27640262
-0.2910966
-0.0312667
0.21439908
-0.43025374
0.12300683
-0.0053269607
0.030198893
-0.064576223
0.10845184
-0.044979271
-0.1080239
0.19163533
-0.050109219
-0.13457197
0.0062041124
-0.032538392
0.11624702
-0.13323694
-0.087456673
0.065480962
-0.15207323
-0.038605351
0.13316618
0.01212772
0.027485894
-0.011962776
0.024210673
0.090025514
0.080311947
-0.079973072
-0.019216171
0.0087260129
-0.086656854
-0.037930042
0.032567687
-0.23668598
-0.12494036
0.061506391
-0.15199521
0.032258447
0.17784563
-0.094680838
0.038381752
0.15912749
0.053942721
-0.37856117
0.27275059
0.010760533
-0.27900851
0.22680078
0.062862694
0.079914741
-0.2764903
0.26381648
-0.10519422
-0.37230381
0.33793256
-0.0089181652
-0.29231867
-0.032127213
-0.011855724
-0.028002005
0.11455151
0.069194429
0.048432536
-0.0016025234
-0.06644275
-0.10784701
0.056085326
0.11665379
0.042120222
0.036277298
0.070821211
-0.00011465404
-0.024274196
0.035764791
-0.0018434315
-0.12817664
0.075726308
-0.024630109
-0.051026538
0.10244726
0.04306414
0.081863284
0.1764387
0.062922113
-0.0063765841
-0.0027293514
-0.0029786518
-0.0063392972
-0.0025176033
-0.003476806
-0.0072225914
-0.0035594003
-0.0048895557
-0.071490213
0.041087687
0.027776726
0.016974999
0.08920978
0.058150411
0.24723847
0.3404839
0.32268265
-0.01934032
-0.048636794
-0.039188344
0.022009749
0.036765497
0.060521331
0.050416123
0.062803529
0.069308676
-0.053130794
-0.058929645
-0.12105003
0.217622
0.25169429
0.22298445
-0.084659636
-0.035534866
-0.10961577
-0.24464996
0.05732749
0.051707365
0.44843566
0.20601796
-0.1407347
-0.29040703
-0.11012034
0.13836843
-0.1031637
0.24690384
0.047550831
0.17764947
0.43172675
0.037594277
-0.13445868
0.14812739
-0.068685658
-0.14621632
-0.047942106
0.069751196
0.04422453
0.061351467
-0.046396166
0.015988687
0.069525979
-0.093854614
0.12707786
0.10942041
0.04713694
0.061411172
0.10602349
0.031003922
-0.10515826
-0.14618644
-0.21786308
-0.0011417092
-0.013415181
-0.19653417
0.12915045
0.11696295
-0.028421942
0.077344254
0.080465838
-0.044047061
-0.048037749
-0.036508795
-0.1651902
0.16452278
0.20261802
0.11623323
-0.06717521
-0.049958199
-0.13692588
-0.0059179743
0.07721965
0.037723705
0.0037386019
-0.01465408
-0.0061339387
-0.11254556
-0.0095579019
-0.09296447
-0.16053914
-0.057456717
-0.036888242
0.22234081
0.075262696
0.21831784
0.083674885
-0.055032358
-0.2000695
-0.16460389
0.085275277
0.047917273
-0.12042775
0.2430286
-0.085066155
-0.18319081
0.16937687
-0.090648219
-0.033121221
-0.13401876
-0.11755805
0.029076284
-0.019894443
0.028318955
0.0091438117
0.0022726681
0.058850564
-0.13542256
-0.12741919
-0.10806286
-0.095801018
-0.083608791
-0.05606943
-0.021215862
-0.011400457
0.0044238525
-0.0021868793
-0.0043050707
-0.0075677698
-0.093654379
-0.077488571
0.044278018
-0.051473726
-0.011003385
0.064502358
-0.0082046892
-0.0099230036
-0.012634444
-0.0090440987
-0.010346007
-0.013077099
-0.0093402453
-0.01031499
-0.012581818
0.074855439
0.067304999
0.084910549
-0.024521839
-0.11903062
-0.11404423
0.022582969
-0.030106336
0.008139737
-0.0040944256
-0.025185088
-0.026617279
-0.066475123
-0.10370535
-0.097143814
-0.024262497
-0.034507759
-0.014120775
-0.039036721
-0.062731601
-0.060228121
0.030920198
0.034242425
0.016138259
0.011367126
0.015335694
-0.00081851607
-0.098723404
-0.080252253
0.0085310973
0.09041284
-0.0066993693
-0.0063790414
0.03399628
-0.083889052
0.13970585
0.026685562
-0.033524871
0.0054255892
0.0050410735
-0.11628032
-0.065649778
0.1037314
0.0053082751
0.026977539
0.14694016
-0.039511349
0.096205525
0.082550406
-0.088042229
-0.0058717425
-0.0056737452
-0.19394214
-0.025507927
-0.011718026
-0.10886119
0.026875148
-0.055950601
-0.15365066
-0.037439547
0.050286662
-0.018151572
0.074200705
-0.13718829
-0.2052712
-0.15882701
-0.10259809
-0.21447147
-0.18491752
-0.041492634
-0.13694006
-0.12693749
-0.016478073
0.0025206027
0.022889402
-0.014619301
-0.02401037
-0.01419917
0.05513097
0.033437494
-3.8605147e-05
0.111597
0.0036010172
0.068383314
-0.0073660831
-0.11672775
-0.052014679
-0.041607093
-0.13637875
-0.057346676
0.0041108844
-0.011376331
0.076233953
0.05790934
-0.033000216
0.039637581
-0.012901041
-0.10837078
-0.033567425
-0.026242184
-0.086225517
-0.052437797
0.037483927
0.013473863
-0.02379968
0.080034904
-0.013938731
-0.11462153
-0.12528655
-0.12996435
-0.14598745
-0.20699464
-0.26151675
-0.24226621
-0.10154825
-0.11412026
-0.093829289
0.016936032
-0.058278143
-0.023980927
-0.056641795
-0.077717133
-0.011873149
-0.057480812
-0.058663566
-0.019390725
-0.017278135
-0.22205038
-0.10420866
-0.029732859
-0.10539243
-0.017555045
-0.098900266
-0.051093299
-0.11762796
0.0060350029
-0.00016179962
-0.00033964516
0.003429702
-0.0030817236
-0.0017867342
0.0031680055
-0.0015387121
0.0008583708
-0.074924424
-0.014624384
-0.11297575
-0.11333687
0.086737774
0.20883082
-0.15491927
0.073696449
0.16807048
-0.051975641
0.00056882767
-0.0010567621
0.0016096111
0.0055500693
-0.018012134
-0.017004067
-0.032143034
-0.039748009
-0.063329704
-0.045832705
0.12410575
-0.023333201
-0.0840955
-0.082412072
0.044130415
-0.060267482
-0.15175189
-0.0066496027
0.044271823
0.090663739
0.13800476
-0.0085468534
-0.089948453
0.015954889
-0.13796923
0.076961622
-0.086763032
-0.067593895
-0.067273289
-0.1863028
-0.10344195
0.087507226
-0.065121055
0.020278879
0.011148914
-0.12280522
-0.25054929
0.12465408
-0.016766684
0.060523789
0.18672
0.067935064
0.025851766
-0.062104661
0.086705223
0.046911888
0.12362166
-0.057176154
-0.072664641
-0.014798671
-0.065765589
-0.00055877009
0.10388561
-0.021525424
-0.002429842
0.093686491
-0.039121054
-0.061914019
-0.014775588
0.013643323
0.0083543947
0.0490782
0.030093383
-0.054902073
-0.07100638
-0.054805785
-0.13223855
-0.05329087
-0.11082506
-0.080338381
0.088234201
-0.08146932
-0.080108449
-0.084083393
-0.12878247
-0.12953237
-0.10285496
-0.088100217
-0.036172401
0.060933955
0.20323123
0.11088076
-0.15245456
0.19364659
-0.10593939
-0.39490855
0.14576171
-0.059538197
-0.065874487
0.067342974
-0.039743319
0.13617571
0.10645324
0.19015539
0.23495303
0.18100882
0.11484732
0.040109497
0.0072262334
0.12221049
0.083868727
-0.13032266
-0.093916267
-0.17143045
-0.057932798
0.10119202
0.067203797
-0.088013127
-0.022061553
0.010024846
-0.048055731
0.0057840603
0.029796319
-0.00067815464
0.02357664
0.03263117
-0.049370538
-0.076850258
-0.221771
0.073300309
0.11857346
-0.083914533
-0.013475743
0.0040350272
-0.099822424
-0.0053057978
-0.0044728899
-0.0022161268
0.00523435
0.0069922232
0.0094940756
0.0053099659
0.0061881011
0.010441777
-0.18108505
-0.055287614
-0.055630364
0.184742
0.16332097
0.071907103
0.011465592
-0.055436507
-0.022084365
-0.12698485
-0.052911405
-0.051841993
0.023268748
0.12589835
0.086164154
0.038178023
0.10322648
0.013936459
-0.13559496
-0.091017872
0.067508012
-0.05096079
-0.065414123
-0.071066402
0.12929383
0.092150696
0.0033809843
-0.10787602
-0.17800774
-0.28655908
-0.0040303092
0.064754806
0.16517404
0.074756347
0.063860871
0.098399647
-0.036290944
0.032295208
-0.13814935
-0.026646269
-0.046262864
-0.055572614
-0.19769014
-0.24600734
-0.20542975
0.32917362
0.42425066
0.28107205
0.33755305
0.013112069
-0.16079433
-0.17868035
-0.35019654
-0.12282649
-0.36704618
-0.27966401
-0.22877859
-0.17397299
-0.0048357239
0.1014879
0.061955024
0.10784344
0.10417943
0.017566167
-0.05013492
-0.19296136
-0.1381291
-0.12876499
-0.19891788
-0.015168065
0.076040179
0.011064049
0.1934747
0.12745343
-0.080666982
0.036101189
0.042886987
-0.050971087
-0.07754875
0.0089479918
0.046761658
-0.13451597
0.046626698
0.064884655
0.028865872
0.20181672
0.12359543
0.047266997
0.084507555
0.00040630801
-0.069393322
0.038070817
0.22036201
-0.030906055
0.1450775
0.046456054
0.091459051
-0.068613857
-0.13512948
0.11803876
0.18351853
0.012365756
0.04466188
0.003312479
-0.074767001
0.029050991
-0.040814728
-0.0073294607
0.071642801
0.26577669
0.044710308
0.018978622
0.22097497
0.22024749
-0.16524294
-0.050539397
-0.060031772
-0.062984437
0.031042416
-0.078137904
-0.12354606
-0.0985687
-0.15250264
-0.10388956
-0.090690479
-0.11856296
-0.019602928
-0.10025654
0.089903407
0.025463423
0.010370368
-0.030283749
0.11671437
0.026884848
-0.009045992
0.010445224
0.010821613
0.0057147471
-0.0020318709
-0.0052192672
-0.0080201309
-0.021697652
-0.029172059
-0.032666847
0.051466644
-0.082005642
-0.11489987
-0.046018284
-0.1747494
-0.096675456
0.14073494
0.0078419279
0.077865854
-0.15894838
-0.1307116
-0.10187908
-0.12201729
-0.07629291
-0.046466071
-0.072574332
-0.052074797
-0.026091801
0.025616523
-0.045791328
-0.11293276
0.095286049
0.066090368
-0.060325768
0.039734144
0.0092145372
-0.023757815
-0.30404752
-0.037703183
0.29860088
-0.43217522
0.066871971
0.56007117
-0.30692604
0.04350502
0.20142341
-0.037759211
-0.11426541
0.032502368
-0.0059097344
-0.033048946
-0.043838967
-0.059514739
-0.10459465
-0.033682175
-0.14475983
-0.27277315
-0.021376491
0.13320176
-0.12237664
-0.12266584
0.36856318
0.22083496
0.015899144
0.093762003
-0.29664502
-0.21342605
0.078257017
-0.30286452
-0.29582474
0.21246056
-0.052215554
-0.061286975
-0.076205306
-0.099410228
-0.11739019
-0.041333329
-0.025272366
-0.018616648
-0.0029781526
-0.0097163944
-0.0014436306
0.065268986
0.041027542
0.079930857
-0.076812871
-0.088449858
-0.017900132
0.049549527
0.098751344
0.058782913
-0.1227442
-0.16736226
-0.30212331
-0.15977679
-0.31920964
-0.31701198
0.07350003
-0.0086394865
-0.084084898
-0.057270803
0.31578562
0.090997696
0.10761401
0.062473297
-0.16489135
0.0089699151
-0.18639076
-0.22191311
0.069601417
-0.019856645
0.33825094
-0.023904424
-0.007079449
0.030343749
-0.10460986
-0.10926205
-0.13839146
0.11256448
0.2123756
0.12903522
0.15096381
-0.041715305
-0.17810686
-0.070000038
-0.090665594
0.03516572
0.024576223
-0.025608009
-0.046002913
-0.039398406
-0.036481712
-0.028348299
0.0074215471
-0.0080606211
-0.025488561
0.030019781
-0.10182183
0.10285804
0.15600955
0.017512187
0.11380903
-0.0082669314
-0.046382912
-0.26259598
0.0010313884
-0.0016414352
-0.0071630026
3.0462146e-05
-0.00097284856
-0.0049158609
0.00087073783
0.0043864502
0.0044565634
-0.1506829
0.269777
-0.13530301
0.3287828
0.048821986
-0.19406384
-0.0048450902
-0.17817409
0.011475969
-0.031263441
-0.078166671
-0.17382075
0.047999661
0.0093568834
-0.030512376
0.13885176
0.14534651
0.17315556
0.27803075
-0.23561715
-0.16475511
-0.28212443
-0.25407413
0.010684269
-0.17718257
0.016201925
0.20211533
-0.43389151
0.06117427
0.22024924
0.052150995
0.3316673
-0.037778273
0.20911846
-0.15859033
-0.15697624
-0.1264704
0.053524338
-0.13313439
-0.068051822
-0.045476936
0.049294114
-0.24339983
0.0056969179
0.13261351
0.11808674
-0.013902115
0.042632911
-0.12783988
0.015211998
-0.067758635
-0.014005441
0.11287382
-0.089317977
0.17503808
0.046975698
0.099797629
-0.2203646
-0.11852806
0.0010923657
-0.15920375
0.098668829
0.051399298
-0.015064458
-0.055457782
0.059916575
-0.13534386
-0.10384316
0.10179019
-0.13094439
-0.057664692
0.20868787
-0.045844793
0.010420091
-0.011692343
0.10775524
-0.016855309
-0.20170747
0.17401624
-0.079292275
-0.19186427
-0.055655524
0.038876373
0.024792684
0.089347713
0.076714203
-0.16026534
0.16526048
-0.064893082
-0.041135091
-0.38143569
-0.1238782
0.45912361
0.0572428
0.36351877
-0.26541588
0.060633752
-0.12532292
-0.037276935
0.33333373
-0.15742172
-0.19112328
-0.32707164
-0.20511077
0.078826636
-0.095791012
0.15440862
0.18234202
-0.080791406
-0.063264601
0.26432216
0.099639527
-0.070230484
0.36188677
0.1683601
-0.023541842
0.27434054
0.041951284
0.025736667
0.098483726
-0.0055200695
-0.077189453
-0.0079954732
-0.061555438
-0.1343305
-0.10646137
-0.015539117
-0.10394055
0.011642946
-0.11212965
0.14894426
0.10963483
-0.12012194
0.13564904
0.058610462
0.0089967158
0.0018518153
-0.004367495
0.0048720278
-0.0011692897
-0.0052595516
0.0021764878
-0.00089192466
-0.00097762456
-0.092739746
-0.020886034
-0.047653075
0.089510955
0.059884693
0.040445708
0.055391837
0.091277927
0.027495066
0.034781557
0.037321657
0.022928694
-0.080187015
-0.059939861
0.062440924
-0.094290048
-0.07478261
0.068289094
0.34237894
-0.022719176
-0.26752296
0.091329448
-0.032881439
-0.022194339
-0.23359284
-0.1768239
0.087754749
0.018853651
-0.013956164
-0.02314464
0.024971329
-0.0999704
-0.05163778
0.12180294
0.071793929
-0.021062745
-0.093822554
-0.24082148
-0.22983244
0.056083743
-0.033315826
-0.22633852
-0.10936417
0.12525557
0.041796461
0.12536594
-0.2098909
0.055257276
-0.068963319
-0.11970115
0.14347111
-0.19676049
0.034477416
0.1017179
0.10484026
0.10646608
0.18524207
-0.10235271
-0.17255558
-0.27426493
0.13911824
-0.078408279
-0.36385992
0.007020405
-0.20374392
-0.11084176
-0.012620102
-0.11219884
0.10031477
0.15351516
-0.0035135963
0.11361426
-0.16016814
-0.15397809
0.1935271
-0.0052968515
-0.080077566
0.14161706
0.1906627
-0.056863017
-0.14238533
-0.0039711068
-0.033970006
0.036160335
-0.06835518
-0.073118418
0.23873013
-0.080877207
-0.18607385
-0.0015590064
-0.08283744
0.13525803
-0.21794707
0.084243894
0.2111619
0.094161265
0.12133501
-0.17870943
0.068271808
0.029982926
0.18842128
0.08260572
-0.6010527
-0.32599643
-0.67777634
-0.35056168
-0.073255204
-0.31936729

[conv3.bias] shape=[32] dtype=float32
-0.15377904
0.2407227
0.26403999
-0.16756779
0.007855624
0.086914003
0.33938456
0.069879673
0.28013709
0.24370447
-0.12131134
0.13846684
-0.16902575
0.30817568
0.52741224
-0.034166545
0.17377201
-0.054473624
-0.57848871
0.068755165
0.26852524
-0.13771668
0.046925172
0.10099633
0.1589283
0.30645743
0.25469536
0.16287187
-0.08403565
-0.44101858
0.47029522
0.062781528

[conv3.weight] shape=[32, 16, 3, 3] dtype=float32
0.14131486
-0.0086169997
-0.17797202
0.23732215
0.081451714
-0.15141863
0.25271934
0.012769805
-0.27752888
-0.16703902
-0.1171724
-0.09014535
-0.11032313
-0.045919411
-0.057357889
-0.11353469
0.016549401
0.067258254
-0.086829126
0.03111591
-0.055904217
0.0075354655
0.062533349
-0.024652319
0.1716297
0.11011089
0.14769705
0.157052
0.083459243
0.0084533524
-0.00039528779
0.028109366
-0.1539579
-0.027615618
-0.079599611
-0.02071166
-0.060593955
0.069802277
0.085608989
-0.036962464
0.1104983
0.098648466
0.088941127
-0.11401302
0.21782178
-0.13786826
-0.14709072
-0.30333352
0.075244263
-0.0011151582
-0.19371144
0.23566756
0.22858754
0.0053468221
0.065232739
0.0010673291
-0.095274746
0.0058668568
-0.055025071
-0.03881973
0.20820594
-0.10809774
-0.0084015876
0.22122137
0.0073299236
-0.029511238
0.045224529
-0.1770712
-0.084807776
-0.078417279
-0.098083802
-0.16613737
-0.038168758
0.063112922
0.16148674
0.16128561
0.096038185
0.0015584148
0.12527677
0.13023998
0.080068886
-0.19214341
-0.1647605
-0.22033429
-0.0033848546
0.084866531
0.0090321526
0.04379157
0.15684384
-0.048952408
0.1083463
-0.051182609
-0.18249689
0.23544274
0.12627491
0.13378455
0.010148234
0.1048455
0.066679433
0.13785905
-0.12057205
-0.060394045
0.12035931
0.0965316
-0.05444378
0.033601467
0.17433619
-0.038006648
-0.081250258
-0.15700115
-0.068956412
-0.082398057
-0.16929229
-0.23886566
0.19293587
0.054180708
-0.35934356
-0.10033275
-0.16577625
-0.14210872
0.15477815
0.18793866
0.08557529
0.082952052
0.1999214
-0.10083511
0.053176377
-0.069335148
-0.22858633
0.15618026
-0.021315167
-0.046286561
0.074481644
0.15698758
-0.12692645
-0.18811603
-0.10343605
-0.0031866624
-0.060793974
0.048325058
-0.10382612
0.083375648
0.26909116
-0.023782087
-0.3274374
-0.045258343
0.25285548
-0.75925905
-0.1071104
0.36470547
-0.48151445
-0.064653553
0.36145079
0.0020870571
0.099247858
-0.13305335
0.15581401
0.0090406938
-0.030074833
0.080815151
0.076954991
-0.011460355
-0.24749967
-0.34304005
-0.15889126
-0.40400815
-0.1262327
0.04304418
-0.12469893
-0.067934439
0.073416144
0.0073790182
0.14074162
-0.028329339
-0.26496914
-0.13028899
-0.060273971
-0.16879791
-0.094407797
0.15914045
-0.076020576
-0.15609419
-0.077614047
0.033609353
-0.089634776
0.11970795
-0.16338506
0.1413171
0.066551477
0.0075210552
0.0023394416
-0.030103043
-0.12423854
0.11428629
0.049960133
0.073250331
0.20195958
0.16631222
-0.20297962
-0.255431
-0.027180923
-0.15131615
0.067567006
0.18758285
-0.12639369
0.17426258
0.21243481
-0.020837853
0.16130459
0.068783812
-0.27663016
0.038509242
0.32093
-0.33698422
-0.13702856
0.061346933
0.049917102
-0.23235381
-0.18489903
0.059431519
-0.018105699
-0.1161074
0.14689937
0.17514588
0.062081639
-0.11675802
-0.17113234
-0.31589174
-0.18309557
-0.2628555
-0.11571773
-0.015275637
-0.10009587
0.094569184
-0.002464477
0.012827896
-0.0033636631
-0.032362957
-0.053311292
-0.021226121
-0.010213111
0.032578915
0.076041959
-0.073082127
-0.02877461
-0.16130595
0.25798696
0.14353205
-0.2327043
0.29307079
0.23101796
0.084237054
-0.093050458
0.16678454
0.2485991
-0.43473476
0.16491883
0.21771012
-0.40864268
0.093345352
0.35503796
0.087242424
-0.03506254
-0.086195633
0.11259667
-0.13896374
-0.18861575
0.038985472
0.021978064
0.12357517
0.0072667245
0.055962414
-0.013256979
-0.13764371
0.22126824
0.08635518
0.033763815
0.25170174
-0.15961219
-0.1549101
-0.10134514
0.15758862
-0.010228055
0.092979781
-0.0040325825
0.17051528
0.070237465
-0.038263001
0.15085173
0.17322299
0.03342779
0.070216
0.044172652
0.054373048
0.012534572
0.17017159
-0.016967412
0.056042202
0.090508565
0.10448179
0.16371171
0.22429982
0.24569914
-0.062106986
-0.017591145
0.071889415
-0.12659046
-0.31245443
-0.065297686
-0.2170129
-0.5365538
-0.27501327
-0.24603157
-0.36517754
-0.18281312
0.045510754
0.06933026
0.12033168
-0.020001806
-0.020768372
0.086809926
-0.0014028684
0.17243516
0.15629779
-0.23957005
0.05960653
-0.027227314
-0.089013092
-0.0118074
0.10129185
-0.0025330686
0.089787014
0.16961284
0.12440462
0.18758255
-0.043870825
0.30340055
-0.0064520538
-0.053916436
0.17769246
-0.046907444
-0.15338071
0.01329863
-0.10769685
-0.24210176
0.077995896
0.1085029
0.10252757
-0.046067771
0.35264879
0.13475272
0.096618168
0.081331775
-0.19430962
-0.053225029
0.0024111762
-0.11785763
-0.028695131
0.26279172
0.022527419
0.1280123
0.17957905
0.098687425
0.35292128
0.10482948
0.18832006
-0.065993205
-0.34579608
-0.19804907
-0.18376473
-0.25996879
-0.065423153
-0.20272245
-0.29680339
-0.11628921
-0.10425017
-0.13758126
0.10422828
-0.08375062
-0.016367827
0.0021927874
0.11553384
0.11118313
-0.019427406
-0.099079952
-0.038508281
-0.19634722
-0.1477847
-0.11961935
-0.11783512
-0.0321608
0.057644278
-0.02396328
-0.18465783
-0.048266899
0.095403336
0.093520045
-0.042337801
-0.20015003
0.016525511
-0.12608775
-0.19023047
0.15191697
0.076672778
0.11285997
0.00062182522
-0.11483442
0.028397867
-0.0088579291
0.16863747
0.15167738
-0.081967026
0.24490902
0.0064259274
0.1030047
-0.071183145
-0.25395158
0.13527125
-0.20258239
-0.30927011
0.048426211
-0.11492752
-0.095653206
-0.19088945
-0.055085264
-0.050000995
-0.083081238
-0.078508951
-0.036377262
-0.022588726
-0.1880437
-0.085651003
-0.063065775
0.073796615
-0.04119895
-0.045613106
-0.00032229116
-0.30256796
-0.0067538735
-0.31457308
-0.14734846
0.10486334
-0.18250619
-0.11458491
0.041560732
-0.04886381
0.12770206
0.15853304
0.14280853
0.023874985
-0.18741556
0.1384909
0.24962839
-0.27604797
0.13031164
0.28539804
0.04117275
0.095113128
0.0024873428
-0.17637475
-0.033402722
0.18432797
-0.31804457
-0.039587595
0.13229646
-0.072336376
0.19363828
-0.0039786943
0.18459557
-0.023694737
0.28694573
-0.17158984
-0.11071268
0.27461559
0.073977865
0.090064302
-0.089409985
0.025295582
0.12737601
0.088551514
-0.10004755
0.12149461
-0.11746553
-0.039472308
-0.078279212
-0.011292957
-0.14549854
-0.22274703
-0.026146222
-0.13571478
-0.23292048
-0.018935038
0.046739552
-0.15080388
-0.16375744
-0.08059103
0.41637117
-0.17742597
0.099671938
0.25835481
-0.33338764
0.016404016
-0.33778197
-0.30983847
-0.022555768
-0.14644608
-0.014035397
-0.14473729
0.088381097
0.069596894
0.080916844
0.14743756
0.076864794
-0.079696193
-0.17330679
-0.12589112
0.099368148
-0.059087995
-0.11399538
0.22367711
-0.020507397
0.096046463
-0.15894881
0.058802497
-0.06083151
0.23552002
0.085733563
-0.090117849
0.18639877
0.21668996
0.14408982
0.096551165
0.070606187
-0.078632787
-0.045222104
-0.081695676
-0.037374064
-0.13339888
-0.062232748
0.162319
0.15948725
0.1657564
0.076263793
0.12679927
-0.037369389
-0.091489412
-0.14483705
-0.29156002
-0.0011278631
-0.19841021
0.024488311
0.19064409
-0.50693339
-0.22097038
0.1672006
-0.37157881
0.016251013
0.072468005
0.26576105
0.036698021
-0.096027248
0.16799408
0.29314867
-0.12492847
0.063304298
0.35230735
-0.21849303
-0.11323363
0.036395013
-0.0039706868
-0.3313539
0.23472504
0.082807623
-0.089629769
0.15152949
0.11980385
-0.29350692
-0.08915633
0.14166926
-0.52540427
-0.26138163
0.1232198
-0.11050366
-0.30321598
0.0017371243
0.042553265
0.025562679
0.19646478
-0.10979217
-0.20015164
0.092847876
-0.097923458
-0.14337699
-0.12054265
-0.02940538
-0.060698848
-0.18049069
0.38173443
0.23617643
0.11550963
0.404367
0.45730099
0.14268173
-0.011630149
-0.0080908602
0.01927002
-0.082127176
0.030052152
0.18425192
0.24316406
-0.012965441
0.075915635
-0.15745249
0.063113369
-0.022928707
0.18385921
0.13350525
0.094145298
0.22052352
0.38232604
0.19801597
0.18898657
0.026399028
-0.0019953677
0.1985527
-0.1141807
0.040043999
0.06635607
0.019856105
-0.15106674
0.10322467
0.0089863092
-0.052187085
0.0078551276
0.42481834
0.13412924
0.084837936
0.22549492
0.016623026
0.12280777
0.049993902
0.019389732
-0.16380589
-0.22042726
0.085009053
-0.12425124
0.099269636
0.1812098
-0.012784791
0.1334036
-0.063152283
-0.20661382
-0.16095579
-0.18808015
-0.040435344
-0.35439131
-0.53639293
-0.35054165
-0.19601333
0.013169502
-0.089176424
-0.13191915
0.092917636
0.15262513
-0.062594824
-0.10696697
-0.096107312
-0.11029113
-0.065470152
-0.0020038998
-0.13817559
-0.13610335
0.1621794
0.12288325
0.17875452
0.34857458
0.34809437
0.044504762
-0.056378976
0.021672128
0.014449704
-0.23060542
-0.089071825
-0.40483403
0.080113001
0.19951087
0.042244405
0.061754085
-0.021432349
-0.043956365
-0.026284879
-0.19351999
0.043394603
0.13001737
-0.088851824
0.12424846
0.26496419
-0.097017139
-0.2032887
-0.065453038
-0.00033661144
-0.12006279
0.18091591
0.18564335
-0.024065072
-0.38030082
-0.45240793
-0.18178986
-0.44561866
-0.70769465
-0.46566603
-0.007844626
0.14048146
0.12186352
0.13293675
-0.089571275
0.0156531
0.15093751
0.15391329
0.10798075
-0.35972065
-0.065548576
0.018466491
-0.72744364
0.051688593
0.44541189
-0.21997981
-0.21833459
0.15104082
0.054559186
-0.042977564
0.069667414
0.021680946
-0.085912094
-0.21392576
-0.017587071
0.10198115
-0.052299526
0.26307079
0.15949234
0.081263162
0.26248515
0.38855615
0.23662731
-0.084865883
-0.077937208
0.25960177
-0.06750606
-0.15947868
0.22435027
0.017457202
-0.12165797
0.021284247
-0.078005709
-0.047226664
-0.068711042
0.19725643
-0.082362443
0.10166796
0.13923371
0.23547319
0.062777169
-0.12278811
-0.03720092
0.092093311
-0.01188952
-0.021991048
0.046336971
0.060794286
-0.019985342
-0.07103236
0.2825878
-0.07232897
-0.067097597
0.060306355
0.11526503
0.026220473
-0.10781538
0.09773811
0.09732566
-0.05664923
0.18513794
0.12051875
-0.26238215
-0.026625
0.21058419
-0.66528511
0.058052469
0.52739757
-0.28689691
-0.14020455
0.17996737
-0.073643416
-0.045996767
-0.10988601
0.227548
0.032661561
-0.1700491
0.10577266
-0.10248738
-0.20791321
-0.22084825
-0.15468602
0.10362526
-0.19898926
-0.19655065
0.16700263
-0.0044866498
0.10807983
-0.0086109787
0.094847262
-0.10509175
-0.25471929
-0.030362781
0.11389366
0.19039872
-0.069729827
0.051365577
0.25190368
0.097814493
0.097830139
-0.064333111
0.45495811
-0.040907014
-0.25012898
0.22941068
0.13449024
-0.0056657488
-0.03345225
-0.086149886
0.019204857
-0.23976947
-0.024786351
0.077965438
-0.29269046
-0.22604939
0.043349806
-0.024730526
0.014290556
0.14408852
-0.019718591
-0.15631008
-0.055475324
0.32507762
-0.12872548
-0.30294916
-0.18413781
-0.36309201
-0.21996583
-0.19179088
-0.46162921
-0.26541603
0.056560196
-0.30729535
-0.21930948
0.20037873
-0.2216627
-0.12760617
-0.021716546
0.093313418
-0.22141124
-0.25541848
0.09239205
-0.1470827
-0.0254992
0.029169405
0.056002297
-0.045008399
0.099081337
-0.030963928
-0.020948922
0.080057763
0.07225626
0.13830452
0.26901206
0.16286772
-0.055410948
0.0070793652
-0.013357971
-0.49133366
-0.68116999
-0.51029897
0.16408969
0.094821803
0.15619563
0.34444964
0.25591424
-0.21206433
0.061530519
-0.094696678
-0.4090412
-0.11955393
0.1571116
0.15572695
-0.016164208
0.068561442
0.041923132
0.10788686
0.010638943
-0.11323681
0.0071924254
0.065779328
0.12787825
0.26169547
0.31252357
0.039186589
-0.069113247
-0.2371619
-0.18657972
-0.046147414
0.18333127
-0.1379721
-0.15969707
0.31959584
-0.087819636
-0.37987182
-0.11260457
-0.3034825
-0.045857422
-0.22419436
-0.0031717797
0.19337183
0.041875847
-0.10853601
0.20593509
-0.030392483
-0.043853816
0.023903195
-0.22434957
0.005791869
-0.090244412
-0.13080971
0.045840323
-0.085496917
0.046114035
0.11783183
0.11957082
0.021916693
0.078369662
-0.15418087
0.13136669
-0.067862533
-0.64760137
-0.73433995
-0.52190834
-0.14439774
-0.19391972
-0.042860929
-0.016967805
0.023700787
0.066961698
-0.071122959
-0.032028385
-0.073582716
-0.047230072
-0.25273013
-0.033033978
-0.076340251
-0.19026072
0.024005318
0.195117
0.22763005
0.11376229
0.033092882
0.10198386
0.033579819
0.08479324
0.20742379
-0.041922413
-0.051860131
-0.18764147
-0.030840892
0.092892639
-0.0069669429
0.10323864
-0.19774237
0.056818068
0.048260462
-0.079342209
0.13914779
-0.19747074
0.038433157
0.09209647
0.071113229
-0.21254472
-0.29038143
-0.17848781
-0.075997375
0.051685747
-0.024951277
0.1286054
0.029184461
-0.031163231
-0.084023781
0.13825722
0.1929808
-0.43103167
0.0064392104
0.21213686
-0.022767112
-0.033454567
0.011063904
-0.13624574
-0.034749299
0.15497188
0.045185573
0.18742175
0.21354178
-0.25791216
-0.18995492
-0.46095398
-0.065725222
-0.077190198
-0.19878449
-0.0094411019
-0.020749822
-0.13526581
-0.24976923
-0.064318836
-0.069365785
-0.23129518
-0.067099273
-0.10491839
-0.15107846
-0.15072273
-0.18361115
-0.032715812
-0.028331323
-0.082539
0.019031953
-0.046565861
-0.069898494
0.0075099659
-0.0010148335
-0.17598364
-0.13887319
-0.055420246
-0.015905753
-0.067449659
0.025280301
0.06415344
0.14701512
0.13848922
0.067830212
0.030095553
0.047564659
0.16508763
-0.098534293
-0.099674344
0.094319247
-0.28534198
-0.1859532
-0.21070975
0.029556002
0.06249325
0.11770932
0.053856064
0.054489337
0.094613098
0.074057013
0.097247601
-0.0037152714
0.10004457
0.096532673
-0.022310598
0.14870685
0.11823514
0.065822974
0.13739625
-0.018854201
-0.1755245
-0.027706128
0.047015861
-0.087615132
0.065429769
0.12999092
0.049280424
0.045772966
0.17872553
-0.040836949
-0.022856915
-0.020882644
0.098038428
-0.068917282
0.04912192
0.1066926
-0.16447011
-0.1919537
-0.0098948115
-0.042187002
-0.057396792
-0.051315337
0.12527572
0.095304988
0.10465291
0.27959546
0.1071219
0.19230732
0.10796053
0.19236474
0.13275217
-0.14060952
-0.13929683
0.0094332788
-0.26654747
-0.12602665
0.038714483
-0.097845249
-0.0032728817
0.22745465
0.081289113
0.17967708
0.16690966
0.017892124
-0.025523635
-0.13984346
-0.31227916
-0.27681357
-0.22772098
-0.15903769
0.015033557
0.23142281
-0.10349742
0.13055535
0.28199777
0.040783901
-0.0057733026
0.29393816
-0.11374416
0.11282783
0.26351348
-0.31673181
-0.068245433
0.13761222
-0.08127524
0.11670326
-0.050663877
-0.19318071
-0.020866046
0.13750273
-0.092462458
0.097907595
0.12286334
0.21675986
0.31340879
0.18217471
0.14603925
0.21039627
0.29662743
0.1027865
-0.15264334
-0.12435244
-0.093042023
0.15540266
-0.095166013
-0.11715168
0.018985981
-0.24999128
-0.13336843
-0.093655065
-0.24002968
-0.18924113
-0.22845976
-0.12408983
-0.0043643657
-0.17158453
0.017016314
0.12696986
0.098938167
0.27909687
-0.31592253
-0.033179849
0.18148027
-0.34257114
0.19742836
0.36181846
-0.14231339
-0.14280677
-0.026068438
-0.19986317
0.27718502
0.12437763
-0.21462092
0.36640137
0.12433696
-0.31681639
-0.16732633
-0.14090851
-0.24142101
-0.26011553
0.21260291
-0.10979882
-0.15444857
0.32572392
0.23761947
0.062312156
0.062772594
0.25122863
0.030251481
0.033356156
0.22223298
-0.0066452329
-0.018678972
-0.066125281
-0.063648149
0.036327202
0.033427034
0.16434614
0.23191452
-0.11763251
0.029675705
-0.048560638
0.26999521
0.053445663
-0.020225981
0.16789722
0.20385906
-0.043266989
0.17580432
0.17411302
-0.035402022
-0.055589993
-0.13895233
-0.041237183
-0.09644939
-0.045610789
-0.064844504
0.03103905
-0.067345843
0.016043581
-0.034361776
0.09146367
0.18690084
-0.24408805
-0.087790169
0.0093130087
-0.13994341
-0.12403916
0.011753649
-0.0072401627
-0.069273196
0.055581652
0.12481639
-0.10506026
-0.11096865
0.14658521
0.11145312
-0.02776837
0.096958384
0.1842974
-0.10224846
-0.05970642
-0.19103962
-0.097575866
-0.061412714
-0.19458741
0.054960933
-0.22091419
-0.10405182
0.20779791
0.0059603485
-0.071922354
-0.079752699
0.0070232158
0.20839602
-0.14045936
-0.04982233
-0.01960622
-0.088763066
0.22648604
0.11933884
0.050318681
-0.061898403
-0.077857263
-0.12518051
-0.19354619
-0.18177235
-0.36220735
0.11370259
0.10311425
-0.034376383
0.28159663
0.1217565
-0.31936947
-0.019454021
-0.15819086
-0.14467828
0.014392383
-0.011479626
-0.17370459
0.049427312
0.11590952
-0.30060014
-0.15864559
-0.016488288
-0.20560642
0.039600808
-0.032754794
-0.19351722
0.17164245
-0.048779029
-0.28470677
0.19070426
0.027198236
-0.0047196141
-0.20429613
-0.093866073
0.062113062
-0.04278956
-0.079285577
0.12290174
0.10069998
-0.061726537
-0.057396848
-0.11516339
0.16644253
0.15836483
-0.092234842
0.14662196
0.11058765
0.10770322
-0.024354495
0.0099537047
0.15581997
0.09103673
-0.085839003
0.075715594
-0.0095174033
-0.11501544
0.031252913
0.059216093
0.12573092
-0.008876143
0.010969304
0.28026831
-0.093925104
0.0085921446
0.1246397
0.12230703
-0.10187095
0.14391148
0.077922195
0.23352057
0.082742684
-0.12925167
-0.059300177
0.1152378
0.020358421
0.024268676
0.22912571
0.10786194
0.0084856721
0.037998974
0.148931
-0.03055026
0.047474518
0.058736213
-0.070552945
0.030947948
0.30913457
0.070865072
0.037084538
0.11281243
0.055657264
-0.19158894
-0.14940166
0.086369365
-0.016684581
-0.35093069
-0.21731389
0.015890729
-0.13505274
-0.016484296
0.082914963
-0.028128648
0.038969375
0.084007256
-0.0722403
-0.096192174
-0.08079309
0.118799
0.06994769
0.005068108
0.041822385
-0.10580587
-0.21211006
0.18248396
0.026660496
0.088011533
0.02845658
-0.046066057
0.061201945
-0.054396149
-0.13444683
0.018380567
-0.4271279
-0.47083756
-0.14609744
-0.15935187
-0.14392672
0.1964335
-0.047815762
-0.016168717
0.1139475
0.07992775
0.02117702
-0.081117988
0.058783364
-0.042987525
-0.20236975
0.1458113
0.15593469
-0.080964118
0.038265429
-0.052746873
0.0054534446
0.022187909
0.047723316
0.046115201
-0.20275767
-0.011609525
0.0061454959
-0.24273527
-0.33902079
-0.078509755
-0.36361015
-0.40575203
-0.04529709
-0.19142789
-0.064096183
0.0016154016
-0.081417531
0.081755556
-0.020738449
-0.06534557
0.27189448
0.067735128
-0.053487968
-0.04267735
-0.031688385
0.069096699
0.00075133052
-0.097904302
0.048807103
-0.009805535
-0.018381478
0.078815542
0.036007877
0.063320525
-0.069241986
-0.037529007
-0.079384334
-0.085376829
-0.013304921
-0.10825923
0.08194951
0.19683693
0.17780693
-0.034598585
-0.25728491
-0.26466602
0.0026022845
0.050882146
0.11623568
-0.0036602274
-0.029486025
0.25235751
0.063685358
-0.005125165
0.0011104763
-0.0093259169
0.14055632
0.032072272
-0.025673565
0.14913002
0.13736078
0.026093012
-0.080966011
-0.1256904
0.040061973
0.15012939
-0.054947671
0.12343733
0.09606187
0.29762369
-0.053761136
-0.25265026
-0.094667144
0.070607759
-0.25501847
-0.094441593
0.052939314
0.096214235
-0.012531607
0.135252
0.005860616
-0.19374351
0.041905642
0.3358036
0.18616991
-0.030703416
-0.26156697
0.15913869
-0.048431348
-0.27739599
-0.12876171
0.044477426
0.31050044
0.032509141
-0.021507714
0.15086427
0.10448461
-0.20997851
-0.1489768
-0.049173761
0.06925267
-0.05941258
0.011588261
0.22514212
0.10718249
0.12068805
-0.11732676
-0.14929783
-0.022773953
-0.14092435
-0.041987941
0.049627431
-0.21272205
-0.12688722
-0.088347822
0.30533129
0.23591086
0.27426037
0.011968859
-0.18712172
-0.12199982
-0.16323565
-0.25475258
-0.26554975
-0.24227495
-0.15167961
-0.12224407
-0.047853298
0.024670152
0.071706221
0.27276531
-0.062558793
0.067813247
-0.011054204
-0.19276667
0.094535768
0.11792029
0.026581356
0.012671257
0.3009285
0.16006899
-0.030347576
0.14032744
0.042295795
0.082979873
0.018563971
-0.027826717
0.13289261
-0.089815572
-0.090394549
-0.093841754
-0.12840091
-0.36290538
-0.079762585
0.13993475
0.092361756
0.085797079
0.25991663
-0.023145027
-0.16275917
-0.15819988
-0.18852848
-0.028944142
0.15948416
0.01262667
-0.18629855
0.083070919
-0.063867599
0.084274247
-0.37658024
0.2661978
0.51285791
-0.48380968
-0.41538662
0.39521775
-0.20264207
-0.34197351
0.054006141
-0.033809651
-0.033604749
-0.0041530109
0.013957866
0.0068139629
0.15881532
-0.10107671
-0.07268656
-0.12360343
0.070023328
-0.058198486
0.10465331
-0.17920658
0.0064049494
0.17684433
-0.096553251
-0.045180887
0.14328818
-0.19410461
0.10592895
0.054316536
-0.14721894
0.085082777
0.12188626
0.065504178
-0.027905049
-0.11598118
0.072589383
0.17949282
-0.033119265
0.071879096
0.24084611
0.2302614
0.12921719
0.020712469
0.21280812
0.12741236
0.1373674
0.041031092
-0.2713761
-0.0060566808
0.12544595
-0.19470598
-0.15274836
0.030375849
-0.33785674
-0.19016945
0.27163112
-0.052986313
-0.31329846
0.10078438
0.10720053
-0.073466755
0.089541122
-0.29640329
-0.019147433
0.20370361
-0.51981252
-0.42998642
0.10049486
0.0053007482
-0.0099482089
0.061640747
0.01257708
-0.033902202
-0.1279197
0.055887878
0.069842353
0.022596166
0.11793821
-0.012064015
-0.19547521
-0.19956192
-0.2411579
0.29982251
-0.18520984
-0.32046673
-0.084516123
0.0050288951
-0.19832212
-0.24345466
0.26316544
-0.06926772
-0.37013274
0.29666454
0.074914582
-0.22411007
0.25519684
0.065947153
-0.14219356
0.12565075
0.19444826
0.097978309
-0.0815816
0.050118491
-0.0097502107
0.08884187
0.019347789
0.026799435
-0.12058723
0.27726737
0.29311991
-0.23727287
0.17475389
0.3852782
-0.33632627
-0.18836203
0.04380016
0.17705211
0.012801513
-0.13376637
0.0025193258
-0.15094408
-0.086421013
0.011650458
-0.025512464
-0.18059389
0.073137581
0.13172969
0.23421255
-0.39165857
-0.42628461
-0.091191322
-0.026192186
-0.074341714
-0.043619163
0.17555335
-0.094250597
-0.083289064
-0.053132776
0.1066498
0.073234051
0.035602316
0.085324652
0.11552922
0.10178071
-0.2010863
0.12417948
0.13371466
-0.13089898
0.20627233
0.12751248
0.19450071
0.068400107
-0.21807648
-0.37399742
-0.13624074
-0.11197617
-0.28761384
-0.14634587
-0.11805733
-0.37670788
-0.21168393
-0.093799926
0.16525112
0.090422451
-0.2073376
-0.27513155
-0.063520126
0.07066384
0.071845464
-0.039665762
0.10711557
0.1007573
0.13844492
0.14754705
-0.23547022
0.039589036
0.10952398
-0.18048894
0.0077704578
0.022174375
-0.12095628
0.06816753
0.24083532
0.13979977
-0.20938398
0.23274058
0.068284534
-0.13190064
0.022293011
0.16183238
-0.21073766
-0.41452873
-0.47813556
-0.17678693
-0.033040375
0.11306591
0.037464999
0.055754978
-0.1784568
0.15529621
-0.038914926
-0.23180057
0.20661055
-0.10159569
-0.12695785
0.096602716
0.2188691
-0.25287309
0.076351166
-0.33108157
-0.20573181
-0.036923859
-0.18537274
-0.093002342
-0.061655901
0.23386486
0.36880183
0.094888687
0.32852608
0.42414469
0.12114568
-0.16406418
0.073987596
-0.16154028
0.16198006
0.00029079118
0.1514477
0.083294317
-0.062219374
0.023957565
-0.089953385
-0.034569461
-0.093623154
0.042341415
0.11903287
0.17363605
0.27432013
0.26398763
0.087309971
0.076516949
-0.034542017
-0.24030423
-0.078077629
0.1195579
0.19239521
-0.25410742
0.43087193
0.3048763
-0.16566202
0.085068822
0.11967929
-0.058572263
0.087869525
0.03497833
0.012284121
-0.049324363
0.053662363
0.0090233879
-0.014542977
-0.017891346
-0.20234579
-0.15363933
-0.027217325
-0.19381772
-0.2703352
0.012901931
-0.054702975
-0.11363248
0.018250735
0.1845125
0.057368044
-0.14066269
-0.019937672
-0.20165251
-0.23943128
-0.01427201
0.18452485
0.099195175
0.59085715
-0.036295146
-0.30099228
0.49062827
0.15041138
-0.32100457
-0.059249315
-0.18772545
-0.13940635
-0.018090827
0.06153312
0.030617779
-0.039683826
0.19308235
-0.080939859
-0.27078485
-0.18863295
-0.18437073
-0.14497995
-0.22971678
-0.11016966
-0.072941609
0.0070746732
-0.1703418
0.23588043
0.29215428
0.10682103
-0.0056494758
-0.10251838
0.02412013
-0.11882409
-0.064611904
0.12828936
-0.10646832
-0.0057188454
0.13641916
0.11313269
0.081318855
-0.028010618
0.10744085
0.21155596
-0.10020418
-0.045499705
0.11403769
-0.1140809
0.074008591
-0.15287904
-0.024583932
-0.2070463
-0.037104573
0.092337795
-0.15166633
0.067334071
0.16232234
-0.040755115
-0.12499078
0.079588749
0.13090324
-0.001073136
-0.037279028
0.29321572
0.20636161
0.051095638
0.088334799
0.012979
-0.0027690227
-0.028652694
-0.097605631
-0.031086948
0.090621144
-0.044128396
-0.052016959
0.14028884
0.28835356
0.080538511
0.10200647
0.1308282
-0.191936
-0.13308907
-0.26113558
-0.11119276
-0.22127952
-0.30019838
-0.083873168
-0.022472413
0.022482084
-0.0010413917
0.19755138
0.11479011
0.047311515
-0.11945983
-0.19933194
-0.041132636
-0.1918997
-0.11394542
-0.071200132
-0.14987673
-0.19941062
-0.066914216
-0.090217806
0.038091809
0.11386449
-0.13322166
-0.053485654
0.070314407
-0.11691666
-0.089849725
0.14282471
-0.071686625
-0.12920843
0.14160709
0.11593267
-0.01786954
0.054900907
0.13283679
-0.030805724
0.16127944
0.19342248
0.10603269
-0.065494724
0.14438391
0.10886927
-0.0064663361
-0.12619378
-0.036856633
-0.10786199
0.16865714
0.080669999
0.02384147
-0.1209868
-0.0049938867
0.13574375
-0.1614985
-0.10625754
0.057314042
-0.093151182
-0.10433308
0.13506922
0.13381842
0.026254807
-0.14220543
0.18610378
-0.066530041
-0.25103873
-0.099645585
0.095032685
0.19216806
-0.042908218
0.02904959
0.27062348
0.019127266
-0.023372494
0.18064289
-0.016500933
0.076821074
0.066579424
-0.024582246
0.0077533931
0.18473127
-0.11850747
-0.090268187
0.072564796
-0.22520311
-0.11837025
-0.025161026
0.13905384
-0.047824062
0.08129584
0.16885932
0.059302039
-0.0004084321
-0.010652731
-0.31344414
-0.4356117
0.48388761
-0.32912317
-0.53475535
0.33088389
-0.034498513
-0.41156527
0.021371562
0.067556709
0.064965993
0.016727734
0.07010179
0.15000157
-0.041161198
0.0087033417
0.010189439
0.015530055
0.037101839
-0.18177772
0.40401974
0.07616248
-0.31211492
0.11887297
0.13905232
-0.023667447
-0.42746451
-0.44496155
-0.04946341
-0.096368611
-0.17830689
0.40227404
-0.029053615
0.14966224
0.016362086
0.13572124
0.042913839
-0.055711199
0.20365821
0.080170885
-0.089454435
0.013754718
0.19840841
-0.021811351
-0.1345856
0.023772044
0.2597796
-0.17378855
-0.056595825
0.068587825
-0.17361149
0.10800969
-0.093683489
-0.21299908
-0.26467666
-0.37357259
-0.012987793
-0.32987592
0.16059643
-0.10215767
0.014393744
0.10420464
-0.014746252
-0.059926465
-0.063778646
-0.14122483
0.093326814
0.0028663429
-0.022308623
-0.10541156
0.092500739
-0.013592256
0.2073247
0.111256
-0.23722154
0.053907521
-0.08554092
-0.15644558
0.0066644945
-0.119799
-0.095810488
-0.20106067
-0.084759928
-0.13679375
-0.003986428
0.11172362
-0.087148406
0.053329643
-0.078150399
0.052018322
-0.083889775
0.046861596
-0.046217427
0.032968722
0.32880199
-0.074937478
-0.041559134
0.12878253
0.0027608883
-0.13768391
-0.01371342
-0.015663637
0.059271842
-0.16235712
0.056760263
0.040690169
-0.072050758
-0.24199116
-0.20121457
-0.060995977
-0.3508839
-0.2421965
0.53863043
-0.32875952
-0.056148175
0.31646806
-0.17897858
0.014596538
0.12943225
-0.23022334
-0.37958378
-0.018958116
0.10318252
0.031448402
0.055123638
-0.059527822
-0.0598315
0.072064176
0.12413625
-0.039200023
-0.1019962
-0.044790372
-0.086764127
0.0085299723
-0.073011301
0.044282008
-0.066877089
-0.023230493
-0.033950973
-0.16802116
-0.0020172785
0.01795386
-0.091323212
-0.03101081
0.091118447
0.12050167
0.028752528
-0.15573183
0.083859608
0.091552384
-0.033238027
0.067539439
-0.037177995
0.082709469
0.0026964387
0.097396515
0.27204117
0.20124285
-0.37625107
-0.3004126
-0.28778428
0.065245673
0.039829172
-0.12996989
0.0086526619
0.1462912
-0.077972345
0.0055308682
0.07048478
-0.071198754
-0.016917648
0.090735003
0.16845179
0.088087074
0.26069438
0.14909545
-0.01014173
-0.097948484
-0.1978168
-0.0222988
0.037523843
0.11770409
-0.029915899
-0.041288119
-0.052852213
0.072731405
0.12328508
0.0045876447
-0.0028846345
-0.074966781
0.011699999
0.035368361
0.069824286
0.080219157
0.0035623265
0.036548924
0.014406166
-0.013048295
0.059090734
0.027074628
-0.015111851
-0.10989902
-0.031259637
0.064586736
-0.072160482
0.087950245
-0.039457373
0.071957417
-0.029832685
-0.13776082
0.057331994
0.005332591
-0.15641248
-0.054052401
0.021205384
-0.24494819
-0.34019026
-0.19248295
-0.27008632
-0.42215931
-0.17009982
-0.056284141
-0.031246684
0.013725949
0.08821933
0.095647559
0.17932956
0.10869385
0.028906168
0.11528123
0.0003961008
0.018695539
0.028874643
0.16459994
0.063187614
0.12548847
-0.047937881
-0.14880094
0.16975822
-0.057344686
-0.0098569058
0.030019641
0.061909121
-0.12234773
-0.11977694
0.059059929
-0.20182179
-0.11882611
0.054598149
-0.021812379
0.07267727
-0.10655476
-0.090855509
0.14522535
0.10091425
0.10005036
-0.044367686
-0.013297071
-0.001181878
0.010266892
0.18871063
0.24303769
0.083171912
0.12071665
0.020706689
-0.066305712
0.21286745
-0.057349604
-0.10974444
0.15239669
0.048040777
-0.32503206
0.24105832
-0.017289542
-0.31512529
0.34125072
-0.14307217
-0.20142333
-0.030403176
0.0052394932
-0.039373096
-0.12752289
-0.079363041
0.046984319
-0.19003782
0.0011620214
0.14093412
-0.15455225
-0.14327779
0.060920488
-0.051594887
-0.29048228
-0.17422874
-0.25678653
-0.17780401
-0.053119063
-0.092491508
0.11272433
-0.12156343
0.12756957
0.15746652
-0.028498566
0.028844269
0.05952454
0.093371525
0.038913067
-0.17669611
0.007030196
-0.012039512
-0.20262116
-0.077161223
-0.36520934
-0.2206886
0.1073644
0.065713368
0.06772124
0.031611815
-0.080813952
0.028727284
0.18077686
-0.24702118
-0.030621311
0.26530045
0.071142942
0.036943108
-0.1634119
0.040725261
-0.16427855
-0.21733193
0.117617
-0.093528748
0.055125013
0.19079797
0.13945417
-0.067530669
0.26861817
-0.053722754
-0.31544092
0.11834572
-0.0089099752
-0.19037841
0.02507697
0.075634696
0.23637405
-0.30159962
0.0024824401
0.26462203
-0.31027696
-0.023209497
0.0072128838
-0.12779996
0.1202698
-0.065939285
-0.12732887
0.063669488
-0.058029413
0.042875022
-0.045256589
-0.15355158
0.0084995739
-0.064205028
-0.15077201
0.14365235
0.010565649
-0.1763234
0.27414113
0.17067343
-0.018678371
-0.040854733
0.017641632
0.079172
0.065583572
0.2427898
0.32646489
-0.13610499
-0.032404389
0.037980374
0.080878563
0.01638416
0.003638759
0.072421201
0.14915611
0.016223369
-0.017535184
0.046044298
-0.15452135
0.12878247
0.069600455
-0.19955425
0.14177479
0.28923061
0.058990441
-0.099497825
0.017187966
0.031565305
0.092314869
0.065703645
0.17573492
-0.17461741
0.11287551
0.3081769
-0.17434977
0.078095078
0.031985495
-0.077129096
0.10300135
-0.026719507
-0.30361322
-0.038269319
0.046147842
-0.21484087
0.16889085
0.046939176
-0.052043013
-0.11045471
-0.14454129
-0.33545503
-0.19268303
-0.3010686
-0.15446632
0.0062054461
-0.11265279
-0.1986361
-0.18888351
-0.14778337
0.020483952
-0.027337577
-0.039461147
-0.066897847
-0.0041503995
0.048733279
-0.3485747
-0.041359659
0.20556204
-0.25509256
-0.070825182
0.20152587
0.06860435
0.19607769
0.32003373
-0.0073103844
-0.11894538
0.031834658
-0.17791358
-0.098098092
-0.036417384
-0.15450612
0.13420054
0.048872262
-0.40373597
-0.15616745
-0.054958571
-0.11282164
0.21020864
0.23982629
0.37241295
0.27757564
0.25692853
0.15700017
-0.084693842
-0.24651225
0.0035562848
-0.056189515
-0.24815686
0.23693095
0.14480355
0.065580539
-0.048227131
0.12955488
0.138118
-0.4070833
-0.29493624
-0.29920968
-0.28347999
-0.058543451
-0.026180273
0.086435266
0.19789015
-0.00051302841
-0.29538402
0.24729803
-0.059532158
-0.097347334
-0.027126001
0.045508768
0.10629881
0.14282581
0.0026481643
0.28385621
0.30891338
0.141322
0.135079
-0.034120046
-0.050287955
0.0060003307
0.092953674
0.066253863
0.09544526
0.12027192
0.092709176
-0.16595288
-0.1816117
-0.21760841
0.036125183
0.079956442
-0.011187511
0.18807183
0.21359409
0.19026932
0.012262306
-0.20910406
-0.12548314
0.026475431
-0.15061484
-0.13526277
0.35592604
0.04682197
0.075986803
0.22033735
-0.0073892446
0.15485696
-0.014398384
0.13506678
0.051537849
-0.059063558
0.054378916
-0.15954319
0.24331094
-0.053117152
-0.11687477
-0.059401404
-0.15719765
0.068974651
0.020841124
-0.071463883
0.01866566
-0.21785386
-8.7540517e-05
-0.23531552
0.39500406
0.1242695
-0.21505757
0.25603372
-0.2228611
-0.34739989
0.098257676
-0.0006257288
0.049796492
0.051861715
-0.0054475646
-0.13974357
0.12444606
-0.04046173
0.019689895
0.11557955
-0.20117722
-0.12082701
-0.099740654
-0.38570136
-0.10308117
-0.10523234
0.0021725097
-0.09005031
0.068934992
0.02991358
0.14381987
0.1399965
0.0096138967
0.17056617
0.12075323
0.019096397
-0.026452592
-0.18026631
-0.20701371
-0.27890626
0.098036759
-0.3729867
-0.12748112
0.51303583
0.07377734
-0.23518148
0.25772405
-0.0075493385
-0.038936187
-0.35546017
0.19760133
0.10400432
0.0038348821
0.06779965
0.0048860065
0.25718766
0.28365535
-0.046542294
0.044657566
0.033963144
0.16100055
0.29798907
0.11159208
-0.1824868
0.1506262
0.0016708573
0.13731639
0.1273455
-0.096118227
0.010007839
0.14688638
-0.12903509
0.18641643
-0.00022188404
0.022311293
0.063456886
-0.16109708
-0.10661587
-0.50162178
-0.03905287
0.23909128
-0.06847769
0.14075156
-0.34970599
0.15456718
-0.30453122
-0.87635648
-0.18713373
-0.020734573
0.49468091
0.21990721
0.11562359
0.24373637
-0.027860604
0.148055
0.35982731
0.16941226
-0.062331505
0.11074934
0.17570487
-0.16197786
0.045043495
-0.052004315
-0.15624581
-0.12762673
-0.002211717
-0.35788769
0.010656703
0.15071261
0.020643651
-0.022793589
-0.085342743
-0.051592581
0.038289975
0.042455003
0.0091822231
0.040957078
0.04645152
0.13891609
0.16150895
-0.053094067
0.020406475
-0.14729215
0.21345188
-0.066288643
-0.014561705
0.20750622
0.25161096
0.09121947
0.0706155
-0.1863284
-0.11285752
-0.12265206
-0.18078482
0.066877529
-0.10718358
0.14770867
0.38136587
-0.039900221
0.058015063
0.84402198
-0.14373405
-0.042518001
0.26559213
-0.16451736
-0.073999159
-0.84241337
-0.089118786
-0.040321983
-0.30089307
0.023653502
-0.21896841
-0.0047712028
0.40279508
-0.081986137
0.14699562
0.28021324
-0.12622884
-0.19669336
-0.40530917
0.12930463
-0.17208496
-0.0091035357
0.046974972
0.026434936
0.38794756
0.14409679
0.29847023
0.10853177
0.13583529
0.14578816
0.16827592
0.11480577
0.10416807
0.05749831
0.05034516
0.033995837
0.063864037
0.21243373
0.28724068
0.16985402
-0.033139098
0.12190816
0.07036373
-0.14258303
-0.043014582
-0.039551601
-0.098334
-0.0361594
-0.24814017
-0.069980465
-0.11303744
-0.21656318
-0.062591247
0.087983921
0.073173299
-0.021914111
0.027719695
0.11791487
0.050551232
-0.044995449
0.070357785
-0.04457137
0.018710721
-0.073858283
0.10643158
0.16464244
-0.039284382
0.11336716
0.093626589
0.056488298
-0.054095425
-0.064622484
-0.12508918
-0.15152347
-0.13148689
-0.17760871
-0.17685914
-0.21707235
-0.22860117
-0.11760774
-0.036340892
-0.22001523
-0.032133024
-0.041172788
-0.18137419
0.06600187
-0.015675336
-0.16938762
0.11049604
0.050963182
0.1308305
-0.17682223
-0.082100764
-0.055703212
0.038502265
-0.0022040985
-0.032162219
-0.056543935
-0.083385378
0.030642876
0.13595392
0.18764313
0.2032831
0.09180516
-0.0041756821
0.12894258
-0.015867995
-0.050548367
-0.11960587
0.059804194
0.0029757696
-0.050278906
0.071120307
-0.078306913
-0.04016199
0.082449652
0.07901001
0.10848478
-0.017901419
0.050175756
0.048253026
-0.22946921
-0.13546956
-0.17722064
0.033581704
0.031143179
-0.061554875
-0.026827957
0.18293759
0.18562752
0.027622169
0.024995865
0.18892162
0.051830154
-0.040568504
0.080205955
-0.038082279
-0.062538899
-0.026805881
0.12378956
0.078882612
-0.047283027
0.03071353
0.08945936
-0.016803021
-0.04757297
-0.00068099098
-0.085160449
-0.036341127
0.017462868
-0.072646596
-0.082756698
0.042864643
-0.13144727
-0.19981581
-0.019099966
-0.23863253
-0.22954609
-0.038460363
-0.17416753
0.058546528
0.0060301833
-0.0059861196
0.18067811
0.017188653
0.11459117
0.018916434
-0.073311158
-0.070463903
0.25269818
-0.12705213
-0.18817838
0.26395831
-0.19907275
-0.36277848
0.15131825
-0.032079563
-0.15650477
0.042088892
-0.02632351
-0.16657394
-0.044425379
0.13363943
0.023350164
-0.038355265
-0.0042184866
-0.18066156
0.050643533
0.20925033
0.067243293
0.14739621
0.3957746
-0.17095482
-0.014179947
0.032612473
-0.24100369
0.16551785
-0.14572094
0.13067761
0.21923831
-0.24815929
-0.16855213
0.45844343
-0.15303132
-0.2495281
0.20059201
-0.035933834
0.1287441
0.26291561
0.30854288
0.012388513
0.12321942
0.15340059
0.019314338
-0.086278632
-0.1405025
-0.13422614
-0.019115007
-0.10045846
-0.16414733
-0.025846526
-0.13482603
-0.16716687
0.047015641
-0.11574852
-0.089618169
-0.010415778
-0.031908575
-0.19133407
0.1553867
-0.055458724
-0.015573646
-0.16711028
-0.2272574
0.02892085
0.49123621
-0.19693784
-0.46806651
0.13295449
-0.12670922
-0.18424498
0.04206438
-0.14434005
0.014903553
0.05393381
-0.16489537
-0.059107635
0.028365288
0.010246391
0.046327237
-0.021289784
-0.19798942
-0.1188287
0.11924928
-0.2272713
-0.0024615724
-0.079456136
-0.3166444
-0.068329476
-0.23267555
-0.081410922
0.23101224
-0.53269887
-0.14924307
0.31026745
-0.49732977
0.072665155
0.3879045
0.13485932
0.39044878
-0.17329659
0.25581455
-0.25437918
-0.079779088
0.14840503
-0.06697651
0.062669836
0.21612757
-0.11003502
-0.24520512
0.52736109
0.082884081
-0.42643562
0.23057608
0.16375203
-0.28466412
-0.14665844
0.15183759
0.07821212
-0.1034386
0.16933033
0.14821307
-0.18911302
-0.12917116
0.019006943
0.035464354
0.044584561
0.057569291
0.2101645
-0.16581813
-0.23313031
0.18356669
0.092130683
0.026028702
-0.0052437987
-0.095511988
0.03940453
0.14585871
-0.15702292
-0.14848965
-0.20170462
0.081291266
0.053571936
-0.052053612
0.063965872
-0.070295565
0.02636601
0.19171049
0.020565137
0.18998681
0.013416349
0.0287771
0.097655155
0.028591642
0.041391414
0.0099705933
-0.12736812
-0.1654571
0.093414932
0.10757206
-0.036130868
-0.028996214
0.031183038
0.26297903
-0.12179931
-0.25269693
0.088006854
-0.064944513
-0.42556605
-0.43299711
-0.061164111
0.069077723
0.1726148
-0.3854273
0.19984367
0.19742352
0.074170776
0.064568199
-0.15296672
0.095745154
0.048613448
0.12439577
-0.046806566
-0.23018049
-0.039020259
-0.096592635
0.0049714637
-0.064175032
-0.026176039
0.23085487
0.20303652
0.11236522
0.15144205
0.040660664
0.37019673
-0.29730693
-0.35013464
-0.073333301
-0.027652357
0.18180647
-0.010424232
-0.010193038
-0.11444414
-0.15797779
-0.077961504
0.027132766
-0.31033069
0.057050455
0.39000702
0.028099217
0.13033429
-0.3672722
0.099361621
-0.33236542
-0.1747347
-0.034238324
0.17412446
0.092313908
0.12850679
0.08435265
-0.27243832
-0.052097641
-0.40836528
-0.58070362
-0.21528247
-0.081009187
0.17714284
-0.13192055
-0.11101744
-0.033686738
-0.10062035
0.11472604
0.076592579
-0.11696699
-0.22064984
-0.08944799
0.059820745
0.11296198
0.41351008
0.097269177
0.20685233
0.30836615
-0.15935351
0.10254566
0.042026363
0.45988733
0.25206459
-0.67757398
-0.047228232
-0.36333254
-0.6873492
0.071853302
0.050124787
-0.09262576
-0.10021726
0.11428697
-0.0055487747
-0.028577188
0.021354126
-0.17198169
-0.21671031
-0.28803226
-0.19134587
-0.40031219
0.10529327
0.10536305
0.053489015
0.53628808
0.013337828
-0.091005877
-0.041490536
0.031958304
0.26442415
0.3706997
0.031531539
0.42012683
-0.075963937
-0.61566079
-0.1578721
0.018894849
0.22707617
0.17261246
0.34800839
-0.072162949
-0.0076854629
-0.46634731
-0.61082262
-0.06851317
-0.1442478
-0.09808737
-0.090375565
-0.10426788
0.031896453
0.057529658
-0.14530911
0.049619336
0.074787885
0.13691226
0.047576699
-0.0033436134
0.074127138
-0.068842605
-0.17613235
-0.1331808
-0.16547151
0.070238873
0.055152871
-0.044522487
0.11801276
-0.0017863872
0.093451366
0.094858721
-0.02927383
0.025818227
-0.0041747508
0.070822217
-0.18842283
-0.059202451
0.068839677
-0.05407948
-0.054922417
0.040052686
0.17121086
0.062247958
-0.013109003
-0.011574695
-0.14394005
-0.23711677
-0.12422675
-0.28986332
-0.38409299
-0.15157914
-0.015125044
0.022655061
-0.013141703
0.029840682
-0.11955293
-0.10303151
-0.024113227
-0.067758091
-0.016600583
0.026120113
0.20458607
0.19215818
0.17803602
0.00096405711
0.079233207
0.25631952
0.12873462
-0.023748705
-0.21912265
-0.13245839
-0.25893241
-0.13054134
-0.13183314
-0.25725466
-0.055573788
0.030271448
-0.094748937
0.0016446145
0.16488667
-0.019138191
0.16103543
0.13660057
0.063232824
-0.12456611
-0.0039057739
0.11676626
-0.053792033
-0.091328681
-0.037503496
-0.22902746
-0.11337888
-0.083258733
-0.095035836
0.047328554
0.015389789
-0.015063531
-0.0076202312
-0.070845164
0.014256482
-0.057463784
-0.043128707
0.048363879
0.096120685
0.011575951
0.0026229825
-0.035073459
0.10574032
-0.083870143
-0.042989001
0.058836263
-0.014521155
-0.050575666
0.078398615
0.2014439
0.12372411
-0.1809258
0.041472983
0.05365283
0.18873613
-0.040258728
-0.13367997
-0.11618026
-0.29717445
-0.25689888
-0.2123158
-0.26633799
-0.028295189
-0.067142725
0.20603709
0.42457995
0.24358638
0.21296248
0.25375634
0.060406037
0.20240511
0.16930443
-0.011988542
0.083414838
-0.18209191
0.031806748
0.1715755
-0.15085007
-0.17761195
0.11150521
0.030207694
0.040806957
-0.0086231781
0.032023154
-0.064773552
-0.018688232
-0.066294156
-0.13699916
0.054015346
0.013328537
-0.05764132
0.13672726
0.11431359
-0.057405442
-0.10295988
-0.049834833
-0.027064074
-0.077834159
-0.06710247
-0.066231564
-0.10280991
-0.014984566
-0.057054102
0.050269816
-0.010666311
-0.14248927
0.096653253
-0.10805423
-0.13386559
0.0048150686
0.046615086
-0.013335782
-0.20900503
-0.17585488
-0.25536808
-0.21165435
-0.25395459
-0.02002676
0.057312891
-0.019938814
0.10555547
0.06899038
0.1022657
-0.014605925
0.040899284
-0.10426527
-0.098843597
0.12662888
0.0077077183
0.087253846
0.087750979
0.14130066
-0.003514946
0.051214088
0.079816662
0.032007836
-0.058949139
-0.02044061
-0.0096250121
0.19637021
0.16019905
-0.038650364
0.16685677
0.056217138
0.056155872
0.079725303
-0.039538704
0.046987329
0.089249887
-0.070844464
-0.048074756
0.065893576
-0.079893701
0.12946333
0.090767525
0.0070350436
0.041886188
0.023993488
0.071359143
0.11600905
-0.092598669
-0.1080827
-0.053173017
0.055900678
0.0737404
0.063161142
-0.11583348
-0.067106761
-0.10473296
-0.088633202
-0.13493393
-0.089879252
-0.055406604
-0.086436994
-0.26080391
0.19379634
0.13489123
0.056867223
0.23256707
0.14152919
-0.10735849
0.087605804
-0.039100051
-0.22054207
0.024658853
-0.078639574
0.0043954998
-0.069676846
-0.12937848
0.16780846
0.09292008
0.13017823
0.11436836
-0.027360378
-0.029712044
-0.093026839
0.0092747817
-0.026896538
-0.07818044
0.09047801
-0.055672791
0.058056019
-0.19393446
-0.10670973
0.043391131
-0.44763711
-0.23359497
0.14881922
-0.039545529
-0.053021871
0.22323604
-0.0060609835
0.10422479
0.092278779
-0.012304231
0.073536351
0.02182021
0.004914531
-0.0064021647
-0.031758208
-0.042506192
-0.08491686
0.092899993
0.0089278622
0.020450221
0.086161911
0.048275895
0.14548726
0.082200907
-0.16094083
0.091006227
-0.18240218
-0.045787182
0.11332072
0.0035740486
0.17980596
0.33732495
0.051128365
0.17435844
0.20037094
0.30146727
0.33878443
-0.0027689331
-0.0019693365
0.19638304
-0.12037061
-0.19496535
0.027980026
0.10274944
0.072494507
-0.23091696
0.21295838
0.31911629
-0.28837779
-0.19006303
0.14520127
-0.086769633
0.052752025
-0.15259361
-0.22411501
0.2181406
-0.067381203
-0.30615199
-0.095488936
0.1346231
0.11720937
0.16772193
0.037466649
0.022530705
0.072491273
0.24208
-0.069018222
-0.13723013
-0.1212877
-0.10379877
-0.057139613
-0.16308603
-0.058389608
0.021632483
-0.062593132
-0.19175771
-0.19485512
0.14348336
-0.312484
0.18024807
0.42900553
-0.26334119
0.034904331
0.38512921
-0.18377763
-0.16615756
-0.070822306
-0.19172858
0.045322862
-0.10833422
-0.29934227
-0.0024906758
-0.023744917
-0.15924701
-0.0027052367
0.18195955
0.20386726
0.26693556
0.23847203
0.17504653
-0.10519804
0.056519002
-0.14706713
-0.46513924
-0.26111975
0.047930472
-0.030946562
-0.19966023
-0.018729178
-0.22567268
-0.37827423
0.040296357
-0.075602598
-0.2760317
0.026631717
0.038603161
-0.30076748
0.19944847
0.39490154
0.077334881
-0.19631526
0.27373642
-0.060801178
-0.24441268
0.067135073
0.19401051
-0.34725863
-0.18842076
0.050982002
-0.31765038
-0.62191683
-0.19536145
-0.085494205
-0.12496857
-0.089781515
-0.011597776
0.01713899
-0.071527861
0.031620536
0.27399102
-0.0012564108
0.12088002
0.18858318
-0.033488065
-0.005550914
0.11428032
-0.065631978
-0.36203215
-0.019236859
-0.13148612
0.04871235
0.026598655
0.060373019
0.060158003
-0.15504208
-0.10481726
0.0010222566
-0.13821307
0.07073006
-0.17550364
0.0072891582
0.10581971
-0.19841374
-0.20096067
0.13850453
-0.28741813
-0.52718276
0.096800812
0.013889316
0.014005491
0.083026841
-0.041124072
0.031920597
0.16152528
-0.13842565
0.0091513079
0.068745688
-0.061885152
-0.25524178
-0.16455968
-0.35908937
-0.64130801
-0.68380392
-0.24045782
-0.3978993
-0.2727313
-0.14368714
-0.13700998
0.25161043
-0.20473158
-0.26108021
0.13625321
0.0008355754
-0.0084672691
0.11614491
0.040639535
-0.050608158
-0.021703238
0.089115538
-0.014044017
-0.041722517
0.17891382
-0.12200014
-0.14561738
-0.0081738429
-0.11275674
0.04664528
0.024387829
-0.19596212
0.004916057
0.14555028
0.050706986
0.01288155
0.15701915
0.31635186
0.32105541
0.1670088
-0.15413621
-0.01275381
0.06639269
-0.092859827
0.043719586
0.06648086
-0.098408438
0.14143112
0.21212748
0.13447754
0.037723109
0.12321889
0.0073676137
-0.088173166
-0.032967858
0.14186102
-0.10532109
-0.090541795
0.20891969
-0.011221618
0.0083131492
-0.094626017
0.060450461
0.085187629
-0.1486446
-0.09053842
-0.17227745
-0.41621757
-0.41927546
-0.071811557
-0.046447285
0.029573932
0.033017348
-0.049773194
-0.026669875
-0.028801188
-0.10057147
-0.06512706
0.012329766
-0.089164287
0.021265177
-0.085318573
-0.022866413
-0.044326428
0.0021254383
0.24074198
0.042180728
-0.10292263
0.047198456
-0.15602727
0.090843052
-0.036826242
0.017700724
0.31632033
0.022047115
-0.055891324
0.22980104
0.23824146
0.15462424
0.10960482
-0.075379185
0.049669284
-0.0002172526
-0.05650229
0.12574705
0.17687839
-0.14498283
0.13051133
-0.075871006
-0.060027447
-0.01899893
-0.087597668
-0.035472702
0.0070656012
-0.075997308
0.065238625
-0.099670961
0.041358374
0.08473254
-0.16162211
0.21311714
-0.095697485
-0.20290363
0.0027690986
-0.13027452
0.0098265978
-0.030721007
0.080508113
0.063384578
-0.082040802
0.05072704
0.19626594
0.097506456
0.16199017
0.17028622
0.069530666
0.14094232
0.1335253
0.015636755
0.1478011
0.12359288
-0.044933841
0.030691147
-0.017506735
0.051656187
-0.027094454
0.066140905
0.18521754
0.067239664
0.13270752
0.060422283
0.062870078
0.052206747
-0.12704057
-0.018672388
0.13394594
-0.095337868
-0.047672037
-0.01611389
-0.085970514
-0.011658887
-0.0012002216
-0.065307818
0.11321918
0.2176127
-0.043225341
-0.0089759156
0.096389242
-0.29116336
-0.084333047
0.00087286305
0.044577327
0.027254052
-0.13515165
0.12163515
0.045581572
-0.052762963
0.058862783
-0.072751731
-0.13148865
0.049947284
0.034761012
0.050444942
0.026803071
0.12709972
0.1755767
0.024672119
0.11092842
0.14370392
-0.10984512
0.020421218
-0.074479215
-0.16836488
-0.19073595
-0.1957972
0.10293007
-0.05837635
-0.2242305
-0.20227213
-0.16639718
-0.21986188
-0.15821724
-0.16190688
-0.18393059
-0.0061648278
-0.15716888
-0.085686959
-0.047506295
-0.12816328
-0.16651794
0.014893942
-0.13489558
-0.018699659
-0.076115713
-0.085320853
-0.077146538
0.20415929
0.17830108
0.14854275
0.12078872
0.12850334
0.095233843
0.29403573
0.29144996
0.28728244
0.039041776
0.17199725
0.0081209755
0.058288172
0.22634125
0.075271279
-0.22669755
-0.061788097
-0.11258495
-0.050745878
-0.11185621
-0.11114267
-0.01346705
-0.15456292
-0.11428849
-0.029086871
-0.16386944
-0.16270013
0.10929067
0.046318199
0.012556699
-0.059389155
-0.10943045
-0.085580848
-0.030979361
-0.045315556
0.036987063
-0.0020684039
0.031431034
-0.071245916
0.12558453
0.082725905
-0.0031365785
0.13067527
0.22560477
0.12790892
0.075987756
0.056414489
-0.13811041
0.086754426
-0.040494379
-0.12732007
0.036395114
-0.14344813
0.037443209
-0.13181475
-0.028149715
-0.0604157
-0.20959313
-0.22255345
-0.018496323
-0.13875385
-0.23562199
0.00051793864
-0.49643734
-0.32517323
-0.1495176
-0.29735208
-0.2337811
-0.16577956
-0.091400176
-0.26651317
-0.025145819
0.052787311
0.15220158
0.035616186
-0.023407212
-0.012597686
-0.033872928
0.0067558754
0.019859068
-0.022947812
-0.018134968
-0.0388101
-0.10557447
0.17351733
0.080933385
-0.20146906
0.076335579
0.24572688
-0.12282829
-0.090944313
-0.091647908
-0.056402232
0.017913233
-0.097442262
-0.020980891
0.16610472
0.070289761
-0.10907394
0.23480685
0.002896972
0.029143266
0.091762826
0.098825499
-0.095857799
-0.12997468
0.168074
0.09046267
-0.016160496
0.078284636
0.10551613
0.056916613
0.079763673
0.070332594
0.13183913
0.17149633
0.057855029
0.0051278193
0.047584858
-0.071439043
-0.095699534
0.069922112
0.075682499
-0.014866307
0.054088179
0.095030211
-0.22029355
-0.097564481
0.11735481
-0.088666998
-0.24023254
0.017071256
-0.021592639
-0.26917464
-0.047242455
0.14855008
0.052285641
0.11740287
0.043297432
-0.0048607392
-0.02598042
0.16621312
0.18718481
0.04803988
-0.097514771
-0.085151725
-0.047021411
-0.11786752
-0.072580136
-0.062008332
-0.024137933
-0.047925089
0.045649089
0.091855541
0.12704027
0.067906357
0.097082421
0.14838824
0.043437313
-0.13234529
-0.1388088
-0.13578297
0.15930679
0.058510307
0.15289305
0.020670531
-0.10541205
0.08456976
-0.015000334
0.06578774
0.085544102
-0.24688068
-0.26408786
-0.032560315
-0.1719894
-0.25656864
-0.10226451
-0.0078491932
-0.077599108
-0.083662406
0.026624098
-0.077365816
-0.029153572
0.11564162
-0.045444563
-0.050861109
0.18596411
-0.010405344
0.07830701
-0.15176807
0.15638307
0.20691945
-0.27867359
-0.0883784
0.19711871
-0.092657708
-0.10103507
0.0012440311
0.085027032
-0.16690336
0.10197434
-0.040017039
-0.021017369
0.0069930581
0.054950137
0.016397145
-0.075115375
-0.079527453
-0.14048202
-0.1436746
-0.033954326
-0.18435116
-0.11200725
-0.046934284
-0.034163147
0.10321277
0.25592327
0.12135552
0.024046702
-0.01575925
0.0088385986
-0.11326133
-0.022046091
-0.025174448
-0.07530196
-0.011875123
0.018450459
-0.17134765
-0.1578321
-0.29119194
-0.43638477
-0.038544837
-0.12328347
-0.38071641
0.18846844
-0.029612796
-0.13043542
-0.036305428
0.0060610618
0.098675892
-0.065934241
0.018056257
0.15274006
-0.018660292
-0.077162713
-0.14134158
-0.14432727
-0.32960021
-0.45400897
-0.20226097
-0.17611706
-0.44224706
-0.073711
0.075384036
-0.0042871796
0.046493128
0.16870336
0.18685126
-0.019206263
0.24908119
0.10100953
-0.18307927
-0.10446902
-0.12768313
-0.097914636
-0.049702406
-0.069442838
0.0048440285
0.040792216
0.077894554
0.089705952
0.16689377
0.22367701
-0.11339931
-0.043668326
0.14471182
0.089901693
0.14990401
0.031852633
-0.0031999208
-0.049122892
-0.18321986
-0.21490835
-0.182605
-0.12118893
-0.033816818
-0.20610553
-0.045023531
0.018902712
-0.12118261
-0.21629864
-0.079857223
-0.14702161
-0.1458706
0.01366502
0.059464656
0.073752061
-0.050365295
0.006942756
0.14238325
0.030186398
-0.019393263
0.062686667
0.10685957
-0.026723543
-0.097971454
0.17803018
0.024390686
0.12168728
0.014401335
0.019197628
0.012671897
0.11434694
0.10640047
-0.0021808229
0.13433714
0.021285158
-0.042984918
0.062746167
-0.022696791
0.089703962
0.057059731
0.015294501
-0.029227408
0.072028466
-0.057338264
0.18136649
-0.057601124
-0.00021994702
0.11898264
-0.017075883
0.12522131
-0.21068077
0.1308514
0.082088441
0.093271993
0.13024706
0.29121995
0.42194429
0.19087599
0.31512189
0.069158323
0.064995453
0.051672135
0.20831807
0.028816255
0.048026998
0.2006399
-0.050510485
0.14538473
0.098507077
0.21153182
-0.057343297
0.30931914
0.019549502
-0.004586101
0.037672367
-0.014192307
-0.0085764043
-0.05317644
-0.17787071
-0.16536525
-0.1870508
0.070656918
-0.020355692
-0.0054695206
0.039127633
-0.080307193
0.02554599
-0.038053464
-0.32565814
-0.14268528
0.14075574
0.22930592
0.042231448
-0.028903103
0.059375681
0.039399214
-0.032714669
-0.08273875
-0.077262975
0.26095185
0.039255988
0.15797633
0.063472889
0.14574353
0.080813333
0.050121527
-0.19844812
-0.10807171
-0.089929245
-0.051682122
-0.0011170919
0.034771025
-0.046186104
0.16789457
-0.25652391
-0.227632
0.081889436
0.014199542
0.15428749
0.065839738
0.010059405
0.13175401
0.071099967
0.23722744
0.25512937
-0.028214997
-0.017869584
0.29034936
0.089073159
-0.24524955
-0.20129745
-0.21478358
0.054591287
-0.33355153
0.083725229
0.02165216
-0.12070232
-0.14408949
-0.01388609
0.0060655507
-0.1225317
-0.29330453
0.11303409
-0.019724628
0.029294105
0.32743737
0.16332956
0.091140024
0.2284411
0.34661654
-0.041081171
0.013327953
-0.055540632
-0.20581533
0.031627476
-0.012701227
-0.18069236
-0.059931368
0.0010716396
0.162497
0.068971381
0.11400702
0.076222956
-0.12162769
-0.16454241
0.17178851
0.001312927
-0.11601946
0.30428535
0.11963647
-0.14826274
0.041729577
0.027838791
-0.22116683
0.19522694
0.016569085
-0.097066395
-0.12512122
-0.28961346
0.33380514
-0.070885003
0.15424265
0.26679197
-0.048002295
0.083596319
0.019224374
-0.18733449
-0.050237563
-0.29733947
-0.093671583
-0.0050918907
0.067504548
0.18315689
0.10010406
0.07687027
-0.1437609
-0.053355012
0.41534302
-0.17976485
-0.0067465012
0.15656009
-0.077425495
-0.035255611
-0.12331548
-0.078520238
0.15301324
0.32545951
-0.15104887
0.078213818
-0.023011509
-0.33266813
-0.12961616
-0.080844052
0.15105833
-0.30932853
-0.31439623
0.19636786
-0.63232851
-0.60894334
-0.036610771
-0.4497264
-0.35604054
0.086759694
0.24112847
0.15708072
-0.035761386
-0.082961656
-0.017358113
-0.2287834
-0.058314618
-0.18206508
-0.099417768
-0.018953983
0.26485002
0.026482958
-0.4038792
0.023126286
-0.16942516
-0.13412821
-0.097453602
-0.067559637
0.11188044
-0.098455995
0.22451644
0.058960859
-0.064494424
-0.039242439
-0.061752785
-0.35690409
0.014432108
0.055079263
0.061896916
-0.1164425
-0.097296096
-0.11630171
-0.22861414
0.14203799
-0.034262236
0.041150194
-0.047613386
-0.26128015
0.38679475
-0.16245867
-0.44054845
0.20983239
-0.22263551
-0.5359748
0.069039769
-0.17338704
0.10370604
0.23761673
-0.22336437
-0.055037223
0.16528724
0.020310069
-0.0021400731
0.032321621
0.078506239
-0.015348036
0.37649193
-0.026624823
-0.065809235
0.20012188
-0.17949617
-0.15150917
-0.12081684
0.064101696
-0.063213162
-0.16523826
0.035496492
0.087014116
-0.046027847
0.19208969
0.11247389
0.15504584
0.092366293
0.082806259
0.0251073
-0.15237032
-0.10376396
-0.12041616
-0.14227924
-0.088411659
-0.086356476
-0.22930238
-0.19695593
0.014165106
0.052423485
0.10785486
-0.010816806
0.14847074
0.17729902
-0.22015379
-0.031858888
-0.043151181
-0.024117526
0.17823042
-0.0018299801
0.100239
0.087691396
0.16191351
0.14503066
0.010443217
-0.05281632
0.13859743
-0.044834163
-0.15040715
-0.010409596
-0.27050602
-0.10960282
0.03243408
-0.08512339
0.046138287
-0.058299776
-0.19026376
-0.16244353
-0.00035470043
-0.050381612
-0.011277718
-0.020834049
-0.00072919781
-0.11923566
0.23182099
0.12392695
-0.17565656
0.024021959
-0.12093704
-0.17376265
0.010398258
0.19282922
0.050518811
0.0063111242
0.27989745
0.12936167
0.35221976
0.079859018
0.02453696
-0.16299449
0.012072268
0.15889908
-0.28534192
-0.11123357
0.30991635
-0.21556522
-0.051013842
0.24929926
0.11799653
-0.22583455
-0.17866242
0.26456997
0.10350443
-0.19952333
0.14479519
0.021940101
-0.11020707
0.13596793
0.062082026
0.0033828123
0.34441847
0.12111403
-0.23741999
-0.05691706
-0.072975338
-0.20972201
0.2374422
-0.10350294
0.037996866
0.20171894
-0.20582083
0.012251637
0.026722101
-0.1972262
-0.077474505
0.2285614
0.013667041
-0.31015882
0.23267813
0.35493499
-0.10517237
0.14690787
0.23114859
-0.13394774
0.079543456
-0.025953118
0.0304369
0.23101225
-0.13019849
-0.37846279
0.25508341
0.015428286
-0.37070367
0.0062834746
0.06000521
-0.013612852
-0.14247796
0.084000006
-0.012163932
-0.054174494
0.10240088
0.20184657
-0.041840777
-0.074448265
0.17287432
-0.21308747
-0.11135649
0.3748123
-0.12732832
-0.12204898
0.25789335
0.087852314
0.12458836
-0.20769037
0.34087294
0.1054487
-0.53547132
0.27101934
-0.07253626
-0.34808737
0.016443506
-0.12394109
-0.032103073
-0.057124913
-0.09162391
-0.0019287616
-0.30076867
-0.095007129
0.032239947
-0.42824492
0.012830623
0.31231311
-0.42605865
-0.048813265
0.46126732
-0.14584844
-0.088402599
0.25343928
0.055469546
-0.07964053
-0.26940891
0.057962101
-0.097279459
-0.25259355
-0.10783735
-0.11178936
-0.1084978
-0.089909375
0.046429388
0.10139003
-0.18314642
0.00461877
0.19039232
-0.11477875
-0.017607538
0.085157894
-0.11782214
0.12074632
-0.10918456
-0.23229976
0.18422367
0.03413073
-0.014917637
0.070875444
0.039003517
0.022833819
0.021449393
0.043048467
0.0034125911
-0.13280058
-0.20350939
0.088562325
0.11702286
-0.22561292
-0.13150913
0.059223998
0.060815509
-0.037258733
0.063852571
-0.017513938
-0.13521697
-0.038554329
0.038319848

[conv4.bias] shape=[32] dtype=float32
-0.24532543
-0.4827255
0.28262961
-0.32146773
0.4266271
0.12805124
0.33722275
-0.33311081
0.20319808
0.0044783354
-0.20316389
0.7094655
-0.07377553
0.12647307
-0.014659047
-0.12139875
0.37772599
-0.70743906
-0.16468513
0.49327165
0.69103634
0.36605662
-0.30855119
-0.15670967
0.16927144
0.14054658
0.28507692
-0.0055576563
-0.13476682
0.49948886
-0.074056119
0.073420078

[conv4.weight] shape=[32, 32, 3, 3] dtype=float32
-0.20077705
-0.0983776
-0.13086486
-0.067739591
0.08477103
0.061998252
0.067823336
0.14641975
-0.066645972
-0.048525166
0.14275861
-0.058238745
-0.17071663
-0.11556821
-0.0023427438
-0.081889711
0.027253499
0.12541887
-0.057676595
0.0037520239
0.17030273
-0.11707274
-0.017027028
0.15474463
-0.1177075
1.9720258e-06
0.093547061
0.051428601
-0.052112188
0.1592769
0.12877868
0.093423948
-0.063125893
0.00072575058
0.036836706
-0.095101729
-0.014552012
-0.23926793
0.025291268
-0.22908437
-0.15454988
0.17549136
-0.22436266
0.031846337
0.24286994
0.29198807
0.10468909
0.057977594
0.16402794
-0.045993883
0.095842183
-0.072402239
-0.061812062
0.064071022
0.12374827
0.059582919
0.077658802
0.063782938
-0.098754659
-0.088188246
-0.13713358
-0.088324361
0.00094979629
-0.088156626
0.01392155
-0.017079474
0.15603319
0.092185333
0.11227283
0.052357182
0.040145908
-0.025342992
-0.060338721
0.01570962
-0.12549879
-0.3004047
0.034727108
0.063665763
-0.20878138
0.18916756
0.14993928
-0.10168071
0.0047779591
0.073504806
0.0020087683
-0.10060205
-0.11287501
-0.14334519
-0.14134014
-0.1280186
-0.1027358
0.20139171
0.20710815
-0.032324396
0.011776569
0.062173169
0.048019651
-0.023639958
-0.070971295
0.026073283
0.094544396
0.074742883
-0.052299976
0.17446367
0.055149615
-0.16665126
0.031608295
-0.034581285
0.011084422
-0.13834174
-0.20004226
0.082058623
0.24191786
0.071917191
-0.055142004
0.14277123
0.26359373
-0.30879828
0.032976363
0.27606729
-0.022146352
-0.038892809
0.14568909
0.2025249
-0.0083855093
0.064350583
0.24022523
0.20364051
0.15918854
0.34815419
-0.029265193
-0.21274666
0.14031556
-0.19519648
-0.11662411
-0.17541899
-0.17094746
-0.23014933
-0.15839559
-0.094811052
-0.26187471
0.037787415
0.10219021
-0.12352549
0.078771755
0.066045612
-0.086340882
-0.0088620707
0.25171745
-0.058826238
-0.16205038
0.14547753
0.044756271
-0.022383505
0.22485049
0.19773504
-0.011199269
0.025576858
0.18675289
-0.13519008
-0.0465285
-0.0071678027
-0.058968339
0.086101286
0.19564983
0.10592705
-0.067586958
0.039834555
-0.081455767
-0.014011416
0.030156156
0.21596873
-0.0037473429
0.063477702
0.046061911
-0.16220024
-0.19701098
-0.11423037
-0.063301139
-0.085891642
0.031920813
-0.18486272
0.10969639
-0.053421371
0.014902453
0.095012128
-0.10616964
-0.049034305
0.034939181
0.081382141
-0.081371948
-0.058543898
0.059474707
-0.021902915
-0.16799983
-0.072130755
-0.11459839
-0.060780235
-0.084898926
-0.010323189
-0.18308972
-0.10362096
0.08532884
0.094701096
-0.070932344
0.095857568
0.056414865
-0.055997945
-0.00036360277
-0.10617401
0.028291341
0.10015106
-0.14632002
0.080814295
0.15483089
-0.16308138
-0.047482423
0.028505541
-0.1883731
-0.035023738
-0.017735321
-0.066147022
0.054355841
0.018416656
-0.072110683
-0.064183176
-0.16790254
-0.16785239
0.11685257
0.0018588629
-0.11711246
0.048720434
-0.090254374
0.0079179211
-0.019317005
0.045537777
-0.0033841105
-0.10483844
-0.1294602
-0.13187951
0.0067539979
-0.029217638
-0.056662112
-0.0074545504
-0.048915386
0.012266073
-0.094563514
-0.10806716
-0.026534662
-0.14509772
-0.13947614
-0.044614468
-0.10305535
-0.076528125
-0.20137152
-0.027926587
-0.066532649
0.037854049
-0.038125135
-0.071790516
0.06198021
0.081628464
-0.051884521
-0.056130514
-0.16388859
-0.13133281
-0.16267008
-0.0022834926
0.074292809
-0.084475294
0.055646356
-0.039161693
0.20884326
-0.062533796
-0.072268464
0.13197696
-0.066858128
0.0035822678
0.062288474
0.23839343
0.029630536
0.13571873
0.052594077
-0.19073248
0.1269408
-0.053587936
-0.01696117
0.13108942
0.022512531
0.026482904
0.12699276
-0.13571669
0.084492415
0.16188391
-0.1565517
0.0515646
-0.082977988
0.30304089
-0.029963646
-0.11611256
0.17100535
0.20185229
-0.12643597
-0.0041528875
0.18232122
-0.082908742
0.20885132
0.12796491
0.14524838
-0.097678185
-0.1201283
-0.095549941
0.10787629
-0.0017821357
-0.032316588
0.090764627
0.18770711
0.26576105
-0.11210816
0.0024677564
-0.067823365
-0.12589714
-0.098718338
-0.33209479
-0.11526997
-0.064266972
-0.21367127
0.019176707
-0.072994322
-0.062977344
-0.010455051
-0.055917926
-0.19372334
0.17736951
0.082982458
0.056787785
0.28540862
0.073867679
-0.080141209
0.07352075
-0.030152973
-0.11843757
-0.23069312
-0.0038590985
-0.009925399
-0.00027119234
0.21266666
0.14247435
-0.1826905
-0.0073739272
-0.028107477
-0.16322756
-0.19617854
-0.20790437
-0.015054703
-0.027765352
-0.096468478
-0.092194192
-0.16192913
-0.24193773
0.24148299
0.0028841055
-0.20011748
-0.048150454
0.13895953
0.013706545
-0.11555523
0.1222567
0.34351355
-0.18067358
-0.11702562
0.13980979
-0.22377761
-0.27266133
-0.086644575
0.0036895336
0.071070276
0.29767203
-0.11583158
0.13127185
-0.30508101
-0.041267063
0.36237925
0.042638388
0.004768122
0.27988455
0.095692478
-0.13745889
-0.079126082
0.07355924
-0.090152621
-0.25166279
-0.08197213
-0.075929016
-0.1513063
0.12186373
0.047898266
0.14862922
0.087033324
0.00054108282
0.14608486
0.19766633
0.11730941
0.15673617
0.13497211
0.046073459
0.039897479
-0.25014484
-0.062785521
0.3001624
0.12201153
0.12821163
0.26360944
-0.061598279
0.21543564
0.12841651
0.027396118
-0.041147936
-0.025489789
-0.16509701
-0.043787017
0.18687032
-0.019721979
0.24257793
0.036070704
0.0036952067
-0.036947682
-0.1926093
-0.08748614
-0.026897086
-0.20528615
-0.16585048
-0.17988674
-0.099130742
-0.18693607
0.016601736
-0.20335001
-0.1460287
0.028300675
0.056835126
0.34820837
0.17438257
0.25728881
0.15570575
-0.47822854
-0.17600395
-0.2696375
-0.20497641
-0.16318822
-0.01224988
0.056278426
0.092786938
0.024022069
0.036530964
-0.10115767
-0.12986414
-0.1636678
-0.23438454
-0.26525351
-0.072476655
-0.028284669
0.067470148
-0.078649633
-0.07496281
-0.18345413
0.092403851
0.19355293
0.0062238607
0.031842571
-0.13819914
-0.084985971
-0.080081075
-0.17959125
-0.041612372
0.10876891
-0.077676825
-0.13658938
0.33307168
-0.010347951
-0.22656083
0.34813038
-0.11395297
-0.3559368
0.15694968
0.18136382
-0.029890673
0.06399928
0.0094746929
-0.052698094
0.11901475
0.062726431
0.047300771
-0.076031409
0.056983598
-0.072320014
0.24326332
0.065710485
0.3498652
0.28451192
-0.086734965
0.06970308
0.024918681
-0.38658562
-0.45715037
-0.16078576
-0.052040979
-0.07167203
-0.27074009
0.016742324
0.099879466
-0.28348443
0.14526497
0.06859751
-0.01247538
-0.17065153
-0.03209601
-0.048601385
0.086544275
-0.044203181
-0.058525935
0.041993346
-0.09179832
-0.13797657
-0.15924831
-0.21708585
-0.10073762
0.17693324
-0.023109268
-0.21042477
0.17600851
0.016939623
0.019946696
0.01233942
0.16057806
0.007100991
-0.080935501
0.15153117
0.13826995
0.10595232
-0.11362431
-0.17155674
-0.1499413
-0.067998685
0.0022370182
-0.016907889
0.0054023261
0.042605877
-0.14198539
-0.014089691
-0.12716269
0.077773295
0.03902337
-0.044265818
0.085619651
-0.065529026
0.068245009
-0.12616076
-0.020396398
0.1576272
0.080275454
-0.020095026
-0.15011932
-0.18424545
0.057793226
-0.11691054
-0.15742756
9.4269461e-05
-0.22471349
-0.098549888
0.09528321
-0.049119528
-0.054020356
0.17610815
0.34096926
0.010479901
0.31532207
-0.06140703
-0.095608413
0.042551856
-0.026904073
-0.051817495
0.027763369
0.010040339
-0.067827925
-0.13647382
0.053563274
-0.13713716
0.010150821
-0.047188804
-0.012810399
0.15445191
-0.091325022
0.030051274
0.027393125
-0.04687807
-0.13433558
-0.13841186
-0.01242724
-0.020398168
0.029505793
-0.063060299
0.097488694
0.20340784
0.011719733
0.13410093
-0.10846873
0.070139892
0.0019946073
-0.020875204
-0.12882206
-0.034281585
0.088633716
0.15300569
0.18716305
0.092988543
0.19031444
-0.039570559
-0.32065949
-0.15931161
-0.039282709
-0.29800767
-0.20869979
-0.11234778
-0.10960368
-0.18124826
0.033761546
0.10718556
-0.13116774
-0.13469368
-0.13493569
0.023428924
0.05815351
-0.019649277
0.17373936
-0.079376511
-0.097933568
0.13554661
-0.26818088
0.077134393
0.064757548
0.021207351
-0.054292243
-0.067695975
0.0059085134
-0.086740702
-0.098102286
0.049926404
0.113676
0.080315292
-0.055740811
0.066686533
0.1489782
-0.13177514
-0.12121125
-0.0050334753
-0.0095855193
-0.043658182
0.1323963
0.004115805
-0.21540228
0.022567105
0.016677598
-0.10548508
0.048752431
0.088674627
0.14444898
-0.033954743
-0.077256367
0.0058082091
-0.091745839
0.0053743236
0.11415765
-0.021223277
-0.029343802
-0.0089927865
0.16530383
0.061387841
-0.017283594
-0.029430615
-0.095559135
-0.09608499
0.069518834
0.0054019848
0.0050009363
-0.11736342
0.12075612
0.11196147
0.052675627
-0.054816086
-0.037417248
0.1009746
-0.092106342
-0.068831429
-0.03128409
-0.11752988
-0.11616533
-0.11989065
-0.087133765
-0.055719808
0.096690409
0.050539073
-0.053704295
-0.15513718
0.12444069
0.14962097
-0.075714342
0.029527321
0.036336586
0.11156499
-0.053614937
-0.088951625
-0.11794459
-0.035331685
-0.056646738
0.021602964
-0.056162313
-0.15289208
0.067931406
0.17811134
0.073791899
0.047050502
-0.046685454
-0.16864747
-0.010578232
-0.062398598
-0.23284443
0.32438678
0.22604384
0.028425928
-0.16036491
0.070427418
0.17550422
-0.20810008
-0.1540405
0.020486327
-0.14119487
-0.021685198
-0.10074259
-0.093051098
-0.047384895
0.029140536
0.024327854
-0.088281944
-0.11079948
0.081201352
0.039384902
-0.19064705
-0.10571495
-0.10464639
-0.0028826091
-0.037410971
-0.20162876
-0.14109147
-0.084213771
-0.19775055
-0.085179716
0.01798732
0.15440361
0.0061626504
0.17341363
0.090238005
0.11318227
-0.121308
-0.19089858
-0.034664772
0.024377663
0.074033178
-0.11318378
0.0012552984
0.013047536
-0.023742273
-0.04061763
0.11680203
0.16359884
0.038676616
-0.0049372455
0.059962735
0.11571303
-0.014857695
-0.085957006
0.016875543
0.13037692
0.12877952
-0.084010117
0.058750864
0.37299791
-0.31849304
-0.20682393
0.0029058957
0.10880069
-0.035846584
-0.084138691
0.16382128
0.031869601
0.103614
0.17044953
0.037608281
0.081137389
-0.055301759
-0.042800095
-0.005330238
-0.073306732
0.082148045
-0.10191418
-0.21302873
-0.070865847
-0.078329541
-0.16409272
-0.032916505
0.026210945
-0.013268521
-0.16097513
-0.12434124
0.0048668291
-0.15649579
-0.067511454
-0.1008189
-0.20859315
-0.097138785
0.3126778
0.18803196
0.10223452
-0.13691039
-0.07471849
-0.054936666
0.1312954
0.027371023
-0.15329884
-0.11419955
-0.16750363
-0.30620906
-0.044038594
-0.015546842
-0.18542159
0.15286911
0.07612969
-0.089813061
0.077875145
0.02064007
0.074737631
-0.021461295
0.13275333
0.11657143
-0.082711436
-0.084825911
-0.059523303
-0.03549087
-0.0025592947
0.086667307
-0.10360387
-0.15715455
-0.08070498
-0.073432997
0.069943361
0.14164817
0.018824343
0.12029431
0.056162797
-0.038749255
0.14137089
-0.014866764
-0.23062581
-0.22379221
-0.29688033
0.032650035
-0.16060424
0.012942497
0.015086383
-0.11916344
0.082915053
0.076347552
-0.11483168
0.1245717
0.085888766
-0.16401102
-0.038635373
0.046409253
-0.010536022
-0.0057466901
0.11066901
-0.075759843
-0.12163299
-0.12479375
-0.10093506
-0.20450434
-0.044514135
-0.024099734
-0.13438745
0.059762832
0.12531215
0.099707007
-0.072109655
-0.032058761
0.21344204
0.10032671
0.11943761
0.19355121
-0.095199108
-0.2939246
-0.029316857
-0.17093141
0.037211899
0.011889702
-0.15454449
-0.096945964
-0.18759832
-0.17247263
-0.10509641
-0.080637239
0.13160565
0.011664776
-0.017403705
0.2525214
0.18945858
-0.0092855478
0.0051737018
-0.022353169
-0.18257174
-0.067281567
0.11680837
-0.10254039
-0.053962782
-0.15181942
-0.09436734
-0.097258858
0.047083605
-0.17529155
-0.10862385
0.039221227
-0.15009458
-0.10914857
-0.082281992
-0.10328273
-0.058890764
-0.11246011
-0.07696528
0.1565666
0.056739628
0.067195743
0.010675552
-0.073460713
-0.0053701159
-0.1003369
-0.16835651
0.026855633
0.25335854
0.086399764
0.064873412
0.093345992
-0.12197162
-0.071123853
0.025798928
-0.023320677
0.06012151
0.17837374
0.22661512
-0.073453829
0.080774099
0.24754032
0.066714354
0.2004337
0.055825222
0.049372181
-0.11371744
-0.1658531
-0.21819356
0.19081548
0.12518357
-0.09932334
-0.15873206
-0.021630919
0.052307282
-0.010188966
-0.2191121
0.099993184
0.067668647
-0.13137339
0.026219215
0.00821424
0.079001203
0.072440036
0.097267732
0.2291327
0.28548375
0.035108492
0.24025726
0.10134065
0.069788739
-0.0061541884
0.30268312
-0.26398447
0.36682597
-0.0081667183
-0.16825365
0.16386418
0.10113271
-0.11429877
0.045178395
-0.12767325
-0.0060185776
0.016022274
-0.042008966
0.015760351
-0.041505557
-0.016204581
-0.17423414
-0.20816891
-0.11560439
-0.063050635
0.09766423
0.15542664
-0.038450409
0.01291122
0.024297461
0.048390552
-0.10462026
0.02401362
0.18631795
0.032072604
-0.24263871
0.026230631
-0.080263592
0.045995008
0.016565949
-0.0080843223
-0.14620396
0.14699323
0.46568108
-0.099006526
-0.21102543
0.066080041
-0.043825198
-0.10269365
0.30661359
-0.12209686
0.079686902
0.012712201
0.070589609
0.041355759
0.058502074
-0.031099284
-0.072564662
-0.093603477
-0.15020183
-0.11000182
-0.15868486
-0.090726674
-0.021403797
-0.20059629
-0.27320853
-0.007786951
-0.1088791
-0.0020901533
0.22379531
0.18629178
-0.05424159
0.12504023
-0.060202572
-0.26452503
-0.0093917716
-0.059831876
-0.20471677
0.064458527
-0.017277744
0.10758188
-0.07886225
0.059403211
0.10442173
-0.13082753
0.099706225
0.10025446
0.075786233
-0.07784269
0.004693937
-0.16304187
-0.13060988
-0.031377837
-0.0075552505
0.1287857
0.095721148
-0.064810246
-0.068910435
0.17222717
-0.21186393
-0.21355748
-0.061923336
0.063996434
0.10669401
0.10113595
-0.024325024
0.25897798
0.072396383
-0.16807155
0.023446463
-0.078157283
-0.25039262
-0.018796628
-0.17797281
-0.11299268
-0.14580287
-0.10115343
-0.17746964
-0.14295366
-0.15779887
0.021446135
0.065757275
0.058584034
-0.083496183
-0.05308884
-0.0397489
-0.16818039
-0.23468043
-0.15252776
0.14915958
0.21674675
0.17237723
-0.086207889
0.018719865
0.066948853
-0.16186725
-0.12034478
-0.12045576
-0.12196553
-0.15340284
-0.16171189
-0.10162722
0.01283074
-0.037021443
-0.068766296
-0.030514859
-0.016587313
0.087933779
-0.26418731
-0.062428422
-0.0824579
-0.098497443
-0.0012789791
0.073160157
-0.14028099
-0.15734676
0.23471713
0.012487189
-0.00061509083
-0.075010717
-0.0052920212
-0.15182197
0.045838818
-0.054369874
0.033652127
0.13134368
-0.016065966
0.08673244
0.087597281
-0.02047674
-0.012693517
-0.11829951
-0.23717241
-0.19986008
0.037006494
-0.11739495
0.0488263
-0.0928789
-0.010548085
-0.11120169
0.0024433576
-0.12975369
0.063150078
0.31085765
0.13564813
0.1159863
-0.031907164
-0.18021391
-0.11255102
0.086249754
-0.017281966
-0.07573729
-0.076725364
-0.096761681
-0.10085529
-0.13641724
-0.10439666
-0.019640714
0.014871269
0.10597313
0.12554565
0.011795198
0.10024559
0.16421321
-0.024014188
0.022945611
0.18907496
-0.18785591
-0.12793715
0.043488435
-0.11461222
-0.065902971
-0.018532891
0.25356692
-0.072899356
-0.080727875
-0.043757908
-0.11519608
-0.010132071
-0.090618022
0.034280319
0.11361077
0.052672025
-0.0017504665
0.16748756
-0.19588801
-0.2393665
-0.11067701
-0.18013202
-0.11822522
-0.15048911
-0.015189309
-0.038311627
0.14712615
0.032170981
-0.00079411716
-0.0016882101
-0.14107609
-0.1393486
-0.038996797
0.047252107
0.15115887
-0.17941096
0.030254956
0.17224978
0.079674028
0.051626116
-0.093128748
-0.039985195
-0.078498535
-0.24482483
-0.036951225
-0.18583342
-0.099211954
0.024930317
-0.11116558
0.042640451
-0.014928429
0.1326375
0.27519614
0.11895205
-0.13060145
-0.25618231
-0.044992968
-0.13283026
-0.22022419
-0.23056449
0.089426383
-0.056691647
0.059544764
-0.1024927
-0.14004239
0.21905531
-0.13381931
-0.13147476
0.27438608
0.17267731
-0.042796738
-0.07968308
-0.044120453
0.059319403
-0.088003002
-0.012089042
-0.013402243
0.08391545
0.088063218
0.15459117
0.16976178
0.10842686
-0.17650795
-0.05613311
-0.15994929
-0.15270784
-0.029208327
-0.048527107
-0.14738746
-0.0088852635
-0.063628539
-0.065163933
-0.081674747
0.029308476
0.19539066
-0.032944217
0.038683891
0.037529618
-0.14382438
0.13979045
0.11074208
-0.11072958
0.044801068
0.086948946
-0.079387471
0.14517689
0.17197156
0.28042758
0.025576444
-0.086407959
-0.11719678
0.097130619
-0.29665351
-0.27687776
-0.092495754
-0.21693824
-0.042647399
0.014863197
-0.010050688
-0.0081951134
0.16979182
0.14382447
-0.14413477
0.22759701
0.16411212
0.067378059
-0.24651292
-0.23694335
-0.10000781
-0.15164278
-0.050680574
-0.022579849
-0.18078104
-0.20230202
0.016525509
-0.15481809
-0.23036532
-0.068889856
-0.12976369
-0.20757809
-0.1065781
0.086168662
-0.20037399
-0.0022250407
0.076493427
-0.1683771
-0.026867114
0.17743799
-0.02236945
0.14680223
0.092782572
-0.10974422
-0.1720469
-0.067587934
-0.036064528
-0.028657898
0.085673153
-0.01808981
0.23540716
0.0011596716
0.086590439
0.1318613
0.037033502
0.018344052
0.016648829
0.12148498
-0.18459336
-0.21463102
-0.061139725
-0.14344236
0.084340408
-0.14683008
-0.044662125
0.10854594
0.026693407
0.19160371
0.079248436
-0.22596839
-0.079120301
-0.027907401
-0.085301049
-0.043699205
-0.03241238
0.090333924
0.0042588441
-0.062622316
0.028570563
-0.091561489
0.068745628
0.047729474
-0.012672768
0.0024443276
0.14761958
-0.010759998
-0.096678205
-0.11429285
-0.12606163
-0.25859022
-0.23247781
-0.12575476
-0.25485295
-0.17110899
-0.12281846
-0.14417577
-0.061281022
-0.14852589
-0.15126263
0.045225017
-0.050090227
-0.032876961
0.076457351
0.17778292
0.069651455
0.063186616
-0.080378562
-0.056584865
-0.071762525
-0.1791549
-0.27007791
-0.10401822
-0.059932172
-0.19112885
-0.087260053
-0.059964325
0.075267047
-0.079496898
-0.15531754
0.1155853
0.0094526624
-0.10512925
-0.088596195
0.055634484
-0.19486606
0.047622237
0.1859317
0.077652581
-0.058805171
0.071668804
0.11272572
0.24037923
0.12297603
0.14291936
0.14460306
-0.11085954
-0.13883677
-0.13131924
-0.059246369
-0.12494176
0.0099272868
0.0071023963
-0.0062187337
-0.041344132
0.090898886
0.090537682
-0.0054313843
0.11406246
0.076444313
-0.084093601
-0.019711282
-0.11720698
-0.12393739
0.032585561
0.0044566202
0.05333275
0.073025122
0.013551652
0.05017693
-0.067321017
-0.062377207
-0.17531176
0.066044748
0.01216426
0.019616269
-0.043228813
-0.075457588
-0.0078520086
-0.040831525
0.026672656
0.013892549
-0.048280217
-0.021831626
-0.054983281
-0.076618738
-0.072122179
-0.06356778
-0.15522426
-0.15523724
-0.19945091
0.018225124
-0.061053488
-0.083136573
0.13919227
-0.0071947691
-0.032644454
0.069378644
0.061783694
-0.1334555
0.020126307
0.026019869
-0.10304333
0.088205665
0.028697999
-0.044046432
-0.14723428
0.016969705
0.097246312
-0.11685555
0.058040462
0.13027103
-0.069670387
0.095092304
0.09468089
-0.030751549
-0.036850616
0.030055372
0.026561242
0.042689364
0.073495269
-0.025046786
0.039979365
0.018878829
0.11630463
0.06824933
-0.035970509
0.1496038
0.036122903
-0.02295023
0.050774559
-0.038876526
-0.08798562
0.032090705
-0.11096907
-0.1561766
0.089749411
0.076651834
-0.03062305
0.11630006
0.1109344
-0.076757208
0.07848271
0.0091446945
0.014387818
0.073236212
0.12185924
0.099936374
-0.025393639
-0.017469807
0.015236374
-0.013385936
0.14314315
0.062651403
0.022706704
0.068592496
-0.046997331
0.075739637
0.0830786
0.021095257
-0.039495464
-0.00055206503
0.059973679
0.024690343
-0.041082576
0.028025404
0.060405891
-0.080433384
0.025297649
-0.050021764
-0.15369208
-0.15918663
-0.037218824
0.0062298789
-0.0035835528
-0.022332028
0.022457413
-0.036114644
0.17996101
-0.0025597133
-0.02923307
0.20071799
0.095291585
0.12208007
0.018862046
-0.13818011
-0.17958659
-0.11546221
-0.045939535
0.045210555
-0.013061986
0.03272225
0.1274641
-0.02941668
-0.03423677
0.030695813
0.022305429
0.0049827364
-0.077533394
0.044230081
0.0041249353
-0.05327535
0.043564543
-0.021892332
0.028074769
0.067667663
0.1382397
0.12180717
0.031454489
0.024890095
0.082273148
-0.011966986
-0.042454857
0.013787802
-0.16207662
-0.038170721
-0.033562995
-0.14122051
0.0067066243
-0.010134103
-0.14060082
-0.036622044
-0.056818046
0.035512477
0.047937825
0.053352892
0.013283508
-0.030020811
-0.012280501
0.062714711
-0.081850223
-0.099219993
-0.083619528
-0.12040866
-0.06401474
-0.0061541493
-0.024838576
0.014993826
0.086487576
-0.020995824
0.10637908
-0.035653938
0.048777536
0.085669138
-0.089915462
0.073182881
0.043739382
-0.054121431
0.010919667
-0.079279445
-0.13253769
-0.14066325
-0.081340492
-0.027437108
-0.069477431
0.020850277
-0.046787355
-0.11893904
-0.058030341
0.016436692
-0.17529629
-0.28204685
0.044240475
-0.10349808
-0.14917517
0.018757241
-0.090078935
-0.048238862
-0.00040459295
-0.0010384338
0.048365507
0.061258361
0.054652847
0.0077260365
0.010573175
0.0028774571
-0.041442446
-0.10288938
-0.080505714
-0.12229252
0.030362463
0.011405481
0.053000327
-0.011768487
-0.012926281
0.015083331
0.034118049
0.064677037
0.015505282
0.00359051
-0.030956203
-0.062836476
-0.016751166
0.038924575
0.0071315276
-0.17664236
-0.15076123
0.061108381
-0.14163271
-0.11026885
0.087285683
0.014499288
-0.085954964
0.053506363
-0.019257288
-0.057971168
-0.099491864
-0.046392821
0.010747404
0.071081646
-0.13288498
-0.033113681
0.078234009
-0.051295899
-0.071483254
0.098818913
-0.052557636
-0.00085067609
0.12814456
-0.09510155
-0.051464386
0.068143539
0.090318374
0.094095282
-0.030441474
-0.064686857
-0.0030754169
-0.013951883
-0.086697735
-0.061924726
-0.096976884
-0.053112213
-0.12886859
0.067689188
0.0488501
-0.013880299
0.092296652
0.12273494
0.043451052
-0.025495283
0.062133618
0.067645647
0.084336527
0.019549137
-0.038653526
0.083650514
0.074582547
-0.057732441
-0.01962967
0.048617546
0.14642739
0.16549183
0.18877
0.0037609907
-0.016398609
0.05116798
-0.11165755
-0.026049798
-0.16915675
-0.20152625
0.016344644
-0.0044133123
0.021614389
0.038046431
0.037022162
0.056114074
-0.074296147
0.0082980637
0.044595897
-0.027270073
-0.079066053
-0.098149747
-0.15559122
-0.13156861
-0.077015668
-0.13832507
-0.051635899
0.043153759
0.031819347
-0.079728827
0.013767558
-0.0031739078
-0.13003293
0.024000973
0.03727074
-0.079996377
-0.03445356
0.049268801
-0.013113316
-0.05323318
-0.11856017
0.11626077
0.015159443
-0.1655046
0.028584531
0.12211759
0.0087524019
-0.1357476
0.03888743
0.075641669
0.051047057
0.026425198
0.11580335
0.0073945955
0.081817746
-0.010933261
-0.087159194
-0.14891092
-0.20205033
-0.054795541
-0.13961568
-0.16259541
0.091889597
-0.034897149
-0.10886959
-0.014550814
-0.13996463
-0.094858848
-0.095185652
-0.086279631
-0.016024485
0.19049765
-0.010755646
-0.10210469
0.10040501
0.040092651
0.016106615
-0.12115339
-0.0066973539
0.089246757
0.17028759
0.13259245
0.24671735
0.048517201
-0.020916257
0.11022553
0.085384555
0.061287701
0.10826872
-0.05045547
0.015487951
-0.053453334
-0.23032582
-0.06309744
0.12740226
-0.076001823
-0.12562443
-0.043277066
-0.0052598706
0.016720334
-0.17982447
-0.12751038
0.0040485426
-0.087083332
-0.11244377
0.032542299
-0.066383339
0.014453604
-0.0031644376
0.0012577988
0.040316951
-0.033463057
-0.11736049
0.14803089
0.11481798
0.16419469
0.034248147
-0.2202062
-0.065570042
0.084184796
-0.17449322
-0.16800307
-0.031365644
-0.053295638
-0.098644339
0.10769791
0.031847414
0.0029122364
0.0035892141
-0.035596561
-0.075695977
-0.050129671
-0.070914455
-0.082182556
0.052107304
-0.00013792574
-0.11077736
0.036030285
-0.10813008
-0.079299979
-0.069441982
-0.067230485
0.0058432892
-0.16560701
0.01754705
-0.0050940686
-0.16135368
-0.066387556
-0.048894357
-0.081199981
-0.047772881
-0.19331978
0.03017403
0.085712753
0.082052618
-0.086839892
-0.055775601
-0.030021593
-0.050506223
0.050539162
0.051738273
-0.031777255
0.046432145
-0.0067401589
-0.05104034
-0.085888505
-0.10445465
0.013651063
0.050241303
-0.003932293
-0.016278284
0.037085041
0.039589252
-0.065085448
-0.098293163
-0.035134792
0.06359978
-0.037544768
-0.15721118
0.14393225
0.079605587
0.10819057
0.069707543
0.05482335
-0.11979811
0.10795046
0.045529827
-0.064501435
0.034528468
0.033862069
0.11522812
0.043596897
0.060979642
0.078963235
0.025444515
-0.14810903
-0.19016114
0.029643549
0.096188881
0.090679996
-0.029523334
-0.014971429
-0.018181454
0.11452933
0.051615685
0.0071276287
0.21507093
0.073301792
0.039625473
-0.13434111
-0.02355887
-0.023342794
-0.12876913
-0.020888029
0.15951952
-0.0892426
-0.20803262
-0.1004755
-0.028324593
-0.19374704
-0.028342027
0.13033018
0.10892022
-0.017246364
0.039717872
-0.066560879
-0.054089949
-0.13627094
-0.14959504
-0.15532385
-0.17706086
-0.11152611
-0.13432331
0.04839769
0.11645173
-0.0085733896
-0.13181007
-0.12431191
-0.18935716
-0.18471366
-0.1612626
-0.20979543
0.025632871
0.13001937
0.023115333
-0.0054487479
0.039276656
-0.16988038
-0.034166396
0.045284409
-0.10790668
-0.038072146
0.066579983
0.040485904
-0.06768585
0.057209682
0.093633771
0.034326926
-0.017382378
0.089856356
0.03062759
0.01149188
0.10612405
-0.12470051
-0.10633697
-0.13655533
-0.18272826
-0.15875484
-0.13484487
-0.1329743
-0.059299517
0.052143287
-0.047256775
-0.047847748
-0.035699509
0.019572008
0.040475331
-0.080332197
-0.032311838
-0.086173631
-0.1341792
-0.055517245
-0.14499229
-0.069785975
0.12322044
0.0052355379
0.046294738
-0.1807301
-0.079164572
0.1721411
-0.12559141
-0.047550406
0.13765724
-0.058997344
0.0040602875
0.046168253
0.09741018
0.15395547
0.023971731
-0.065345012
-0.098294377
-0.10546388
-0.10237597
-0.085812308
-0.1346036
-0.081658453
-0.08528176
-0.030580319
-0.012878598
-0.014309362
0.031472512
0.15718976
0.072515227
-0.059424013
0.12078859
0.071031943
0.041524909
-0.078527547
0.056564141
0.099208958
-0.078695469
0.058481205
0.127857
0.13849582
0.00049971027
-0.097590737
0.060138263
-0.004042414
-0.0035313473
-0.048014298
0.018422529
0.020295151
0.036626343
0.070065349
0.018694388
-0.064446248
0.082334995
-0.0041756229
-0.14143839
-0.03999969
-0.056870714
-0.020517506
0.0017750673
-0.009085766
-0.024301916
0.049954902
0.007587851
-0.020479264
0.031553473
-0.022421516
0.0014998721
-0.044365842
-0.0011903576
-0.080745883
-0.15547232
-0.099698789
0.082597733
0.14782535
0.09973108
0.18424653
0.1096748
-0.13337027
0.11587213
0.10670701
-0.1575034
-0.15220043
-0.023788033
-0.041618314
0.09754955
-0.065327749
-0.041111521
0.11806959
0.040562399
0.14398046
0.17566253
0.00079088163
0.031597994
0.048017133
-0.071733981
-0.11363165
0.045704514
-0.032487866
-0.027040673
-0.11019193
-0.029344646
-0.022398904
-0.0040031956
0.014421768
0.032882869
-0.04263483
-0.053821754
-0.0065167891
-0.12017961
-0.14618418
-0.11622957
0.016277051
-0.070347384
0.13391712
0.022920933
0.042383526
0.17365582
0.044212174
0.12247075
0.10206109
0.10613246
0.14923623
0.16336808
-0.032528687
-0.025532059
-0.062929504
-0.1159979
-0.067988388
-0.21130304
0.090125635
0.097351193
0.17239843
0.029013541
0.021255666
0.059619728
-0.035642628
-0.0093668187
0.0019930997
-0.13709135
-0.031925615
0.051571991
0.077434033
-0.11176184
0.010946024
0.062464029
-0.076847814
0.061555915
0.018081177
-0.008795036
-0.00108209
-0.0073733376
-0.069452554
-0.016862404
0.038811091
-0.020205187
0.20001023
0.032122113
0.087494932
-0.031264592
-0.057367057
-0.0074108043
0.011672389
0.037136566
-0.10829049
0.0076903892
-0.070726112
-0.081749201
-0.084433131
-0.093923725
-0.096672721
-0.063527457
-0.087070808
0.020766709
0.03624418
0.14179708
-0.0085863108
-0.07136634
-0.0068897032
-0.059014842
0.022527464
-0.04023473
-0.085809208
-0.048692875
-0.01676265
-0.064823419
-0.014635704
-0.019024346
-0.026202973
-0.019957798
0.1389509
0.17307201
0.013053642
-0.058436703
-0.045776144
-0.006618144
0.054217048
0.05724154
0.02284511
0.050717324
0.027865393
-0.0032910735
0.16782415
0.082826935
0.082780607
0.04160421
0.031461254
0.013870333
-0.0066721258
-0.029997945
-0.017748762
-0.047955897
0.042568602
0.090719067
-0.099100493
-0.069092833
-0.03677883
-0.048749775
0.10621827
-0.00049859233
0.041481942
0.077226087
0.083043285
0.092736296
0.054110311
0.032086872
0.045847494
-0.0023533404
-0.073681504
-0.16067918
-0.042759415
-0.071408734
-0.12353205
0.0063453498
-0.072674379
-0.15347707
-0.062251847
-0.14554141
0.082553297
0.18600237
0.10783789
0.030667892
0.088374555
0.090237603
0.016643744
0.039996389
0.13642532
-0.088719115
0.057734307
0.040621858
0.089557424
0.072686367
-0.08044935
0.13647258
0.082775146
-0.14229012
-0.078449577
-0.054045316
-0.06044811
-0.020489311
-0.10390943
0.024202369
-0.16165692
-0.16483971
0.012439883
-0.089507982
-0.049883779
-0.027225621
-0.08261203
-0.035189103
-0.059786987
-0.094588101
-0.016072894
0.0044474173
0.0050262092
0.011546995
0.028157664
-0.043380521
-0.035827499
0.04289411
0.020334374
0.029553382
-0.16386633
-0.17632629
0.12191725
0.33215681
-0.1400007
0.088149667
0.17810027
-0.15369841
-0.15842567
0.0023000191
0.25760597
-0.05660658
-0.14081126
0.009251086
-0.086084604
-0.0022713193
0.006413491
-0.16774915
-0.27720261
-0.18634725
-0.22223024
-0.17697878
-0.032456402
-0.0065249004
-0.1100946
0.0037113158
0.047081582
-0.07750535
0.13482489
0.22468853
0.014284433
0.14550978
-0.09455923
0.023269106
-0.042295568
-0.28280127
-0.14567059
-0.12704149
0.010838591
-0.009991141
0.097061984
-0.052062221
-0.20329744
0.13743772
-0.1073176
-0.25977978
-0.11562811
-0.024272196
-0.027218839
-0.094666995
0.085634984
-0.06920892
0.15606457
0.2211639
0.0043430771
0.11027874
0.17428792
0.18102112
-0.015553312
0.055889774
-0.043637693
0.083572783
0.073003009
0.13052054
-0.17540218
-0.16815686
0.086915851
-0.13177936
-0.088366538
0.089339346
-0.20499535
-0.19056888
0.080896012
0.068192393
-0.079472885
0.0024116698
0.028475171
-0.072952807
0.15324558
-0.081524223
-0.12462188
-0.015616511
-0.20060848
-0.24201569
0.046968076
0.026789641
-0.07505437
-0.050834153
0.23423737
0.081798434
-0.071628973
-0.091339491
-0.1680685
0.0048779366
-0.17867972
-0.1530069
-0.094060473
-0.19181097
0.079562284
-0.041229427
0.0077454345
-0.02846976
0.067691348
-0.10728829
-0.12245707
-0.12574333
0.15077136
0.020676913
-0.10606825
0.16259852
0.23494613
0.11391878
0.051936869
-0.17898327
0.0032665434
0.028466105
-0.22788639
0.0070827394
0.13776387
0.15309244
0.23042361
0.22166628
-0.038435854
0.017980374
0.064634211
-0.17334351
-0.23322271
-0.18156116
-0.1810969
-0.1491261
0.03313899
-0.012360678
0.087304622
-0.014829139
-0.1259305
-0.020148978
0.04974433
-0.06831082
-0.045415975
-0.024376815
-0.21833844
-0.12263682
0.26558831
0.083229803
0.20936817
-0.045600876
-0.096499451
-0.18317181
-0.0013449239
-0.025635755
0.11241736
-0.11156088
-0.059482709
0.27366236
-0.019522099
0.13238761
0.023597695
0.096483946
-0.057194144
-0.042809676
0.01204202
-0.12487423
-0.13805291
0.011064853
-0.03854179
-0.038121346
0.003906697
-0.069658116
-0.011411091
-0.054249618
-0.13415292
-0.15863065
-0.1203445
-0.28455219
-0.24091527
-0.015886929
-0.049426563
-0.058831967
-0.0047764736
-0.052646324
-0.099047169
0.019619029
-0.1428389
-0.31594136
0.11066498
-0.1900841
-0.21532205
0.080893718
0.040015884
-0.12745129
0.075139329
0.017355958
-0.027290529
-0.00304486
-0.10865989
-0.074048214
-0.080994204
-0.31617001
-0.23557697
-0.11898024
0.15515098
0.21208481
-0.055208795
-0.1261729
-0.075429276
0.0012349545
-0.08090765
0.11339528
-0.21450309
-0.018254288
0.15032597
-0.16569908
-0.060082529
-0.0021274993
0.14530501
0.26576966
0.45899728
-0.15213224
0.0069462834
0.11251453
-0.15941069
-0.048458803
-0.13116618
-0.33015853
-0.082909621
-0.14541651
-0.062080458
0.052051224
-0.077721842
0.10718875
0.12846212
0.12937805
-0.020404581
0.19270743
0.16102985
-0.23430729
-0.13711752
-0.22532155
0.044686526
0.18154913
-0.011262269
-0.15475753
0.00073550397
-0.07314948
0.10462043
-0.1842048
-0.0029755859
0.20477381
-0.0035073522
0.13183407
0.31180367
0.0023761245
-0.20168628
-0.082531333
-0.069643706
-0.22465208
-0.0032201093
-0.013098674
-0.079542637
-0.11861419
-0.099517263
0.12300852
0.037852008
-0.12522638
-0.12477993
-0.037327491
-0.014042303
-0.098756135
-0.028787646
-0.001622714
-0.021921476
0.022444502
0.018734271
-0.063428268
-0.19264363
-0.11506979
0.0335159
-0.044609457
-0.13673469
0.08542072
0.046122152
-0.1259394
-0.05291529
0.10034727
0.0081607755
-0.027348025
-0.020055158
-0.099011675
-0.16321115
0.040025767
0.037401456
-0.23573689
-0.056260664
0.26241699
0.14397387
0.034596607
0.1212576
0.04882561
0.12667176
-0.099753812
0.10430118
0.074793756
-0.17457099
0.10964397
-0.0076482184
-0.0094951605
0.17804325
-0.18853749
-0.040777892
0.11839428
-0.17269337
0.089239277
0.039999668
-0.24351014
-0.064445458
0.016161505
0.30994058
0.36843514
0.0011587907
0.10046283
-0.088525161
-0.16210023
-0.15297632
-0.29283026
-0.14858124
-0.092593804
-0.14548093
-0.0069759754
-0.14860144
-0.35610336
-0.038726255
0.24517527
0.0098491814
-0.1445671
-0.14650884
-0.10754315
-0.06203961
0.067079388
0.14454386
0.071817651
0.21268421
0.25547764
0.21708325
-0.17750335
-0.21408576
-0.064147674
0.28678232
-0.014025799
0.14484602
0.39486307
0.16927895
0.081516854
-0.048639648
0.013500505
-0.14726233
-0.16442159
-0.028604558
-0.002587775
0.17943716
0.0037115852
0.030869115
0.037621912
0.18520811
-0.23569269
0.10675448
0.20424399
-0.20124431
0.29148349
0.19734006
-0.28163043
-0.22395188
-0.002999051
0.033081509
-0.070902012
-0.002703835
0.16882612
-0.011423098
-0.14055339
0.061986893
-0.081798568
-0.07534302
-0.061970271
-0.21144816
-0.039139908
0.021185206
-0.26494247
-0.040772602
-0.02476318
0.2384969
-0.033753488
0.18991949
0.026446432
-0.018339282
0.10516065
-0.0055614561
-0.063706957
0.029896099
-0.0095248865
-0.039576981
-0.011423149
0.19493988
0.072283924
-0.10734604
0.092565596
-0.015248584
-0.2069221
0.10000475
0.19927301
-0.05800835
0.078608476
0.073891304
0.0074099335
-0.095176518
-0.1252169
0.027156865
-0.17301574
-0.083180666
-0.02622086
-0.029822288
0.011066942
-0.010756442
-0.09704762
0.023795584
0.073903069
0.030258399
0.037614968
0.19616581
0.045923829
-0.041106522
0.073090963
-0.27187794
-0.24741757
-0.096904233
0.11585181
-0.0037471156
-0.015915733
0.049230672
-0.080716074
0.24457729
-0.24127215
-0.13204952
-0.06327153
-0.0022621774
-0.17534181
-0.44137484
-0.069716819
-0.1664584
-0.1311986
0.13899492
0.065268934
-0.051399454
0.27812874
0.10100967
0.045638058
0.12070695
-0.098507166
0.0115924
0.14086157
0.052887842
-0.040085237
-0.1568483
-0.25892824
-0.02587126
0.031487755
0.067364387
0.17984806
0.12444439
0.081799597
0.028184524
0.17753665
0.19990885
-0.030937325
0.076656207
-0.11485611
-0.23785692
-0.16751625
-0.25581187
-0.16563727
-0.063526191
-0.23442206
-0.10994586
-0.045733206
-0.18528043
0.23947588
-0.0045575397
0.15762959
0.21588212
-0.013646964
-0.10376781
-0.15693262
-0.056597706
-0.1584238
-0.11402304
-0.09511862
0.075421803
0.31450832
-0.21813177
-0.11070662
-0.044724714
-0.078887142
-0.032013115
-0.055935614
-0.10663238
-0.051629514
-0.12999044
-0.04993771
-0.091260202
0.029219486
-0.13471405
-0.14150047
-0.1809068
0.28760454
-0.24901332
-0.26534191
-0.037784237
-0.11369538
0.02531096
-0.4415316
-0.24333407
-0.0028261582
-0.071733542
0.076568417
0.23306957
-0.13554931
-0.14346598
-0.10958251
0.00084043131
-0.10531835
-0.020210609
-0.08548288
-0.20318803
-0.05921559
-0.1016034
-0.33662036
-0.094007716
0.26120555
0.038938355
0.18648313
0.19593868
-0.27520752
-0.06461975
-0.21293823
-0.034030922
0.18105434
-0.35998279
-0.062489919
0.059457265
-0.10314218
0.0033050929
0.013537722
-0.066606954
-0.11035044
-0.12081959
-0.09638831
-0.13717477
0.065023571
-0.16553555
-0.12631223
-0.075055137
-0.1269788
0.13998881
-0.13934465
-0.084043562
0.094535261
-0.025716029
-0.22305328
0.11500762
0.19362171
0.043383729
-0.019620731
-0.001434133
0.068419337
0.10699886
0.15609704
-0.16902734
-0.1301081
-0.035684645
-0.0080591142
0.059205607
0.12131938
0.031643972
-0.014434789
0.16723527
-0.020410191
-0.073888831
0.09171728
0.23230518
0.017860485
0.017381771
0.083823845
0.0088468697
0.094890296
0.019208115
-0.019076237
0.030350957
-0.00074167759
-0.076719224
-0.11208761
0.041490179
-0.078446403
-0.15655579
0.010635264
-0.0051900931
-0.078209698
-0.046810649
0.10262904
0.12313145
-0.097917058
-0.08896248
0.048126046
-0.076082632
-0.13219894
-0.024588104
0.34574807
-0.019504467
-0.18339044
0.23946515
-0.049282651
-0.28573582
-0.061028603
-0.099845529
-0.030137662
0.089895189
0.14992088
0.18353291
0.12536536
0.016168766
0.10857751
0.16929801
-0.13924322
-0.0083321324
-0.023729246
0.069255799
-0.12504473
-0.028608017
0.074629024
-0.086554639
-0.15683569
-0.071706042
-0.17233291
0.12303465
0.11139633
0.17230132
0.01755996
-0.0054520355
0.070354551
0.06132314
-0.052935779
-0.085347593
0.215837
0.15668212
-0.11560872
0.098365009
-0.161514
-0.09154214
-0.11437536
-0.19932812
-0.097192287
-0.0032638966
0.015661765
0.22649376
-0.10593048
-0.18130478
0.040263105
0.10241979
0.040222377
0.068413794
0.0031807437
0.14013737
0.31828475
-0.0013681988
0.053020414
0.18394895
-0.12757325
0.030825946
0.07115256
-0.097449288
0.052244492
-0.012760493
-0.068987094
0.084303968
0.10535386
-0.075559057
0.016031446
0.070732027
-0.04614627
-0.0080097262
-0.12902482
-0.074236706
0.06254939
-0.085776091
-0.042246856
0.023051349
-0.045206144
0.09955401
0.046357896
0.055508777
0.085526824
-0.17651136
-0.037736699
0.37066823
0.083504923
0.1218264
0.072894655
-0.014600752
0.056237616
0.08346539
0.084054887
0.068177089
-0.016011005
-0.16809568
-0.19529372
-0.047002129
0.032283552
-0.12149069
-0.087295353
-0.082724363
-0.18701838
-0.27054292
-0.31309068
-0.22730011
0.0017342726
0.051614217
-0.014643988
-0.017102892
0.042802509
0.0017748087
-0.038215607
0.053162705
-0.042523403
-0.091239519
-0.078177407
-0.070873439
0.0011329117
-0.038564831
0.051214103
0.058843125
-0.079574466
-0.05939877
-0.09167625
-0.029755726
-0.036625277
-0.0036664438
0.11264312
0.00034667231
-0.1735564
-0.16054726
-0.2320635
-0.045730401
0.021021938
-0.14259547
-0.094377339
-0.027722767
-0.19668563
-0.25793427
-0.1696016
-0.31952721
-0.21310399
-0.082074113
0.070531234
-0.019537102
-0.02162428
0.0012833992
0.1141885
0.0026550214
0.0628234
0.020826684
0.012035866
0.13845831
0.030349372
-0.023081617
0.07838887
0.016849492
-0.0071452684
0.047869358
0.07723511
0.12171423
0.16402364
0.039509512
0.14794546
0.12470316
-0.054105788
0.064413086
0.059113089
0.009768201
0.055596117
0.15385804
-0.025970533
0.024020227
0.070647493
-0.0511261
0.052059133
0.1411076
-0.10997903
-0.012356929
0.062751211
-0.16971888
-0.16276734
-0.082527801
-0.046781559
0.052262831
0.040142052
0.032955021
-0.039686434
0.14489055
-0.074149907
-0.12552482
0.033153839
-0.070898145
-0.11656387
-0.080753572
-0.020129716
-0.033548046
-0.11516604
0.0030668052
-0.041055001
-0.035110153
-0.082265101
-0.06763681
-0.10765648
0.087705858
-0.070950776
-0.14138101
-0.014876971
-0.11932676
-0.12412459
-0.059425335
-0.053585652
-0.016721772
-0.031848498
-0.01276942
0.11050619
-0.02756493
-0.09686929
0.20771344
-0.23478079
-0.12084154
0.17328949
-0.1293259
-0.11547492
-0.18114154
-0.0042223032
0.061165366
-0.077119514
0.02895995
0.068594053
0.10376056
-0.093583249
0.037692968
0.055013668
-0.088761345
-0.011725783
-0.03336202
-0.013009775
-0.043360587
-0.011466837
-0.26774222
-0.13866609
-0.090481713
0.020235563
0.10309338
0.029333897
0.098685913
0.078751445
0.063057855
0.017189885
0.093707934
0.043651994
-0.012936636
0.039362714
-0.11105406
-0.091877401
-0.014890206
-0.20633514
0.077686459
0.09143576
-0.046425667
-0.035857152
0.025322132
-0.061209358
-0.16135298
-0.035945907
-0.041374292
-0.022768473
-0.036019348
-0.0027147722
0.073241092
0.029837914
0.010892649
0.040460497
0.029266629
0.024322269
0.14643188
0.04859788
0.11991547
0.031169398
-0.080929227
-0.052956223
0.053918499
-0.0850446
0.00576982
0.046995241
0.0020411783
-0.062593192
-0.034824345
-0.055912353
-0.073935322
0.059070017
0.0036505284
-0.087562717
-0.071534298
-0.037753724
0.035350021
-0.035505183
-0.026498528
-0.027648445
-0.053924013
-0.057667203
-0.049505278
-0.038508825
-0.067907959
-0.031619195
0.077626981
-0.0078966767
0.086720407
0.035751332
-0.055201929
0.086588606
-0.0803506
-0.032656033
-0.023210796
0.016730387
-0.0089248382
0.022735039
0.063406445
0.018035911
0.049857955
-0.078477249
-0.1172332
-0.088612311
0.010464582
0.028347958
0.10357843
-0.11409503
-0.029923923
-0.0019134094
-0.044627469
-0.019224072
-0.02697571
0.0057402952
0.0084547745
0.066045903
-0.13347277
-0.10092972
-0.054418016
-0.012646517
-0.048755839
0.025041405
-0.038461763
-0.044248644
-0.021862699
0.046484292
0.042789046
0.048410341
-0.11884758
0.077754751
0.0090685021
-0.10190088
0.078315757
0.010970944
-0.28935471
-0.11856491
-0.093450487
-0.009314741
0.0025218383
0.071103774
-0.035067156
-0.11378804
-0.00052601239
-0.12936185
-0.15978026
-0.02111364
-0.026641916
0.061525684
-0.034586735
-0.015064236
0.067653537
-0.073885001
-0.18584193
-0.050432522
-0.15117398
-0.04602601
0.026999503
-0.042054024
-0.043591592
-0.0010557313
-0.032825794
-0.12051342
-0.04697714
-0.081533454
0.019677816
0.0063134804
0.05837303
0.066607237
-0.0011283581
0.051113915
-0.021041071
-0.036527738
0.034211423
-0.17052111
0.0014649214
0.00038950122
-0.066340573
0.087505244
0.057491813
-0.14954837
-0.0088572344
-0.079936132
0.095123209
0.066929556
0.042199552
0.044265162
0.025793063
-0.038584515
-0.037618726
-0.0022463123
-0.12798181
-0.051617309
-0.089234896
-0.011283491
0.035042688
-0.022805111
0.025433585
-0.066734388
-0.11557437
-0.073760979
-0.08625523
-0.11317825
-0.13916422
-0.02582876
-0.053775985
-0.037220526
0.04354085
0.070751838
0.052282363
-0.042762626
-0.075596847
0.097814642
0.036939267
-0.0055347141
0.070756055
-0.0019300964
-0.13917083
-0.13529183
-0.059983
-0.041879699
0.00055470364
0.040383268
-0.018715175
-0.019141451
-0.038133144
-0.11383705
-0.090628296
0.052507728
-0.034837209
0.036597755
0.090597957
-0.0090469373
0.027679391
0.054047536
-0.046405047
-0.050912082
-0.0089042988
0.034791905
0.066235207
0.037016276
-0.00028545706
0.058306094
-0.21411416
-0.25744367
-0.13559753
-0.11790757
-0.059250854
0.038096644
0.038700342
0.036371641
0.14910683
0.027765481
-0.018799484
0.011928353
-0.033406496
0.014631158
-0.036217287
-0.011481476
0.02639088
-0.033323683
-0.19880158
-0.082360372
-0.076758906
-0.043536555
-0.17761549
-0.035708863
-0.027414149
-0.16378313
-0.05576371
0.038656849
-0.018050378
0.039627999
-0.11958219
0.032612748
-0.047057342
-0.014439312
0.1310471
0.028025819
-0.11734099
0.044285286
-0.031910188
-0.053470314
-0.088184372
0.019278027
-0.022922335
-0.057370659
0.044787671
-0.10746273
-0.077058606
0.031551499
0.00060006417
0.098375559
-0.010307163
0.021946071
0.076290295
0.012200576
-0.0045963959
-0.024636805
-0.089991048
-0.019197643
0.020525996
-0.027692838
0.030374661
-0.014260821
-0.037729718
-0.060538027
-0.046585478
-0.074275717
0.036460798
0.034676313
0.014390945
-0.036637008
-0.10697421
-0.076865971
-0.068872802
-0.20631373
-0.14333111
0.045861308
-0.041819423
-0.036832388
0.0047219894
-0.33232099
-0.1883844
0.15325403
-0.11152109
-0.042300932
-0.12100238
-0.20771007
-0.04156515
-0.16767251
-0.10054024
0.10398995
0.0019920818
0.1165841
0.077155925
-0.082173161
-0.015935011
0.10254384
-0.0094818296
0.073429368
0.10497101
-0.082188867
0.065823577
0.10319925
-0.073467419
0.045813929
-0.097939439
-0.019593542
-0.031251457
-0.013051833
-0.0097737312
0.032188095
-0.071181357
-0.12082552
-0.038900893
-0.11963704
-0.06761758
0.0050174599
-0.02261208
-0.024015175
0.11949859
0.10187297
-0.075861506
-0.13811573
-0.056149106
0.026320763
-0.034532756
0.038812224
0.040261529
0.13590966
0.1531443
0.076270178
0.052205097
0.013535638
0.015069385
-0.1306023
-0.026245657
-0.14350028
-0.25669789
-0.083411798
-0.13827594
-0.0096545136
-0.11935405
-0.037475429
0.013566462
-0.10449763
0.14903118
-0.011015868
-0.0026688951
0.044242673
-0.14374058
-0.18322922
0.014190396
-0.10674518
-0.11213946
0.15258992
0.044440433
0.10289804
-0.17096348
-0.19430117
0.086013727
0.13822757
-0.072090164
-0.018778721
0.1472687
-0.043120321
-0.14647676
-0.041037038
-0.10099389
-0.057624459
0.075974576
-0.07159435
-0.19946113
0.18987697
0.16137746
0.012514207
0.3524406
0.17042759
0.064594254
0.13180524
-0.064657122
-0.062348962
0.22758044
0.071794778
-0.1415576
0.13186263
0.047977764
0.054578401
-0.044781815
-0.024184724
-0.040752813
0.067217171
0.16269274
0.06905622
-0.19185384
-0.13921557
0.085909776
-0.0084738312
0.093654208
0.2717602
0.061706316
0.12159655
0.22335371
-0.096913278
0.053343482
-0.13593413
-0.056789316
-0.0092450175
0.033632692
-0.31470653
-0.24906765
-0.095654152
0.21077733
0.070315413
-0.12558044
-0.097647332
-0.14338623
-0.10511105
-0.060559798
-0.05151457
0.029122926
0.15186331
0.029596156
-0.095061429
0.16544054
-0.050859943
-0.010739685
0.092364594
-0.11621818
0.061606511
-0.044183828
-0.03364519
0.03025235
-0.075145923
-0.0076218406
-0.042092968
-0.059340522
0.10075226
-0.066600919
0.018580707
0.0037953248
0.1311873
0.070481203
0.13049987
-0.042909607
-0.015398041
0.090306804
-0.012679194
-0.039298695
-0.004232971
-0.15066159
0.048553076
0.0080181528
0.021677481
0.11800648
0.050606091
0.072149806
-0.025574271
0.11684828
0.30457115
-0.22869979
0.065219946
-0.1228927
-0.15926701
0.14801788
-0.071490467
-0.20077676
0.019673292
0.20771636
-0.17121454
0.069376849
0.057959631
0.082639016
0.0041644024
-0.12413604
0.0049953791
0.086150095
-0.000877121
-0.013915871
0.052183278
-0.04809602
0.14703061
0.086039707
-0.025792887
0.12280269
-0.027087657
-0.067784712
0.086568885
-0.18004341
-0.12102143
0.060734693
-0.1532322
0.028698422
-0.20332561
-0.18892482
-0.033430964
-0.031572681
-0.12370043
0.069983169
0.13216983
-0.072943546
-0.0013745823
0.12052846
0.0463516
0.068203785
-0.16187768
-0.14019306
0.18771181
-0.30463338
-0.19015001
0.11574109
-0.23985089
-0.12783642
-0.25060937
-0.14015007
-0.052111104
-0.0064945836
-0.19793081
-0.11852731
0.010435984
-0.23372851
-0.35934144
-0.21181075
-0.099991038
0.012326209
-0.011755043
0.10792822
0.18836164
0.32648897
-0.12702659
-0.18974318
-0.093499698
-0.054549124
-0.051401243
0.0069616777
0.1600062
0.10986552
-0.029886784
0.21800317
0.10960888
-0.022742396
0.070603065
0.082341202
0.036336578
-0.34629002
-0.36042446
-0.021420622
-0.14144425
-0.18170945
-0.071491569
-0.057385214
-0.11190095
-0.080357499
0.1420978
0.21437705
0.20326373
-0.12395658
0.20254706
0.083419979
-0.10000549
0.19624764
-0.062354632
-0.059889186
0.017152855
0.11561335
0.02686872
-0.13182938
0.23622397
0.074055605
-0.11242886
-0.23349009
-0.053576332
-0.045404129
-0.15845971
-0.36362678
-0.1924928
-0.073677339
-0.17589521
-0.073256426
0.041008569
0.21227306
0.086071208
0.053345494
-0.36259928
-0.13792443
0.20214662
-0.058750357
0.17364648
0.14282112
0.038306642
0.093949936
-0.34372905
-0.17562857
0.12037298
-0.035596527
-0.13424474
-0.057463668
-0.11603816
0.0049896771
0.0037282801
0.043334574
0.075996384
-0.14924596
-0.033015691
-0.24966544
-0.3141773
0.14234507
-0.18010157
-0.022288727
0.24732655
0.39023468
0.012509154
-0.044676796
0.03241381
-0.19735359
0.11044142
-0.0050842562
-0.14026892
0.025390984
0.39908701
-0.23317218
0.13589199
0.30630311
-0.45134601
0.0048792497
0.10598015
-0.26303813
0.20289929
-0.095975392
-0.12302307
0.0010517958
-0.055716451
-0.3580026
-0.031793144
-0.071048334
-0.20831595
-0.0083027435
0.15794793
0.038887016
-0.11738995
-0.16975711
-0.098991424
-0.22315238
-0.092494771
-0.055474807
-0.3325249
0.31401581
-0.17075005
-0.22889401
0.053219914
-0.19928262
-0.21157391
-0.19104008
0.063217677
-0.15491793
-0.15587309
0.027532591
-0.031122157
0.11384101
-0.10553668
-0.045683894
0.045399599
-0.073851071
-0.067254268
0.15992598
-0.11353815
0.17536254
-0.053279109
-0.092877768
0.23234786
0.1123263
0.04615603
0.16424917
0.020961635
0.10184545
0.017823186
-0.11094131
0.24751629
-0.0095909005
-0.028266333
0.13777682
-0.08622013
-0.13614412
0.21842681
0.18037291
0.045953538
-0.0044686557
-0.058199201
-0.0048942119
-0.1689052
-0.09016519
0.061547499
0.041793305
-0.12224732
-0.082756475
-0.092244968
-0.051844683
0.03321635
0.15296818
0.1232766
0.077290311
-0.22906642
0.079408109
0.041304063
-0.16131176
-0.018536102
-0.10134734
-0.049506102
0.20102462
-0.08758156
-0.045043126
0.25867331
0.034499902
-0.42100173
-0.20957972
0.47650591
0.055547602
-0.16341858
-0.24100915
-0.11116261
-0.12465167
-0.018231381
-0.098715469
-0.1169842
0.012294045
0.0084171826
0.11184525
0.32068011
0.54106957
0.17964612
0.023386756
-0.31368515
0.056075916
-0.14741015
-0.36778176
-0.036254957
-0.12561734
-0.32585913
-0.22531791
-0.065869272
-0.065828465
-0.04218322
-0.16329326
-0.015095326
-0.061731484
0.056903761
-0.26442328
-0.28677094
0.10840592
-0.32992652
-0.019891698
0.18757042
0.31244126
0.54453558
-0.12928058
-0.10659111
0.33355913
-0.19782911
0.10841132
0.095368631
-0.071463153
0.034029376
0.11017052
-0.13960809
0.05040507
0.20274279
-0.14209101
0.18347578
0.083141178
-0.019377988
-0.088096
-0.19466747
-0.067535639
0.21560895
0.43281406
-0.14290582
0.1674412
0.42823049
0.16104999
0.060792245
0.080564268
-0.12065496
-0.022833807
-0.27446973
-0.24701424
-0.00802093
-0.17503567
-0.084218025
-0.040360775
-0.094425559
-0.063856326
0.23975964
-0.21991639
0.010489684
0.015051908
-0.098413602
0.19736302
0.14741103
-0.095105551
-0.32322055
-0.15053816
-0.14165002
-0.033671498
0.028029859
-0.022974007
-0.09591978
-0.12563907
-0.22707914
0.033797789
-0.036266301
-0.18046264
-0.089828007
-0.084449813
-0.071459286
-0.061640523
-0.12765387
0.11594252
-0.25412539
-0.15135655
0.46415177
-0.27409181
-0.32084733
-0.013995624
-0.038227443
-0.042514343
-0.20124371
0.0050822585
-0.044552494
0.16013524
-0.096374616
-0.12104592
0.066726699
-0.1696949
-0.17891951
-0.040989753
-0.10988327
-0.14651102
0.054003004
-0.078863472
-0.1115195
-0.24168071
0.14260411
0.13756737
-0.23771602
-0.0087184059
-0.051577274
0.13470504
-0.12769224
-0.074898399
0.0075731771
-0.09151721
0.15242694
0.13686198
0.11015702
0.0024761395
-0.063319251
0.018483197
0.049740516
-0.061929476
0.126672
0.02301709
0.12911499
0.099210761
-0.0058582495
-0.12840919
-0.038290568
0.036110874
-0.11401779
0.11115248
0.017515179
-0.095326826
-0.022399135
-0.0085591357
-0.065220818
0.043170732
-0.088094041
-0.10436484
0.15520738
-0.043046154
-0.07791429
0.19908328
-0.13268787
-0.075610436
0.1221161
-0.015447433
0.021381561
0.046609771
-0.070089422
0.12799075
0.0098972265
-0.02163139
0.099722907
-0.087828532
-0.067915499
0.099616855
-0.004119582
0.11131988
0.13556682
-0.051979423
0.012801006
-0.019307785
-0.18584709
-0.15562785
-0.015394329
-0.10156967
-0.031135434
-0.037965994
-0.022689277
-0.0015729567
0.047140419
-0.050501619
-0.083035648
0.071264975
0.11834885
-0.12148765
0.13831338
-0.057118893
-0.089863673
0.063266657
-0.10375646
-0.23514476
-0.18010882
0.13858128
-0.18397671
-0.18366043
0.094809584
-0.070334144
-0.014366367
-0.017457329
-0.069139972
-0.071565516
0.092194311
0.082241222
-0.052757274
-0.16715147
-0.11191472
0.10793388
-0.039393809
-0.050189737
0.13113615
0.08733765
0.081315756
0.11494899
-0.053016681
0.032144934
-0.12712353
-0.096169382
-0.047773946
-0.058150221
0.016720733
0.046534657
-0.11430107
-0.011008525
0.054292586
0.13834679
0.012438072
-0.070918016
0.013387132
-0.036407012
-0.049181152
0.066143751
-0.089182787
-0.11634971
0.16032119
0.035818178
0.029684789
-0.019643489
0.03594517
0.045326591
-0.049379043
-0.033676248
0.11630196
0.17121567
0.012331416
-0.061843932
0.057111613
0.096453898
-0.070474938
0.070198283
-0.0077490159
-0.028325908
-0.05689811
-0.15995109
-0.15515997
0.012384422
-0.12903942
-0.21058339
0.12312303
-0.096332408
0.036029983
0.13694204
-0.22383471
-0.03256974
-0.067150623
-0.017871955
0.037407853
-0.07713744
0.12132502
0.029682759
0.0073825545
0.088483036
-0.13370171
-0.33135235
0.2937974
-0.077092454
-0.19418491
-0.081596859
-0.08378356
-0.14516035
0.052691113
0.012317905
0.010612684
0.081665061
-0.0021009184
0.07441017
0.047421664
0.079856455
-0.062936969
-0.0029786369
-0.024789525
0.086850725
-0.11410465
0.050090801
0.11409091
-0.17039414
-0.06638778
0.12321597
-0.092528582
-0.070052572
0.12691325
-0.14714698
-0.18275316
-0.088455111
-0.058038957
-0.060490601
0.064069808
-0.033833504
-0.051367134
0.084743738
-0.0013570454
0.04157114
0.045477085
0.10065079
0.005756299
-0.084600538
0.057097185
-0.034888878
-0.098943107
0.32670715
0.13509463
0.068654321
0.1732491
-0.11575209
-0.103692
0.18187062
-0.0086627258
-0.067987166
0.0089536225
-0.0067525827
-0.20486455
0.0057392195
-0.12673859
0.055215605
0.18098514
0.063280389
0.14969887
0.016936688
-0.042194474
-0.070781916
-0.020109618
-0.0051641846
0.020799832
-0.18304762
-0.0079929922
-0.02331337
-0.06627313
0.12773436
0.1340346
-0.019009026
-0.18957373
-0.01657255
0.13366815
-0.083115712
0.073961452
0.23682056
0.15231249
0.14052792
-0.15121764
-0.10550731
-0.10376243
-0.023850165
0.035203129
0.0040244926
-0.099450491
0.021293165
0.074874781
-0.089439139
-0.20151769
-0.17939757
-0.008013729
-0.066840447
0.064084232
-0.091226324
-0.045160331
0.12931591
-0.10650402
-0.093354419
-0.020432856
-0.14592065
-0.13003206
-0.12542224
0.36474034
0.20108445
-0.011098128
-0.0073769656
-0.0037738008
0.059997756
-0.0084605915
0.031781577
0.009952886
0.060292345
0.10595138
-0.041087288
-0.048035357
-0.035051655
0.025475547
-0.11811373
-0.19833215
-0.01610194
-0.076273918
-0.20791371
0.06870389
-0.1083964
-0.0068239947
-0.001647946
-0.049794007
0.033559408
-0.0078523383
0.053476892
-0.042083945
-0.053265654
-0.1221699
-0.071928605
0.17002586
0.11047388
0.051542278
0.18837047
-0.085408591
0.11530231
0.17000291
0.041496117
-0.2334356
-0.1985893
0.21812668
-0.033235714
-0.094078988
0.040369909
-0.32769117
-0.41625622
-0.0094779599
0.11134168
0.28227979
-0.10239209
-0.030739415
0.025922056
0.037142374
-0.099578843
-0.13055128
0.035985526
-0.11124048
0.13283551
-0.04564793
-0.044623584
0.11343186
-0.23321211
-0.12080948
0.25319239
-0.040493097
-0.060767613
-0.14733769
0.061367054
-0.0083463816
-0.14605488
0.19880907
-0.033238579
-0.099783063
-0.16747642
0.0014835474
-0.021840259
-0.18842193
-0.033243943
0.17210461
-0.11475967
-0.15234059
0.090918608
-0.016125571
-0.0096145254
-0.066807643
0.05018919
0.15030441
-0.052921485
0.095045723
0.025536349
-0.19156119
-0.1624877
-0.12802656
-0.047246259
0.042766094
0.0058843922
-0.13311599
0.042797305
-0.11299013
-0.16108732
-0.032676905
-0.057393782
0.1616234
-0.037871204
-0.015297689
-0.025987618
-0.12327818
0.084769741
-0.025130602
-0.023619568
-0.10729882
0.10760321
-0.11452112
-0.025659386
0.10958251
-0.052595574
0.039182443
0.078544088
-0.00032389452
0.11258252
-0.026845837
0.03227067
0.14913297
0.10711234
0.066996418
0.17683108
-0.023677005
0.19366117
-0.065545216
-0.017342726
-0.019931946
-0.096562721
-0.0039605135
-0.14377919
-0.0082003837
0.098592706
-0.071958281
0.084980577
-0.18852523
-0.11667292
-0.022392582
0.052233558
0.032066584
0.014843007
0.091116056
-0.19203936
-0.26135695
0.14569853
0.091863446
3.8775343e-05
-0.0055171927
0.11664832
0.0023170242
0.015095257
-0.034090489
-0.065565735
0.3087444
-0.089624681
-0.19986869
0.22766021
-0.0013555411
-0.16179925
-0.12369778
0.023562623
0.038547281
0.088207982
-0.040091556
-0.020808587
0.048320513
-0.13598485
-0.025617771
0.12211208
0.067631319
-0.19239016
-0.17934386
0.074358016
-0.13010898
-0.17884816
0.17802089
0.16892779
-0.04069636
0.18581262
0.076352701
-0.24607357
0.30290613
0.19303042
-0.12349412
-0.10168419
-0.15146211
-0.1638924
-0.11297028
-0.029218169
-0.079976693
0.0030512246
0.036382627
-0.050399311
-0.020751024
0.013639636
-0.12323404
-0.10157704
-0.078920648
-0.088911779
-0.050204657
-0.082584217
-0.039082024
-0.011263059
-0.052067105
-0.10968302
-0.090903133
0.15529957
0.12435769
-0.021078741
-0.010784107
0.027885329
0.23609111
0.035396367
0.16775779
-0.081326023
-0.13450104
-0.19650674
0.27696219
-0.06236171
-0.067302331
0.051503934
-0.20301691
0.01409227
-0.065486684
0.031674411
-0.13862133
0.1127813
0.20888023
0.022784263
0.24145868
0.16373937
0.06369929
-0.21543196
-0.010915054
-0.094016694
0.03883915
0.073594168
-0.014029729
0.05208968
0.36414516
0.16140287
-0.025722684
-0.077288263
-0.17166857
-0.10930301
0.035988372
-0.098045498
0.0087341154
0.21929859
0.11194723
-0.25161743
-0.014910973
0.044554565
-0.18343136
-0.10736889
-0.064149976
0.049830452
-0.014291414
-0.092762716
-0.11830501
-0.03581341
0.11056125
-0.016805083
0.046739921
-0.047872484
-0.073440135
-0.002878716
-0.27754366
-0.02497365
-0.12475927
-0.11231558
0.053215548
-0.016602499
-0.047686011
0.13387072
-0.10892465
-0.094680086
-0.40359604
-0.27475247
-0.046515286
-0.28252843
-0.19315836
0.0027324595
0.17285156
0.070143722
0.00087366183
0.053859267
-0.04646216
-0.057714213
-0.19403546
-0.14423308
-0.046711575
0.026550021
0.17471476
-0.039170805
-0.11808494
0.10034521
0.013748094
-0.081519045
-0.061708178
0.011466464
-0.13597953
-0.21980116
0.026059344
-0.22956665
-0.14147632
0.07204929
-0.061202988
0.053181484
0.12724303
-0.14074415
0.089999847
0.051025555
-0.079721153
-0.026241234
-0.0033359807
0.056186195
0.071134992
0.20080262
-0.084558919
-0.086797066
-0.12690042
-0.051441569
0.00066607416
-0.14142002
0.087097913
0.099034563
-0.093408868
-0.042315714
0.020118976
-0.11512511
0.02069786
-0.20230974
-0.20918152
0.080206223
-0.08405859
-0.013614816
0.15772091
-0.08980605
0.030129859
-0.19502968
-0.10729536
-0.25283217
0.011423264
0.086770497
-0.022312569
0.088937461
0.17561515
0.091378957
0.0081881164
-0.0098180342
0.17504548
-0.011652936
-0.077075601
0.11519235
0.1562434
-0.13617751
-0.26470292
0.017228154
-0.10478363
-0.18700248
0.014527008
-0.1117379
-0.18976037
0.11098949
-0.061367013
-0.064088613
0.13232273
-0.06974262
0.010113223
-0.12583604
-0.1851089
-0.17026331
-0.033287194
-0.14480565
-0.092076138
-0.08094015
0.052754454
-0.033172552
-0.12827805
-0.01780938
-0.1386462
-0.16335292
-0.010860525
-0.059982415
0.0040904772
-0.23507303
-0.18278253
-0.031154808
-0.13065927
-0.021080436
0.069380164
0.059131473
0.096416101
0.10351981
0.042049613
-0.049500536
0.17485775
0.049608551
0.028272992
0.14096531
0.02181543
-0.069386646
0.0012017488
0.11910947
0.17245662
0.015698511
-0.11262791
0.020544177
-0.015904084
-0.014885519
0.089529909
-0.026850386
-0.033359516
-0.016944682
-0.0033118096
-0.009687853
0.095533893
0.0074953591
-0.04921028
0.077914663
-0.035437271
-0.0013117838
-0.14997716
-0.11091127
-0.14087151
-0.14638266
0.060368676
0.25582319
0.23033124
-0.14467375
-0.010593039
-0.027379816
0.080642067
0.08761926
0.14731394
-0.22391415
-0.19765413
-0.03566381
-0.16850685
0.097217567
0.032165788
0.066308863
0.17356957
0.11488596
-0.024944589
0.058651682
-0.060738433
-0.062372904
0.057507593
-0.018725285
-0.24403574
-0.35718155
-0.26650196
0.093007609
-0.022411313
-0.11082704
-0.16142774
-0.15991503
-0.173967
0.01047597
-0.065966792
-0.22823155
0.16677493
0.097681448
0.056894135
0.071934879
0.1494517
0.098018743
-0.03180388
0.13398668
0.06970337
0.0017500431
0.045143798
-0.23234713
-0.19223821
0.0017968111
-0.18807602
-0.10847172
0.034304745
0.0087938309
-0.062214013
0.046640452
0.11737594
-0.094050333
-0.10627996
-0.13616723
-0.090750985
-0.19593124
-0.057328165
0.16826317
-0.13166276
-0.031492144
-0.075849511
0.011499137
-0.053245191
-0.075568222
0.062117986
0.086685397
-0.046004031
-0.046536107
-0.033050045
-0.023898685
-0.036399029
0.15564395
-0.071489401
0.052397676
0.15781872
-0.10565545
-0.1313192
-0.0027657889
0.087297522
0.068461284
0.024338981
0.25963074
0.12131191
0.078926571
0.0088075576
-0.077190936
-0.12420125
0.067684427
-0.035460379
-0.11408211
-0.022202678
-0.081574664
-0.012799464
-0.11159175
-0.057098251
0.061316896
0.086436667
0.068923764
0.02437024
-0.022330012
0.055428796
0.066053875
0.065391637
0.08594761
-0.024631554
0.29060519
0.27405795
0.28351536
-0.11931859
-0.1573564
-0.0035557174
-0.33538175
-0.29039502
-0.17914224
-0.10065508
0.068962775
-0.05333367
-0.035153624
0.045506183
-0.00714684
-0.010055339
-0.018144177
-0.10245503
-0.1449495
-0.15382631
-0.35838956
-0.075751811
-0.050675131
-0.1318116
0.14027968
0.19062726
0.12655506
0.085090205
0.083598457
0.13596068
-0.039627761
-0.019936742
0.019236276
-0.13901211
0.0023045819
0.13409868
-0.060954157
0.0082466546
-0.0015688
0.088300265
0.030438021
0.024876384
-0.052977931
-0.055184472
-0.072965764
0.040068831
-0.072881274
-0.02497386
0.11092544
-0.011819992
0.013286796
0.044319779
-0.011700088
0.071010664
-0.24714266
-0.082510576
-0.25037855
-0.26502314
-0.015187828
0.022168189
-0.028650453
0.098833971
0.010320831
0.084524423
0.069699228
-0.097605832
0.068176039
0.13513336
-0.061518036
0.066636533
0.16475092
0.11856644
-0.045551211
0.057932008
0.20264402
-0.16423182
0.041262481
0.14126091
-0.12366308
0.25498459
0.11047164
0.034161486
0.0048978464
0.098715127
0.0083948597
-0.0044881883
0.035554226
-0.041434981
-0.028225062
-0.050599854
-0.11131249
-0.033807993
0.035700038
-0.031744625
-0.079359196
0.025322076
0.014318598
-0.063692138
-0.039559081
-0.070254616
0.049095653
-0.11216935
-0.080671489
0.11036041
-0.059716165
-0.14011553
0.058520015
-0.096828915
0.16738158
0.1421891
-0.15493299
0.028443318
0.12449212
0.016867463
-0.20318559
-0.023299651
-0.027959676
-0.055084173
-0.019587696
-0.022772869
0.0037984538
0.028137282
-0.026691219
-0.19283351
0.077713743
-0.083068028
0.0448801
0.006751521
-0.009515957
0.066372417
0.18218584
0.11296433
-0.08806698
0.1521803
0.011343138
-0.019167719
0.016641222
-0.041650854
-0.026077209
0.042467445
0.050015643
0.016977282
0.032747421
0.012540016
0.047779586
0.042009484
-0.018621337
0.072673433
-0.026581863
-0.094614878
0.1707904
0.026059471
-0.032838821
0.11657618
-0.077030413
-0.08068978
0.16753361
-0.086952858
-0.027870379
0.172369
-0.082537659
-0.099894568
0.075403467
-0.066177055
0.084161252
0.053640801
0.013422017
-0.025126429
-0.020442892
0.054114692
0.031259626
0.13778183
-0.016710557
0.15061697
0.10965553
0.055717871
0.14132452
0.020360848
-0.013721679
0.13778062
-0.024966892
-0.051257715
0.029123286
0.01720994
-0.049821783
0.06498944
-0.097426571
-0.17954266
-0.050157364
0.095839582
0.051526345
0.090706035
0.030630585
0.1509451
0.016577315
0.077691145
0.058603447
0.13024741
-0.067067474
-0.033439357
-0.14099532
-0.040165264
-0.020426216
-0.087789252
-0.048656076
-0.069770634
-0.042616799
-0.0084385807
0.24863181
0.15017007
0.01907742
0.18767861
0.013444572
-0.1448089
0.041270137
-0.094920732
-0.16179071
-0.059055362
-0.096969813
-0.11676846
-0.12680811
-0.030686319
-0.095578738
-0.13783002
0.042512041
-0.057708677
-0.01163974
0.08410161
-0.045858935
0.2016913
-0.020220533
0.030238278
0.27608678
-0.06237017
0.11907332
0.14567848
-0.035754427
-0.026539793
0.0048290896
-0.0094620604
-0.11050034
-0.06830056
-0.020253612
0.046631161
-0.059930205
-0.095576279
0.11093779
0.18654417
-0.081685692
0.043066457
0.23100905
-0.03856251
-0.068490319
-0.13253984
-0.1491459
0.014280859
-0.018792866
8.0137805e-05
0.00345859
0.028761836
0.073677704
-0.18503775
-0.11550395
-0.10396349
-0.086262695
-0.0190871
-0.043892056
-0.16985697
-0.13298708
-0.14911927
-0.023152692
-0.087171823
0.066795722
0.15293133
0.035397943
0.034462012
0.020405022
-0.0010584228
-0.086829074
0.016668888
0.028117239
-0.1077239
0.087942325
0.08925207
-0.045331273
-0.0043125902
-0.035511617
-0.079703249
0.18947369
0.064875104
0.03335404
0.073106788
-0.028361952
0.079168677
-0.15866759
-0.24708849
0.064078383
-0.133018
-0.074832454
-0.13739809
-0.10870747
0.031550504
-0.081715092
-0.012388507
0.18568288
0.023255687
0.17560941
0.14419551
0.12772639
0.10856494
0.2164764
0.024935845
-0.11870968
0.0482287
-0.15640748
-0.1440018
-0.11059536
0.1043609
-0.040150937
0.023941986
0.088846937
-0.087492235
0.0035632062
-0.095198788
-0.019574096
0.08571168
-0.03228141
-0.012858775
-0.085537203
0.010761002
-0.012924509
-0.19161555
0.044882137
0.12181127
0.11859751
0.05327484
0.078177102
0.094557554
0.11916815
0.07951501
0.018455328
-0.092821456
-0.019170938
0.01165186
-0.027957361
-0.0070952452
0.061674915
0.019193612
0.038598176
0.12267683
-0.016652044
-0.048259825
-0.089074418
-0.087473236
-0.13456903
-0.18005976
-0.051304746
0.025472987
0.05012276
-0.019865818
0.035839699
-0.015967123
-0.12090173
-0.0095185554
-0.12443829
-0.1312173
-0.011831138
-0.010253087
-0.12185289
0.15038002
0.08768636
-0.083188049
-0.0032598565
-0.02841673
-0.068259679
-0.1789567
-0.14803135
-0.070083641
-0.059078828
-0.020169677
0.10288479
0.035076249
0.1060843
0.12671462
-0.099821053
0.131281
0.03632823
0.11450984
-0.17289883
-0.16879573
0.055550184
-0.15658587
-0.2268319
-0.0024083084
-0.15758877
0.022036903
0.037969802
-0.072824761
-0.027894119
0.081358187
0.019990606
0.10615864
0.1215409
-0.026638877
-0.032930296
0.01490601
0.13048297
0.061313502
-0.017949438
0.21367595
-0.017293731
-0.016170796
0.0023010864
-0.044947069
-0.0025745519
-0.016995512
-0.29925793
0.0053166342
-0.040325318
-0.1209787
-0.043286558
-0.12571818
-0.011089692
0.12135036
0.018908372
0.23661199
-0.013071802
-0.086077265
-0.027229736
-0.10230245
-0.041959096
-0.10216839
-0.096820168
0.044107441
0.15701891
-0.058674593
-0.031986509
-0.018223913
0.010385794
0.035633713
0.11308588
0.10962521
0.2931914
0.17270976
0.055188388
0.11295968
-0.047051817
0.13726385
0.063877441
-0.11139674
0.0039258571
0.07379964
0.31151322
0.24225186
0.098900028
-0.01843637
0.13419037
-0.00086712209
-0.12639375
-0.082262345
-0.18416522
-0.02582768
0.06750226
0.030152293
0.002802724
-0.014693468
-0.038818769
0.0067231911
0.12016476
0.11582913
0.15266293
-0.012819988
0.0089325486
0.049860939
-0.26899406
-0.0012787385
-0.15184598
-0.20098482
-0.22750528
-0.19096763
-0.06925597
-0.089616328
-0.052119091
0.085043214
-0.10035351
0.092109703
0.17185187
0.19002084
0.10929576
-0.18622242
-0.11990564
-0.13223395
-0.1528111
-0.11894099
-0.14061145
-0.011982064
0.062373642
0.027594358
-0.049545385
0.063548163
0.15868807
-0.013979056
0.005896871
0.260759
0.17955352
0.019984636
-0.053604022
0.11110435
-0.018636195
-0.26270387
0.077892154
0.22425555
0.061699852
0.09605784
-0.040573779
-0.081305288
-0.13625428
-0.12707329
-0.078817435
0.036870789
0.0052034464
0.16365305
-0.047489315
0.005079444
-0.18273351
0.092613019
-0.0034360678
-0.10281128
0.020849047
-0.041121613
-0.12019074
0.20065755
0.043240886
0.17745478
-0.027470285
-0.18831821
0.028300069
-0.12002442
-0.26216486
0.06523864
-0.10037372
-0.14538822
-0.018724291
0.014821844
-0.050770745
-0.0066402443
0.12258571
-0.064951189
-0.082040928
0.21857105
-0.033962201
-0.057192545
0.091709152
0.080914073
0.18766658
-0.12929197
-0.072162688
0.004323042
0.15151078
0.079439245
-0.085158445
0.017924704
0.10738523
0.21709146
0.04367907
0.064831182
0.22312669
-0.10118516
-0.079819821
0.18457858
-0.1468289
-0.18053976
-0.058565237
-0.17002518
-0.20680214
-0.13205932
0.21752164
-0.027042808
0.33433214
-0.0096716555
-0.15274714
0.12655059
-0.11486086
-0.19791807
-0.030637611
-0.21089357
-0.13881004
-0.14228065
-0.071745448
-0.050237272
-0.10362514
-0.13226037
-0.0012838973
-0.11525863
-0.40144911
-0.16704541
-0.24108414
0.066953942
0.0042615803
-0.11437839
0.2164924
0.13511012
0.19478641
0.05876521
-0.016908037
-0.14101352
-0.03950505
-0.06066113
-0.017022992
0.036972553
-0.1284035
0.11201032
-0.13481578
-0.20773681
-0.068927474
-0.058084872
-0.064637654
-0.025369273
-0.12974758
-0.13252859
-0.024473164
-0.1721517
-0.13636711
-0.094254605
0.021294054
0.15419261
0.17801571
-0.068444625
0.018419599
0.14426783
-0.002370493
-0.097554155
-0.13406081
0.077899881
-0.02898022
-0.10617408
0.050971281
0.046047024
0.01040097
0.018154174
-0.082688712
-0.01632213
0.099898152
-0.12298031
-0.010703795
0.12365628
-0.10069276
-0.11371498
-0.045601547
0.086899869
0.37669861
-0.078149833
-0.071820602
0.10431278
-0.033727989
-0.19551566
-0.03698387
0.05046726
0.11355253
-0.057002287
0.027202293
0.14613353
0.044596646
0.013354444
0.016845925
-0.028144365
-0.13693289
-0.054296046
-0.038506057
-0.10439812
0.027336836
0.029908432
-0.020026095
-0.1126501
0.019661956
-0.19248278
-0.076499127
-0.15491802
-0.12642846
0.09613166
-0.25779822
-0.15396351
0.03998287
-0.23837025
-0.026206963
0.019050209
0.17467274
-0.12372129
-0.10613614
0.073037416
-0.076567292
0.026468027
-0.059764612
0.083262369
-0.049840655
-0.045488238
-0.058709059
-0.18695515
-0.1662997
0.020437013
-0.07392513
-0.0798954
-0.15165642
-0.091812484
-0.16165978
-0.091426037
-0.011077944
-0.033314433
-0.10162917
-0.16298279
-0.069367126
0.056109112
0.011290462
-0.01905904
-0.13595502
-0.2268551
-0.16445281
-0.080993794
-0.098235428
-0.2363971
0.14864925
-0.0016867247
-0.22783422
0.094306491
-0.095929183
-0.20431022
0.16619295
-0.10113869
-0.1753559
-0.0025350796
-0.1411352
0.013863947
-0.047808073
-0.10162968
0.11618119
-0.027241113
0.13437377
0.042326376
0.0073555121
0.39991933
0.080000252
-0.041904502
0.28959447
0.19452147
0.057352964
-0.044370361
-0.12041657
-0.13768764
0.11452545
-0.11635648
0.062198188
0.27790532
0.11631266
-0.192779
-0.11065643
-0.25897485
0.28581864
-0.090107732
-0.036380593
0.010248207
-0.24707566
-0.078546174
0.23027799
-0.066450238
0.098335408
-0.059549946
-0.31229487
-0.12115373
0.047822699
-0.14559746
-0.063699156
0.084086597
-0.08983434
0.032270662
-0.040034913
0.10778933
0.017277382
-0.16659431
-0.18069185
-0.046344645
-0.030562788
0.10037833
0.044361528
0.31977031
0.076457545
0.046694517
0.013894111
-0.0013467461
-0.07190489
-0.1336024
-0.056356896
0.0076394961
-0.079754032
-0.17357615
0.020036979
0.078365535
0.023967391
0.17183886
-0.041115005
-0.15091902
0.052916568
0.070223346
-0.096859865
-0.021758746
0.084963188
0.0043358291
0.17866093
0.1162938
0.062852547
0.042101163
0.18358767
0.066743784
-0.047948301
0.0087833283
-0.067562938
0.029877154
-0.14741735
-0.30348665
-0.17667523
-0.0073560784
0.35931784
0.0012406849
0.042785402
0.040499292
-0.076971762
-0.065967321
0.12811692
0.084443748
-0.099382654
-0.11353796
0.12002816
-0.14586
-0.050526094
-0.0016599713
-0.18185557
-0.051739443
-0.04752126
0.18251653
0.015016936
-0.0098266769
0.13909633
-0.20035222
0.032010552
0.16914055
-0.085606918
0.040160641
0.14525096
0.051789738
-0.065987267
0.043256491
-0.029688047
-0.013863773
0.088769913
-0.079444475
-0.13564901
0.084074616
0.073356181
0.25933143
-0.039866176
-0.30016205
-0.10336706
0.11916728
-0.05888404
-0.024905441
-0.28026983
-0.44647756
-0.034555875
-0.1701664
-0.37175941
-0.079031095
0.089534335
-0.25204176
0.064578354
0.053296816
-0.31717387
0.01636504
0.069423847
-0.21921134
0.020401025
-0.010042438
-0.30456862
-0.27869317
-0.17510454
-0.18412001
-0.054827381
-0.17908801
-0.16745807
0.026623815
-0.17579846
-0.25394741
-0.15978704
-0.15122512
-0.1597579
0.045142375
-0.11366642
-0.056580238
0.018931717
-0.1779515
-0.11185692
-0.23629253
-0.082843401
-0.023927197
-0.036190309
-0.16053329
-0.13273944
-0.066295706
-0.15808599
-0.054881312
-0.053908303
0.19429803
0.23610839
0.21934207
0.11860803
0.0031754365
0.049786653
-0.04509186
-0.25891301
-0.036016773
-0.10203909
0.045291133
0.16027379
0.059824172
0.1693885
0.056800183
-0.017242724
0.011288229
-0.13145176
-0.064735599
0.053252414
-0.027735133
0.037581667
0.052274488
-0.086263977
0.050838765
-0.16639368
-0.24748643
-0.11097061
-0.10480296
0.034967437
0.044014156
0.076994412
0.066793665
-0.058637071
-0.024445498
0.001168321
-0.0032584784
-0.0014782054
-0.13100566
-0.065852359
-0.12899551
-0.085544482
-0.14818443
-0.18051554
-0.11908838
0.29347071
0.063973956
0.0050570378
0.11895809
-0.10275907
-0.09006156
-0.15091917
-0.084756687
0.0099508939
0.019035544
-0.031560548
0.02032206
-0.010169018
-0.069761254
0.0024994246
0.11097114
-0.01213463
-0.18768027
-0.083343461
-0.079994686
0.20719935
0.031633925
-0.071463481
-0.090704523
0.088414535
0.068316586
-0.045336258
-0.13641262
-0.17660156
-0.10170732
0.18495962
-0.069222845
0.036174763
0.14563929
0.084065333
0.22757751
0.12677044
-0.006865391
-0.019970154
0.08617653
-0.15402249
-0.10879991
-0.083941214
-0.26286361
-0.14351258
0.063210361
-0.0527132
0.20430183
0.11562388
-0.042816889
0.040863898
0.1316203
0.061296087
0.014315754
-0.10238892
-0.11251854
0.017393842
-0.18938148
-0.14561941
-0.027614465
0.024023877
-0.10297702
-0.029405951
0.07638903
0.024665523
0.05130152
0.062634222
0.06862732
0.014913131
0.043776777
-0.073872656
0.015476958
-0.16574629
0.023380915
0.11464843
-0.19524986
-0.018486645
0.065125272
-0.27482557
-0.12581071
-0.097093597
-0.086271808
-0.013427456
-0.1798957
0.032914035
-0.17525336
-0.12848382
-0.029808333
-0.064970747
-0.037843443
0.2038938
0.021073654
0.045203678
-0.13646422
0.04721671
0.12581736
-0.069173113
-0.030169796
0.064749263
-0.1851383
0.023263112
-0.00027466414
-0.05320229
-0.044406518
-0.045348875
0.11161
-0.023087261
0.076721177
-0.07125058
0.084379539
-0.0051764972
-0.10943059
0.079735242
0.10583547
-0.068670683
-0.0064492016
-0.13401288
0.20496242
0.082003996
0.048228312
-0.085325457
-0.12237
-0.083844267
-0.19589247
-0.21601667
-0.088807486
-0.11875491
-0.2461856
0.0051720301
-0.008815459
-0.27722552
-0.11359183
0.15338153
-0.11104068
0.067155242
-0.044090491
-0.10122319
-0.037753351
-0.079062276
0.21517566
0.096067652
-0.028476363
0.1401974
0.092321537
-0.1309614
-0.13249311
-0.041225679
-0.096997574
-0.16285565
-0.064707115
0.012039763
-0.13037631
-0.087815613
0.18329228
-0.11865415
-0.11545786
0.044973399
0.027056402
-0.055382065
-0.031690985
-0.039666656
-0.13559212
0.15052214
-0.06147325
-0.10001946
0.030146912
0.012746421
0.049892582
-0.15070388
-0.13995194
-0.098044448
-0.059801877
0.043756802
-0.092139691
-0.018895868
0.013728228
0.035362642
-0.10592207
0.036348499
-0.04275272
0.18261641
-0.20818457
-0.23408714
0.19895585
-0.051417623
0.13346815
0.10887638
0.1788106
0.44635576
0.031407163
0.090074211
0.033889953
0.072075866
-0.022187177
0.020168651
-0.12564552
-0.084906355
-0.049873836
-0.13520969
-0.17616601
-0.092136197
-0.135924
-0.21063723
-0.20561318
-0.044798415
-0.01404823
-0.020372288
-0.13454179
-0.18657699
-0.23617443
0.048271827
-0.071083479
0.020868139
0.072712883
-0.08276134
-0.034287523
-0.04346526
0.11370172
0.13919109
-0.047843263
-0.014691387
-0.024935272
-0.056212179
-0.10470694
-0.29733008
0.056345869
-0.0017091582
0.081894472
-0.00070835999
-0.11392918
-0.072639242
-0.090111218
-0.10066621
0.095341094
-0.19706894
-0.33054388
-0.15908934
-0.13242704
-0.039547257
-0.095389016
-0.22959785
-0.25789297
-0.21788524
-0.18586704
-0.2092409
0.018883152
-0.22238395
-0.10317135
0.031307369
-0.091800645
0.050874177
-0.00085954857
-0.053812891
-0.082694717
-0.13548024
-0.1259349
-0.15534739
-0.15868536
-0.016354512
0.042774994
-0.053020645
0.14435269
-0.15278749
-0.12194987
-0.054560296
-0.25532073
0.18798599
-0.028489621
-0.0479852
0.11799912
0.024061874
-0.061528172
-0.27139723
0.028141938
-0.023230759
-0.095618069
-0.037652623
0.17000355
-0.037525408
0.067878395
-0.22041276
-0.34307778
0.017699815
0.084249385
0.0086622443
-0.033117168
0.028942954
-0.056037594
-0.10376924
-0.079597443
0.1474425
-0.20091277
0.17844498
-0.032760005
0.0094229458
-0.18654051
0.081129059
0.011647608
-0.10949174
-0.060299467
0.06336879
-0.18591624
-0.011939799
0.012299747
-0.13818713
0.15171014
-0.065885589
-0.083727472
0.11975463
-0.064551018
-0.32262614
-0.21430664
0.1346515
-0.22174892
-0.27714324
0.027929375
-0.0090296017
-0.090035006
-0.15647852
0.1631026
0.21330059
-0.15783608
0.28411758
0.23994745
-0.097620562
-0.038186803
0.094036624
-0.094188973
0.05631908
-0.22872309
-0.073259458
-0.14434116
-0.044217955
-0.022496704
0.15507516
0.033066809
-0.13467728
-0.061673224
-0.32886153
0.043824911
-0.033313006
-0.11319529
-0.33199975
-0.032399107
0.27934945
-0.12588285
-0.014026049
-0.0047528199
-0.15353709
-0.065980092
-0.13949621
-0.15743566
0.098422214
0.24101618
0.19018511
0.014230984
0.14495896
0.066264637
-0.14180361
-0.14777666
-0.030903351
-0.16967107
-0.1317649
-0.040161051
0.1780971
0.038885593
0.16029678
0.12830366
-0.015044389
-0.03872643
0.10757094
-0.1168605
0.18436374
-0.16041081
0.058110449
0.16426769
-0.13693215
-0.10543101
0.0071176896
0.16327773
0.18893421
0.084333792
-0.093618855
-0.025113909
0.25969142
-0.28412411
-0.03680839
-0.10582355
-0.07905072
-0.019325806
-0.052754451
0.0016422229
-0.067394853
0.070583142
0.041430742
-0.077202871
0.06870544
-0.14194435
0.10938289
-0.09272448
-0.34434503
0.13964269
0.011094538
0.051373243
0.063448615
0.037330411
0.019187387
-0.16644502
0.14717336
0.12492286
-0.12181896
0.033826519
-0.19330829
0.10901094
0.11546426
0.23410012
0.22723255
-0.28857461
0.079402983
0.19016124
0.037153259
-0.26303148
-0.29440287
-0.0019399431
0.11724188
-0.077686101
-0.026418371
-0.2527535
-0.10264392
-0.18002862
-0.045558091
-0.00045404985
0.085217111
0.0010063882
0.043606333
-0.13333187
-0.045954432
0.08458367
-0.19508873
-0.098842613
-0.0084276572
-0.043235373
-0.2840043
-0.021099824
0.034006212
0.037672564
0.010731375
0.14476098
0.42575541
0.11052438
0.060960617
0.095330141
0.18038249
0.032149915
0.17548563
0.11283874
-0.042834699
-0.081504874
0.0098716775
-0.068529278
-0.17622048
-0.18926206
-0.099399455
-0.11616359
-0.084324509
-0.089263156
-0.11696316
0.025949616
0.049359772
0.09406127
-0.080403611
0.24439934
-0.26233515
-0.2467929
-0.21880861
0.046040617
0.27519751
0.17252856
-0.20507462
-0.23426081
0.01004811
-0.15192112
-0.18792792
-0.088637255
0.01125293
-0.065696158
0.23588665
-0.060520288
0.13642342
-0.036349997
-0.45422298
-0.31167132
0.079110913
-0.18742192
-0.13079098
-0.15462026
-0.15131548
-0.29456794
0.012234264
-0.068044931
-0.1225981
-0.035810195
-0.083199084
0.032495402
-0.1222001
-0.10326914
-0.049543157
0.18044072
-0.1081906
-0.090142511
0.18955329
0.21204989
-0.13332638
0.084121123
-0.040887967
-0.08868482
-0.058732308
-0.32820868
-0.077388898
0.02903942
-0.025006438
0.2446961
-0.18408167
0.065998226
0.023143901
0.19409996
-0.33887044
-0.067507707
-0.14130197
-0.11290132
0.073946595
0.10134931
-0.0022086068
-0.2894356
0.089360446
-0.13297862
-0.24603294
-0.14548364
-0.32388514
0.053710591
0.058336947
0.013600468
0.049746554
0.015953936
-0.079080008
0.37677401
-0.16648288
-0.034939669
-0.12897862
0.081241749
0.0094384989
0.093212299
0.15447244
0.0041924333
-0.10246508
-0.025025235
-0.035964027
-0.14836304
0.06095821
-0.19630121
-0.17956941
0.1123051
0.060459513
0.049567182
0.057825476
0.021276612
0.014431318
-0.26199988
-0.19190176
0.059668146
-0.1641992
-0.15222676
0.092415936
0.036865659
0.013372906
0.041623127
-0.17169896
-0.21120082
0.0046558348
-0.12677847
-0.07877627
-0.065545253
-0.046653688
-0.081020653
-0.14797238
0.10991096
0.0055999742
-0.064026505
0.12143304
0.069454677
-0.0034155054
-0.018072747
0.044385329
0.014163409
0.026569165
-0.061629657
-0.22510369
0.090111211
0.055075657
0.0043152571
-0.15593413
-0.20104769
-0.10719732
0.16975762
0.061647858
-0.0028655641
0.16546211
-0.01353554
0.15493262
0.093710065
-0.061818931
0.088321328
0.14830635
-0.06755998
0.036951561
0.065888897
0.03023999
0.14114909
-0.0076375934
0.028404193
0.14746988
0.13244525
0.13618293
0.086198419
0.048516992
-0.0072670062
0.04867034
0.049840976
0.13107863
0.10219797
-0.069494873
-0.12011479
-0.11726199
-0.02172194
-0.036015704
0.035595845
-0.063612126
0.017329194
0.076771341
-0.037352093
0.066474408
-0.039158206
-0.15653291
0.045354195
-0.06223534
-0.065809585
-0.03513626
-0.030672358
0.11850493
0.098874137
-0.026048366
0.074194692
0.064959049
-0.10501299
-0.041331045
-0.024501629
-0.075670876
0.12208466
0.028625309
0.070172064
-0.028667616
-0.12524429
-0.025920402
-0.094020627
-0.052382398
-0.10717497
0.0039431085
-0.10713246
-0.015374728
0.00063652114
0.17503095
0.08120238
-0.13451672
0.1264856
-0.02152374
-0.1268523
-0.13729081
-0.21084793
0.024240799
0.021077968
-0.085841298
0.100719
0.094053149
0.081060506
-0.12568548
-0.11065176
-0.21050228
0.026236305
0.043010689
-0.15437329
0.017021449
0.091066301
-0.016421361
0.046636675
0.19407183
0.093486406
-0.043127734
0.10934868
0.18640575
-0.18324792
-0.076126628
-0.072236285
0.083830528
0.12473965
-0.023783073
0.034016505
0.10419706
-0.13867705
-0.089411475
-0.037829109
-0.20833962
-0.022420272
0.12956996
-0.13029636
0.038878232
0.11625106
-0.052278847
-0.046822309
-0.090319134
-0.079059809
-0.025272058
-0.12117674
-0.045397379
-0.03881336
-0.082972273
-0.088836662
-0.035644338
-0.097470284
-0.073059596
-0.071607977
0.19489984
0.14064176
-0.18574382
-0.018256586
0.11220019
-0.15343899
-0.10761733
-0.080930144
-0.026143942
0.039496351
0.13910416
-0.032914601
0.035605181
0.14083481
-0.026545893
-0.043947961
-0.064823434
-0.089936964
0.012399516
0.035723124
-0.14216028
0.10423447
0.19090004
-0.077515915
0.075386263
0.078682274
0.067600481
-0.035366293
-0.067015201
0.091615491
-0.044524923
-0.064699084
-0.078329183
-0.13761753
-0.12120506
0.14398611
-0.021479417
-0.11383817
0.19433457
-0.024857072
-0.11991699
0.081559531
0.081237555
0.063722074
-0.044091288
-0.00052346312
-0.10852077
0.061470829
0.1768508
0.040035829
-0.028366333
0.11316607
0.022262173
0.042181935
-0.05511041
0.087790571
-0.10050187
-0.26367792
-0.02045675
0.1011329
-0.067382865
0.073897928
0.18580851
0.12477512
0.10827176
0.032566924
-0.12686518
0.0064791404
-0.0058559701
-0.043318044
0.050641239
-0.089228988
-0.10826722
-0.039317649
0.047840312
0.038233083
0.10866942
-0.028912939
-0.061731689
0.026277648
0.036465682
0.048575733
-0.024830449
0.090067826
0.11231278
-0.019384027
-0.074919611
-0.099895366
-0.086013757
-0.20350617
-0.19396223
0.08493989
-0.11645614
-0.082192995
0.12493695
0.18616988
0.14663944
0.026788263
0.15629114
0.11147062
-0.022262793
0.14519984
0.020884668
-0.12965927
-0.079346307
-0.068833046
-0.17709923
0.072816342
0.15628767
0.26618192
0.12337308
-0.17799987
-0.10584297
0.11540303
-0.29045293
-0.25455078
0.23277302
-0.059822202
0.090763167
-0.15364331
-0.22977272
-0.032142997
-0.038756169
-0.086460292
-0.084566817
-0.2584101
-0.14154282
-0.11250938
-0.29040766
-0.24844015
0.0052590896
0.11149859
-0.017807011
0.30355307
-0.23747995
0.02814207
0.014190129
-0.005885601
0.084979147
-0.10541086
-0.18791331
-0.23482388
0.068813041
-0.12363927
-0.13536783
0.086098172
-0.16746393
0.012865682
0.14651851
-0.1386794
-0.04040442
-0.031675402
0.098409995
-0.022906668
-0.14048158
0.024494343
-0.0092695588
0.025906589
-0.12908085
-0.11632138
-0.061224062
0.095868528
0.11290826
0.13511543
-0.10056732
-0.06035237
-0.047458641
0.099929482
0.00044804075
-0.064050294
-0.057945453
-0.17557831
0.0099237841
-0.040058099
-0.079659693
-0.0076349461
-0.0085546626
0.075784624
-0.048270799
0.029688366
0.033547916
-0.053931229
0.028646799
0.027902698
0.016150475
0.17958888
0.10329787
-0.064392403
-0.078880295
-0.23082659
0.0082278252
0.033899013
-0.12993264
0.056295466
0.14483826
-0.20198005
-0.069994107
-0.070878766
0.19133113
0.040504001
-0.07078775
0.0041818945
-0.056470953
0.094357952
0.025170166
0.09054599
-0.12486764
-0.12904999
0.032268528
0.1740571
-0.12620153
-0.15814045
0.17336832
0.0034695333
-0.057323594
-0.10154099
0.066057049
-0.12220737
-0.18219545
-0.043670457
-0.10175215
-0.24202761
-0.097532704
-0.11101571
0.10086981
0.0041905097
0.27081132
-0.043367844
-0.00054744509
0.25330991
-0.050177794
0.033147201
0.038934689
0.18067062
-0.15753274
0.019102184
0.023892958
0.013552415
-0.064667799
0.19151758
-0.19256845
-0.12961273
-0.14340968
-0.17448989
-0.012976697
-0.029185297
0.010810937
0.1289213
0.010380995
0.020148946
0.1127352
-0.10610791
-0.05098933
-0.18485172
0.16870663
0.048907854
-0.14802018
0.20424627
0.087297201
-0.10491812
-0.1404358
-0.0020036276
-0.19930461
0.063246883
0.040161785
-0.00017087114
0.064545117
0.07408233
0.088217668
0.045748986
-0.21857509
-0.036549523
0.0013361775
0.055488419
-0.12894373
-0.026546117
0.016089866
-0.20813598
-0.0085299341
0.029307451
0.15112698
-0.048454035
0.14516981
0.086740807
-0.15252216
-0.1310007
-0.21722543
0.17494762
0.012137274
0.17424089
-0.10300211
-0.28551236
-0.039977603
-0.089233086
0.056956071
0.017030785
-0.12772928
0.06102284
0.21993499
0.15657282
0.046228975
0.1928812
0.043848861
-0.12579162
0.094544105
-0.068348058
-0.14310843
-0.28792235
0.16355975
-0.1566783
-0.18403271
0.17493258
0.035938092
-0.0097216936
-0.0002798326
0.040238451
0.20615846
0.024320975
-0.052107632
-0.012149896
-0.048059803
-0.15342113
-0.10023559
-0.15690796
-0.12722288
-0.042435255
0.26216716
0.053611692
0.041595269
0.056279659
0.053320717
0.053886067
0.2818459
0.11887794
0.031418726
0.068768784
-0.20015232
-0.18865065
0.065873742
-0.082673512
-0.019677117
-0.20032693
-0.20457926
-0.18983245
-0.030173607
-0.23875883
-0.1174384
0.07228104
-0.059647907
-0.00069689989
-0.050577812
-0.15553604
-0.017902093
-0.093003571
-0.031045903
-0.069295235
-0.032910328
0.042383268
-0.10929486
-0.18044381
-0.072388612
0.033103041
0.011079213
-0.043642331
-0.13581847
-0.024720114
-0.15220116
-0.20891592
0.24637471
0.047204416
0.10292297
0.082052872
0.065583438
0.16323406
0.067555219
0.091942877
0.23064272
0.016931573
-0.14036104
-0.2129872
-0.06080785
-0.16136272
-0.067135558
0.028771065
0.11902884
0.22399162
0.0018357971
-0.15009284
-0.0040058899
0.11929721
0.0098424181
0.018745746
0.2092801
0.22925888
0.23185378
-0.016386751
-0.051515218
-0.022070959
-0.06373217
-0.049167074
0.006729702
-0.16815469
-0.19170918
-0.094245166
0.11039452
-0.032990485
-0.075874031
0.031984717
-0.0096582808
-0.096194722
-0.19917816
-0.17254946
-0.27363104
0.018410424
0.018834412
-0.095562115
-0.069413237
-0.029724561
-0.20780756
0.070024081
0.1169451
-0.060192503
0.072914422
0.096746698
0.08428809
-0.091671444
-0.12689774
0.062616147
-0.10491275
-0.140802
0.034935866
0.10608558
0.041583784
-0.13152632
0.060948595
0.084349923
-0.0071294713
0.20988253
0.10802522
-0.040954985
-0.009542143
-0.15141308
-0.039748922
0.17906033
-0.11299102
-0.11658505
0.098803572
-0.070401929
-0.033517782
0.038662374
0.010069492
0.05528168
0.10491644
-0.048857775
0.050461147
0.088078141
-0.15297084
0.080769725
-0.087207824
-0.10088208
-0.046807345
-0.014515777
-0.054165661
0.013602193
-0.050925687
-0.078018345
0.065733664
0.022395939
0.025357956
-0.058491956
-0.12373095
-0.070118032
-0.12857188
-0.089869976
-0.10933649
-0.24867538
-0.12117419
-0.087021999
0.14183867
0.043508932
0.063309126
0.14913489
0.060196977
0.053098131
-0.011293206
-0.0085903546
-0.01291521
-0.054537944
-0.16415498
-0.093956731
-0.14163992
-0.20303389
-0.088364772
-0.14457877
-0.063153788
-0.053926017
0.12480218
-0.072618507
-0.06301634
0.071158558
0.21657927
0.094292656
0.12699901
0.067250244
0.078932509
0.01115679
-0.072750054
-0.087119803
0.0037908745
-0.11907911
-0.07119441
-0.085785516
-0.11667125
-0.23467629
-0.10571344
0.025840759
0.019604057
0.18651132
0.03439277
0.04678772
0.16706368
-0.011957237
-0.088166706
-0.038915664
-0.054832403
0.00072304223
0.031517982
-0.0046738391
0.032352027
0.082664095
-0.039147921
-0.16875972
-0.023596389
0.1528853
0.12755588
0.10592762
-0.066300415
-0.076927975
-0.12718862
-0.045027766
-0.047865916
0.012591586
-0.017324641
0.023107883
0.11639386
0.10226797
0.084222622
0.11126159
0.038410977
0.1125745
0.00059635629
-0.05931671
-0.096950412
-0.10166178
-0.025325717
-0.018905699
-0.0062283929
0.062080402
0.0031796962
-0.013985941
0.077184439
0.011178999
0.0077017769
0.12944245
0.12998396
0.15192942
0.14873232
0.03142824
-0.048393909
0.070734985
-0.013691821
-7.3179224e-05
0.034533128
0.0036133777
0.027305115
0.03349046
-0.10728339
-0.1643205
0.049963463
0.016597494
-0.0058822855
0.0099539775
0.011934782
-0.018402811
0.15170743
0.072089121
-0.022673618
0.064289309
0.032558899
-0.0010516418
0.017466454
-0.026357198
-0.073871501
0.14355247
0.092963755
0.10432724
0.11401317
0.046854518
0.011785688
0.11615649
0.049999595
-0.034253135
0.045665085
0.054057945
0.21224175
-0.087177768
-0.033563558
0.070095226
-0.059953719
-0.063629746
-0.072748587
-0.15712434
0.099090546
0.30309156
-0.11761965
0.078758471
0.15195155
-0.21962623
0.0089012329
0.10667811
-0.068307787
-0.0930489
-0.08593975
0.023672687
-0.012614598
0.0024721697
0.12891699
0.096375689
0.12236585
-0.093074962
-0.10733714
-0.06924931
-0.12298161
-0.13134034
-0.16937551
-0.097478576
-0.070611045
-0.12192006
-0.014318398
-0.061327111
-0.098611094
-0.066542797
0.0048795133
-0.038629893
-0.050620008
-0.046620429
-0.074615344
-0.20676935
-0.07485301
0.021086108
-0.1030121
0.094276495
0.14366247
-0.090520017
0.16471983
0.23677924
-0.009951232
-0.01698909
-0.15459478
-0.073883757
0.05336779
-0.018354502
-0.06408561
0.046266396
-0.10865188
-0.07784076
-0.080711626
-0.19001883
-0.024511354
-0.050224759
-0.039226983
-0.060247939
-0.03062107
0.095413059
-0.13607292
-0.081819445
-0.089152068
0.020285208
0.073094733
-0.01696666
-0.085772984
0.015554173
-0.020973951
-0.03855902
-0.023693822
-0.030834086
0.0062050517
0.023764638
-0.032862697
-0.073286586
0.0089817159
-0.090701565
-0.036118701
0.0036984899
0.12646693
-0.0036369257
-0.029553393
0.014730912
0.14056417
0.11219399
0.0049276287
-0.078994781
0.081581488
-0.13279089
0.018843234
0.14705382
-0.082395293
-0.024837675
0.11058783
-0.05367424
-0.18034895
-0.098055936
-0.059986085
-0.090656959
-0.062271148
-0.047267012
-0.040976912
-0.020272152
0.016551346
-0.21276723
-0.093403876
-0.045628861
-0.096833624
-0.051313478
-0.080441691
0.0063902042
-0.0071793622
-0.074270524
-0.15731405
-0.10408361
-0.047671992
-0.11548968
-0.03492796
-0.017951638
0.02095921
0.028728159
-0.01722805
-0.14115703
-0.039983913
-0.17183097
-0.14087327
0.024174066
-0.17883444
-0.035019968
0.035933953
-0.18725744
-0.14674929
-0.10193159
-0.027193088
-0.068438664
-0.0054176762
0.01471403
-0.043838035
-0.037611429
-0.047917753
-0.063357241
0.13737784
0.07359647
0.027549259
0.055468656
0.031130696
0.016601477
-0.016748097
-0.040591817
0.0036387711
0.033501372
-0.014838811
0.034505129
0.017378865
-0.06332808
0.1234937
0.092859924
0.029584523
-0.020604393
0.031698737
-0.072383799
-0.059149381
0.011911461
-0.065483607
-0.11564351
0.01492082
0.033885874
-0.067133449
0.010247288
-0.043022767
-0.099630706
0.053909563
-0.042817991
-0.015194102
0.026487067
-0.013198779
-0.034575224
0.0019537529
-0.0012470981
-0.05178808
-0.02804238
0.010344403
-0.11199033
-0.058380354
0.0093601039
0.015902126
0.11966943
-0.022986282
0.049692292
0.1135216
-0.041773122
0.033118669
0.15578581
0.03376944
0.046898056
0.15759668
0.014297897
0.10310234
0.15940946
0.0047615133
0.014729642
0.099831596
-0.098586284
-0.12428117
-0.065414868
-0.08580742
-0.07391604
-0.0016071401
0.017905617
-0.095271617
-0.011235658
0.019347906
-0.071801201
-0.026146196
0.057965841
-0.045818463
-0.014257379
0.045550298
0.028969051
0.075126871
0.091671325
0.065493613
-0.033139724
0.0065332642
0.143696
0.039764524
0.09458977
0.10362746
0.067818016
0.12638447
0.047095455
-0.012591938
0.03944708
0.099984989
-0.043028846
0.023464398
0.13872798
0.031177927
0.00018635421
0.058500528
0.022945711
0.078480832
-0.080223121
-0.10767824
-0.1133832
-0.057466399
-0.033373978
-0.066741966
-0.11794519
-0.026199996
-0.10021693
-0.04923366
0.015420399
-0.097672857
-0.0055274395
0.055885553
-0.00056187058
-0.061523233
-0.0055902512
-0.04947143
0.025389541
0.067131214
0.09956599
0.076128364
0.079959214
0.074356385
-0.041861549
0.032696016
0.027039343
-0.045348365
0.01914308
0.081377111
-0.048174392
-0.038444079
0.10908737
-0.13381174
-0.1788086
-0.020503977
0.04716583
-0.044203363
0.10093609
0.0028582863
-0.047039222
0.061643608
0.092187904
0.032188073
-0.14029741
0.065518074
0.0077952407
-0.1165239
-0.021581218
-0.079839565
-0.19343692
-0.10878189
-0.025962396
-0.051310856
-0.070803978
0.0046338248
-0.04666258
-0.035384554
0.035725784
-0.086537898
0.091357358
-0.061765432
-0.047472503
0.020907268
-0.075525641
-0.030465916
-0.049608305
-0.11753648
-0.043450713
-0.056810617
-0.14913085
0.064074978
0.06399858
-0.062718116
0.068636313
0.018488672
-0.11008849
-0.10787169
-0.10901294
-0.12758513
-0.13318108
-0.12240913
-0.083498769
-0.073915161
-0.097134784
-0.041779015
-0.041061521
-0.083576582
-0.12898017
0.13292404
-0.069593072
-0.12821823
0.11434272
-0.010691523
-0.022302618
0.12462032
0.10893794
0.077322386
-0.030562546
-0.047736257
-0.0047563524
0.06893228
-0.21759969
-0.090104759
0.10472738
0.086893305
0.029273218
0.012032913
0.026390431
0.03991558
0.013089142
0.022864537
0.044044755
-0.042182341
-0.021680824
-0.053293932
-0.1678075
-0.061546341
0.0616882
0.088928171
-0.022326376
0.13742766
0.22060707
0.057409763
-0.031252477
0.086955689
0.14354604
0.088812903
-0.06801758
0.11891236
-0.057553004
-0.09780784
-0.091059864
-0.056315009
0.043454103
-0.20281525
-0.047949925
0.11249273
-0.12092455
0.044108704
0.18407106
-0.048104621
-0.09225367
-0.17467399
-0.0019888359
-0.15799575
-0.25072014
-0.17141241
-0.025431911
0.088127472
-0.0056878501
-0.097203329
0.12334214
0.12415498
-0.060336616
-0.065816432
0.16668278
-0.079462819
-0.17657718
-0.19749627
-0.092111699
0.06336575
-0.14129773
-0.10223442
0.11016937
0.13180138
-0.12841199
0.049987108
-0.19478205
-0.22733109
-0.0066819713
0.13925947
-0.0095829535
0.04152067
-0.013477655
-0.10188287
-0.1193494
0.1092138
0.029396482
0.08590205
-0.021010764
-0.12188528
-0.064632088
-0.12848482
-0.10278623
-0.17957354
0.051926646
0.035860762
-0.01989142
-0.13087466
0.030538119
-0.070712037
-0.029823139
-0.11307169
-0.0033706995
0.1484243
0.033877537
-0.019135606
0.034285251
-0.10936906
-0.098533742
0.18661204
0.046051204
-0.062246483
0.14929992
0.088208556
-0.0065840823
-0.077883087
-0.017812671
-0.086263575
-0.23670357
-0.16609111
0.02363815
-0.12291902
-0.19150558
-0.099348903
0.041373257
-0.13006485
-0.083635166
-0.020395976
-0.14470977
-0.0271111
-0.00095581543
-0.066810921
-0.16763374
0.12615487
0.022613201
-0.13244128
0.22413376
0.18827498
-0.031638723
0.079433687
0.15424189
0.18051478
-0.050530896
-0.056099016
-0.10138324
-0.077807233
-0.057578489
-0.092706114
0.1404438
0.036833614
-0.0092347879
-0.14503509
-0.10087097
0.21198356
-0.24052574
-0.23341401
0.19645876
0.22228128
0.13157088
0.16290902
-0.081803262
-0.12336054
0.041929308
-0.19360764
-0.13007532
0.2288938
0.023331344
0.042950105
-0.0077127037
0.036999051
-0.10168284
-0.0014860197
-0.03810785
-0.14986004
0.010695511
-0.079904631
0.088661335
-0.036510125
-0.12216787
0.0020376721
-0.07665661
0.04008897
-0.068110742
-0.062398486
0.10035619
0.080846652
0.0042041182
0.093089327
0.15543994
0.058804706
0.18715779
0.085680552
0.16850157
-0.087108716
-0.10614275
-0.052024808
-0.0012419276
-0.028824829
0.015286577
-0.077101648
-0.097686514
-0.096522905
0.0086319419
-0.049389873
0.003158442
0.040903203
-0.12711349
-0.038538184
-0.016511045
-0.085137658
-0.057587158
-0.029044917
-0.078454413
-0.13940139
0.064910449
0.038848318
0.040049095
-0.065801159
0.036698613
0.15029724
-0.078568205
-0.093974002
-0.070294306
0.025958162
0.06869296
0.073867686
-0.11626507
-0.13697314
-0.074680082
0.094300665
-0.24864222
-0.10654284
0.018827623
-0.061350491
-0.072619677
0.06725122
0.15375617
0.16613473
-0.051198296
0.052374966
-0.07169167
-0.10762323
0.010578162
-0.038696822
-0.031132303
-0.14222059
-0.11640402
-0.071758896
-0.090665944
0.15634526
-0.21348041
-0.14649671
0.08463271
0.022805562
0.068970971
0.17560661
-0.16570479
-0.11117073
-0.08864478
-0.20409101
-0.14380038
-0.18666203
-0.043842725
-0.041570108
-0.19519629
0.12359278
-0.070019938
-0.0041079628
0.27042869
0.084575444
0.02216069
0.045613386
0.1191053
-0.040624708
-0.10128375
-0.029623449
0.26232368
-0.064373881
-0.083737835
0.10153501
-0.11618823
-0.073192336
0.0038894345
-0.096216023
-0.16303183
-0.092026845
-0.094916791
-0.1273865
0.083001152
0.030953821
-0.056359217
-0.11317655
-0.33147779
-0.18262479
0.11941587
-0.14649953
-0.1285706
0.18774165
-0.13941763
-0.17844747
0.033790465
0.056768101
0.074921146
0.19368689
-0.087953307
-0.02725279
0.13660036
-0.1599991
0.0070385928
0.044735141
-0.073574655
-0.17230733
-0.071950622
-0.021040685
-0.032613173
-0.045952849
0.12283782
0.045728963
-0.074226096
-0.061942004
-0.039004043
0.042668078
-0.17760552
-0.09042342
0.18791053
0.0091647897
0.13109161
0.23429081
0.14315996
-0.042227052
-0.094806395
0.023958666
0.061830353
-0.10137016
-0.033767991
0.11691371
-0.0068723271
-0.11374253
-0.18513086
-0.081443526
0.07088922
-0.14186408
0.067310475
0.10690545
0.01632346
0.27500898
0.038689576
0.15816762
-0.0053915302
-0.026490994
0.22073449
0.083465904
-0.06235395
0.12393818
0.048102997
0.042831875
-0.16291387
-0.26539987
0.097140111
0.035224412
-0.10737948
-0.056375876
0.058680419
-0.12842409
0.11630391
0.14212994
0.19622163
-0.054459177
0.0080336938
0.12702973
0.10263575
-0.035957757
0.20865658
0.053952012
0.02578933
0.06555713
-0.030018782
-0.081213243
-0.12982473
0.11659525
-0.032644611
-0.00012754279
0.067491375
0.15702842
-0.055848982
0.043540929
0.056479253
0.012106481
0.045243546
0.010995771
0.075400256
0.051720679
0.08494471
-0.1050555
-0.26059002
-0.070825778
-0.15455605
-0.10159563
0.10383014
0.15125033
-0.099342994
-0.17656788
-0.075935967
0.027956443
-0.13859193
-0.051425751
0.12321024
0.05241796
-0.042637058
0.15956357
0.14509954
0.033463288
-0.036705334
0.054552406
-0.11985495
-0.23187646
0.059362978
-0.069788657
-0.11596871
-0.085632026
0.034833338
-0.12881513
-0.17850959
-0.15672828
-0.13741681
-0.25266686
-0.16222477
0.076196887
-0.097932883
-0.11407106
0.11212658
-0.0099880258
0.071444079
0.047033936
0.053483594
-0.092128232
-0.030509023
-0.12214246
-0.26426134
-0.0074078389
0.046489891
-0.12854381
-0.086586289
0.086868271
0.077360585
-0.053202525
0.10418437
0.023555383
0.10424165
0.21214198
0.20991753
-0.18412796
-0.23093015
-0.042488664
-0.024495503
-0.052322689
0.01253634
-0.15967079
-0.00799134
0.1286725
-0.0066311811
0.13542381
0.21294932
-0.021766948
0.038251556
0.012219309
0.0013341791
-0.09687008
0.15124917
0.046174657
-0.02751576
0.059749726
-0.16984315
-0.054018393
-0.042349238
-0.2665281
-0.11769367
-0.12172045
-0.17181677
-0.1844629
-0.1806656
0.0027868436
0.090436555
-0.011153473
-0.021713713
-0.063789256
-0.18869303
0.094016314
-0.0050228378
-0.093994044
0.022007905
-0.11952146
0.046140663
0.0037087044
-0.080393612
-0.048507009
0.23785909
0.14186417
-0.059129722
-0.10361347
-0.0061679836
0.043343388
-0.13804555
-0.047874574
-0.12251431
-0.1267904
-0.053261057
0.04704646
0.079007976
-0.056080483
-0.16353361
0.16312738
0.06123291
0.0026321136
0.0577395
-0.0086117079
-0.052975722
-0.032911964
-0.082679309
-0.054823272
0.10230126
-0.055054884
-0.017721124
0.043560971
0.015665676
0.12435184
-0.018524015
-0.11642467
-0.016702529
0.078143738
-0.013230309
-0.10647615
-0.063276604
-0.078839138
-0.15457672
-0.089275032
-0.049134601
-0.057806168
0.032090254
0.18174998
0.044574536
-0.18722583
-0.024842167
-0.071296655
-0.10142117
-0.073885009
-0.1556768
0.074664645
0.12673321
0.090296388
-0.17647593
-0.076610222
-0.090576984
-0.18626672
-0.080016658
-0.11073124
-0.14715286
-0.16595612
-0.2377971
0.047301747
0.011478866
-0.036936115
-0.1455373
-0.12492559
-0.10480176
0.091180421
0.19530237
0.088012882
0.030107198
0.13191965
0.090628825
-0.0353163
0.010921528
0.023334188
-0.022850491
-0.15587418
0.10540368
-0.11059102
-0.13046895
-0.1222399
-0.046764269
-0.10067701
0.059836112
-0.13663432
-0.094285928
-0.049758531
0.10159911
0.097283967
0.12283909
-0.13771307
-0.16911143
-0.0038372257
0.10420399
-0.021026058
-0.10417246
0.28461483
0.29904133
0.14333533
-0.069802329
-0.18856326
0.09987817
-0.10166323
0.045301024
0.23194306
0.079685286
0.014792439
0.0096683018
0.21060173
-0.092256553
-0.33118472
0.420571
-0.008562238
-0.22316626
0.01526713
0.015841419
0.25248304
-0.055301964
-0.044003207
-0.19101053
0.095056839
-0.0039640786
-0.061401829
0.22473156
0.13433896
0.054587502
0.039349832
-0.013046288
-0.024581168
-0.14649612
0.095713474
-0.012114216
-0.14479728
0.029323958
-0.0083956094
-0.087295987
0.0027386982
-0.21639255
-0.075323135
0.026761677
-0.10643676
-0.19071084
-0.19477981
-0.058445983
-0.017321572
-0.038513552
-0.10666116
-0.0012748063
-0.040400747
-0.10783131
-0.22842965
-0.10618744
0.014273
-0.24881896
0.052963216
-0.14212637
-0.047710121
0.070728846
-0.1760121
0.046468604
0.18237206
0.099401653
-0.15828454
0.045759764
-0.031833544
-0.049970672
0.008323621
0.019361939
0.026412224
-0.046132006
0.049260117
0.1970025
0.18297249
0.07364773
0.016818348
0.020356463
0.070326969
0.1760013
-0.06304276
0.083177999
-0.26616168
-0.10792723
0.23710862
-0.24708836
0.15808997
0.46776238
-0.017170744
0.020589542
0.048532344
0.19859803
0.33271155
0.1548049
0.019716648
0.032763049
0.14068604
-0.081724532
-0.0090208193
-0.13296255
-0.18617487
-0.12314758
-0.068690911
-0.099342078
-0.079778843
0.0065804268
-0.12010128
-0.068186887
-0.12986962
0.035818074
0.10533107
0.1325459
0.078391567
0.045358229
0.15362844
0.027353585
-0.02061723
0.11086538
0.25188765
0.047118191
0.2423071
0.13008222
0.014948692
0.35101426
-0.036850266
-0.15393877
0.057087764
-0.10849497
-0.43484196
-0.16042225
-0.12363553
-0.18030196
-0.25963536
0.0085379677
0.10449933
-0.0044095479
-0.25719255
-0.10290482
-0.11939992
0.055593546
0.088727295
-0.097414009
-0.049503397
0.035875928
-0.015578559
-0.25380155
-0.15568732
-0.10915374
-0.068708055
-0.17067964
-0.17857108
-0.014615916
-0.14170654
-0.25439936
0.21348698
0.040522441
0.006163945
0.013255252
0.040403925
-0.054539941
0.11279888
-0.06790363
0.078837909
0.14873014
0.022112181
0.18807709
0.023543313
-0.065847635
-0.0020742971
-0.10313346
-0.015419862
0.045659956
0.10127953
0.16002963
0.03768168
-0.014773666
0.044067167
-0.055518296
-0.34211245
-0.085596114
-0.11222275
-0.38576922
-0.20817825
0.004937815
-0.04871764
-0.024561085
0.0055143181
0.29538244
0.031601332
0.07236895
0.10871252
0.035122335
-0.17292838
-0.02177668
-0.091373488
-0.068980575
-0.27504614
-0.14850047
0.004786199
-0.14262944
0.010507163
0.21708082
-0.069514029
-0.092843972
-0.032185633
-0.27109221
-0.20823921
-0.02350832
-0.045500942
-0.23738663
-0.1541535
-0.091878772
0.034630954
0.019559545
0.0270082
0.19506474
0.12336965
-0.088595308
-0.13937405
-0.068395309
-0.030538131
-0.10054754
-0.16374119
-0.14600669
-0.027657198
-0.063370273
0.064942688
0.28150925
0.10836146
0.13123557
0.31227693
-0.0038724204
-0.074604318
-0.10409028
0.06537056
-0.11128572
-0.086488023
-0.098352335
-0.031782955
-0.0021146971
-0.12711219
0.031246779
0.02175522
0.0063017146
-0.10169132
-0.096243612
-0.11533209
0.012304342
-0.077382676
-0.12614591
-0.026558775
-0.071786195
-0.12933406
-0.18969379
-0.11793046
-0.2087464
0.081028886
0.062811457
-0.016296191
-0.03255548
-0.16686815
-0.20489614
-0.17680761
-0.19327152
0.010947531
-0.014352547
-0.1685334
-0.17667411
0.11467988
0.068622351
-0.059232928
0.14305255
0.065998331
-0.086229242
0.22908068
0.14185195
-0.06612169
-0.021417603
-0.17983718
-0.18495034
-0.25581473
-0.47166899
-0.16955291
0.0091542173
-0.26133242
-0.043187033
-0.055907428
0.071761169
0.061184864
-0.1612971
-0.030153638
0.027379073
-0.019118685
0.12334067
0.1574717
-0.11998588
-0.043204702
-0.010542604
-0.11095373
0.0048266975
-0.028619006
0.030777063
0.038511302
-0.053269733
0.069912724
-0.0038219376
-0.090226814
0.0370198
0.042440396
0.11506243
0.011735025
0.027750438
0.083543785
-0.10077247
-0.082658052
-0.013364543
-0.012450616
-0.0041969325
-0.018723845
-0.075201556
0.024287391
-0.0029625471
-0.094224259
0.013412736
-0.048560761
-0.059409764
-0.075233757
-0.057446528
-0.068700016
-0.091203481
-0.074288346
-0.12767263
-0.091612689
-0.071571738
-0.12366008
-0.075073615
-0.12011404
-0.064232059
-0.010959343
-0.092087716
-0.19852602
-0.020600596
-0.12930302
-0.033470668
0.094100073
0.098390944
-0.015037374
0.062304597
0.01106042
0.035358265
0.014197718
0.064355858
0.017225781
-0.055005509
-0.15511696
0.012512341
-0.050196588
-0.20366594
0.10071758
0.069003902
-0.086247675
-0.028091894
0.087832548
0.027822673
-0.067708172
0.066388808
0.057866808
-0.061091539
0.050061569
0.14102744
0.11960407
0.023648532
-0.12624624
-0.091776654
-0.019777652
-0.035570685
-0.10155425
-0.007092414
0.084131278
-0.10147685
-0.055676833
-0.14096296
0.0057964288
0.18650135
-0.017480278
-0.066145167
0.11344185
-0.043499097
-0.027667131
0.032410994
-0.14567943
-0.048452932
-0.0023772349
-0.011917554
-0.095832773
-0.072066814
-0.019698394
-0.085314952
-0.069737673
-0.1410912
-0.040665612
0.0067031914
-0.027218513
0.011998153
-0.01567811
-0.043327443
-0.026859056
-0.10734238
-0.16861722
0.065613791
0.0031335887
-0.15677762
-0.0072685336
-0.050014477
-0.23131014
0.0044866032
0.013669561
-0.047157884
0.049883913
0.044780437
-0.048893176
0.026649501
-0.032350149
-0.10764629
0.081468858
0.07807529
-0.0023399466
-0.15270744
-0.16632617
-0.18982755
-0.060204253
-0.067778237
-0.12641612
0.055999272
0.033063971
0.16097553
-0.054467265
-0.082365356
0.056130957
-0.052251946
0.0061937566
0.2105339
-0.11428818
-0.033320218
0.0071955402
-0.048787732
0.02613556
-0.015812563
0.0055564214
0.028563257
0.013058091
-0.094192594
-0.028220108
-0.054492112
-0.069847785
-0.067940883
-0.041868713
-0.087069973
-0.12070695
-0.049902126
-0.067392573
0.099106371
-0.071194559
-0.045234829
0.088546164
-0.081500366
-0.021568082
0.011415212
-0.16048186
-0.060158592
-0.13495444
-0.098401055
-0.07820341
-0.059813797
-0.13726763
-0.060828473
0.10892711
-0.099491589
-0.019119238
0.027523415
-0.019170849
0.051124703
0.079004236
-0.047188975
0.144531
0.06306804
-0.063048229
-0.072635375
0.070387505
-0.003379785
0.01931507
0.17159069
0.082964763
-0.038093664
0.067118034
-0.012535926
-0.095775925
-0.1092714
-0.14176403
0.032547466
0.0313164
-0.025477123
0.0051226527
-0.0031627933
-0.11680348
0.1104406
0.039027236
0.026558969
0.10200042
0.035731953
0.037904508
0.1089844
0.060458265
0.093713336
-0.072134756
0.042345982
-0.067144692
-0.084861301
0.04081241
-0.11854755
-0.08101593
0.085568786
-0.044598583
-0.082937367
-0.10577296
-0.093283273
-0.15500118
-0.095822379
-0.11670497
-0.091069132
0.018580154
-0.010229605
0.014827042
-0.024734445
0.08945363
-0.025431598
-0.075682491
0.11160246
-0.16401035
-0.22421572
-0.032821164
-0.062093746
-0.14547038
-0.097362921
-0.056888677
-0.1227276
-0.082547069
-0.027843503
-0.13734436
-0.12413345
0.026769677
-0.0015498406
-0.021022646
-0.05920672
-0.10894909
-0.083852388
-0.10405686
-0.090711288
-0.0050761555
-0.072959468
-0.077870049
-0.041072663
-0.090417191
-0.10407686
-0.090165056
-0.050684329
-0.056103855
-0.035948772
0.12735416
0.098841213
0.087435514
0.14175031
0.025129776
0.052920252
0.16915604
-0.044596028
-0.021480033
0.050918613
0.097914085
0.11565946
0.029022027
-0.059034523
0.089765832
0.024027037
-0.074032605
-0.37015834
0.20749876
-0.051985178
0.15836152
-0.032868497
0.064190917
0.35151416
-0.31311297
-0.018775385
0.18913081
0.022228751
0.057102676
0.051873788
0.046551846
0.075042583
-0.035240892
-0.0061222818
-0.099621661
-0.033410564
0.0046572052
0.088229299
0.059535805
-0.053887077
0.061214015
-0.038357697
-0.13174683
0.0011305936
-0.1412653
-0.092102014
-0.29927298
-0.15053584
0.023044853
-0.15704219
-0.072113708
-0.021167058
-0.16673948
-0.22343434
0.089683384
0.081459761
-0.19333072
0.029389752
0.066134356
-0.11912729
-0.077513628
-0.10664222
-0.22958453
0.027523534
-0.06612549
0.013123539
0.15010318
-0.12641209
0.069897056
0.30290201
0.34795776
0.25916758
-0.10469437
-0.091231696
-0.023435274
-0.05723653
-0.014399059
-0.08245258
-0.021774273
0.023865197
-0.05638583
-0.043644778
0.021938423
-0.10558612
0.081936479
-0.019309606
-0.055176564
-0.074171558
-0.097514883
-0.16951469
-0.051658232
0.011242246
-0.011280769
0.17251813
0.037105702
0.012281625
0.22383183
0.068487093
-0.1233588
3.4172397e-05
0.14679129
0.08618252
-0.010462472
0.073282108
-0.077189714
0.18799682
0.2569159
-0.10634577
-0.075532869
-0.075527221
0.027749334
0.12067277
-0.060147088
0.0016084578
0.20128216
-0.13703018
-0.085693948
-0.12626065
-0.21313319
0.10579955
0.029234178
-0.032754961
0.063350029
-0.02362092
-0.030759688
-0.06845694
-0.18404652
0.19204499
0.023383344
-0.24172422
-0.079989664
-0.013716768
-0.16621457
-0.25534201
0.10542082
0.0637739
0.032077715
-0.0072360393
0.095796309
-0.1077027
0.13651185
-0.045297053
-0.027888507
0.099023841
-0.077468403
-0.042728703
-0.097410552
0.10529863
0.038784578
-0.028302535
0.2698895
0.1274474
-0.068078488
-0.17599244
-0.093964569
0.081596345
-0.092913508
-0.18534082
0.11041231
0.014182958
0.032461431
0.18612349
-0.15595287
-0.094702668
-0.20115653
-0.044710159
0.058846239
-0.051645678
-0.024062011
-0.078311406
0.0014051131
-0.093255565
0.059966221
0.0011113483
-0.0024699741
0.0081258304
-0.13981576
-0.0030156295
0.16578655
-0.090483904
-0.090526111
-0.059854366
-0.016002681
0.0065024318
0.0034091759
0.017361581
-0.06910532
-0.14836195
-0.0096748043
-0.1035639
-0.072890207
0.14377058
0.049803983
-0.16465823
0.20586677
0.14270917
0.0020737043
0.065270469
0.11407544
0.11471984
0.0088429069
-0.019903151
0.049626183
0.085075326
-0.061147999
-0.034209613
-0.038169153
-0.027656632
-0.038014751
0.019702306
0.046573725
0.049410485
0.025210062
-0.029725762
0.26559672
-0.033897322
0.099244766
0.12440144
0.25282764
-0.031909984
-0.0070560789
0.15724638
0.048658568
-0.0098594073
0.04695062
-0.13301189
-0.012369676
0.010341811
-0.14793985
-0.09757255
-0.14407934
-0.081951894
0.042362817
-0.15163666
-0.17007592
-0.07743562
-0.18364201
-0.11889219
-0.0056172656
0.0011653862
-0.050924718
0.055206079
0.082567558
-0.032997038
0.086514406
-0.05896122
-0.031136252
0.023710506
0.014685657
-0.24604838
-0.19458486
-0.17252001
0.15923944
0.21911331
0.14179069
0.052924227
0.15312009
-0.020339115
-0.098252058
0.026802177
-0.17779538
-0.19371468
-0.14530019
0.033455815
-0.16423085
-0.027511002
0.08718282
-0.32972884
-0.16620779
-0.0071398923
-0.10779
-0.0037271087
-0.19319843
0.032047868
0.0015491538
-0.22648029
-0.0085719069
-0.056027535
0.02628929
-0.051464889
-0.019713767
-0.0080918754
-0.084167987
-0.077528417
0.054985676
-0.05231541
-0.13706701
0.058010537
-0.19752035
-0.28808317
-0.090046965
0.035022546
-0.01486067
0.083050162
0.20157392
0.071761571
0.037118416
-0.16441709
-0.19775015
-0.038745273
-0.015584284
-0.15752086
-0.014482776
0.091761343
-0.04655654
0.16183686
0.05795069
0.1213455
0.16259508
-0.10209827
0.17858495
-0.017412428
-0.18407318
-0.050852895
-0.16968694
0.21395734
0.11539686
0.015354035
0.027438246
-0.12066188
-0.11446809
-0.14318967
-0.18016338
-0.20731039
-0.1244344
-0.0019620568
0.14577237
-0.010280753
0.029756974
0.050915916
-0.078239359
0.14348166
0.10253366
0.17149656
-0.073947266
-0.077958278
0.10235389
-0.052476332
-0.13071012
-0.11587896
-0.1396424
-0.3020224
-0.018685989
-0.040765956
-0.0034500824
-0.021226877
0.017379824
0.06087099
0.02532069
0.12870856
0.15669306
0.13589996
-0.14508677
-0.17254114
0.031877428
-0.077150501
-0.022544479
0.097318687
0.049466021
0.082098141
0.080162123
0.0097265383
-0.0095457071
-0.038336754
-0.069401078
-0.025535388
-0.05767807
0.084851757
0.070953988
0.024307618
-0.17042169
-0.12016553
-0.069746874
-0.057330132
0.025233738
-0.023400106
-0.031486027
0.092607446
0.054177254
0.035842426
0.06764634
0.14470252
0.036506701
-0.064436704
0.27521968
0.015692702
-0.11645279
-0.068956383
-0.091060624
0.0069294735
0.016211493
0.014080495
0.038107596
0.018740261
-0.041009922
-0.097553462
-0.140798
0.068637088
0.074783541
-0.1463374
0.064590268
0.011091884
-0.14422122
0.053649984
-0.03147351
0.010022542
-0.065121055
0.017255189
-0.0622341
-0.065538205
0.021481542
-0.1181162
-0.026100693
0.05405296
-0.15339728
0.013663767
0.33012915
-0.15997133
-0.022820555
0.12734985
-0.075053051
-0.10520966
0.060503706
0.13392751
0.13734353
-0.015846752
0.076141067
-0.021618044
-0.091438465
0.15114059
-0.10710151
0.045520466
0.17484905
0.10535399
0.21793185
0.058552489
0.015902657
0.0040003429
-0.019945625
-0.12585962
-0.11345609
0.14977193
0.21759258
-0.0040651206
0.13102645
0.028802918
-0.084711231
0.042564292
0.01883314
0.20129408
-0.16483107
-0.027484795
0.063610516
-0.075514495
-0.05272327
-0.082842574
-0.083067499
0.011216164
0.036414675
-0.092137471
-0.086727589
-0.037209194
-0.062192824
-0.11887863
0.030475315
0.019334365
0.018919079
0.023074355
0.028738268
-0.10435861
-0.14256729
0.023969898
-0.029924873
0.065697603
0.092177503
0.061499935
0.10284899
-0.015413883
0.035888407
0.27689809
-0.049591854
0.031388137
0.056172784
-0.023926301
0.092654303
0.060773116
0.07576184
-0.04484931
-0.15598483
-0.17600766
-0.032202322
-0.062740974
-0.066270642
0.029375285
0.033408087
-0.018370852
0.1328157
0.022526473
-0.19840515
0.0002737625
0.039681401
-0.17356868
-0.08042828
-0.14359029
-0.056858942
-0.071303062
-0.089858413
0.1150065
0.056634232
-0.013245445
0.22552885
0.06785702
-0.078258686
0.012621277
0.08358255
0.012190973
0.11769997
0.0077182031
-0.016439352
0.24184388
0.029815774
-0.072502956
0.060852427
-0.071455345
-0.16480823
0.033683132
-0.2429909
-0.24364027
0.1526119
0.00062008679
-0.10286418
-0.054829564
-0.12167323
-0.21961603
0.0058203856
-0.038547792
-0.097559743
-0.08263547
-0.1433889
-0.16024005
-0.085712172
0.022917992
0.083704583
-0.12472015
0.049373586
0.18402518
-0.087294191
-0.032632604
0.0068493416
-0.02143334
-0.050496969
-0.15089452
0.058192026
-0.11394534
-0.16886997
0.18060203
-0.10952067
0.01863333
-0.10129371
-0.016671173
0.02016828
-0.037441354
0.086502306
-0.058046017
0.093953528
0.034883302
-0.051345952
-0.13717486
-0.16438074
-0.098361015
-0.11859741
-0.1253635
-0.030047273
-0.12338921
-0.12179691
-0.051934071
-0.076208711
-0.10550024
-0.091941647
-0.08843714
-0.099792868
-0.11643171
-0.0467792
-0.02964274
-0.13701221

[conv5.bias] shape=[40] dtype=float32
-0.19251046
1.1783247
0.056699619
0.14610656
1.23896
1.7683474
-0.15339646
0.38318741
-0.45705795
0.43113151
0.57058275
0.48442215
0.53813708
0.23856413
0.6832943
0.43825912
-0.35937187
0.81018448
-0.38001204
0.49575621
-0.094589457
-0.3209708
0.10159883
-0.63717473
-0.95869893
0.76422358
1.5900205
-0.28324607
-0.49961573
0.6850217
-0.34374571
0.31931919
-0.46095812
-1.3216432
-1.1372893
0.25971025
-0.11120556
0.2245912
0.27807021
-0.49019492

[conv5.weight] shape=[40, 32, 3, 3] dtype=float32
-0.19893205
0.70621723
0.45758939
0.12927219
0.53682435
0.21714906
-0.41335398
0.14581849
0.20412757
0.1630673
-0.34808436
-0.79202187
0.60342163
-0.12452186
-0.46508223
0.53018391
-0.23905151
-0.28149822
-0.52044952
-0.411504
-0.42883179
0.24901128
-0.02386445
-0.29168612
0.61427248
0.72845334
1.1948509
-0.16096206
-0.087228313
-0.16218413
-1.0936359
-1.1763122
-1.1950868
-0.44305271
-0.8336547
-1.0651975
-0.61910111
-0.47135577
-1.2582884
-0.17049228
0.029594883
-0.91308528
-1.1166515
-0.55325931
-1.4969451
0.096159674
0.51117444
0.77903229
0.47495151
0.76366198
1.0321629
-0.37353182
0.29340735
-0.043055542
0.5006054
0.42268497
0.11709096
0.46959549
0.15484358
0.29286373
0.82964802
0.46133915
0.93406045
-0.42996538
-0.60194385
-0.4819043
-0.38999265
-0.40668505
-0.38111335
-0.54899609
-0.48692811
-0.9833588
-0.97491056
-0.73109585
-0.65814167
-0.78788215
-0.34501502
-0.42991707
-1.3316129
-0.7970286
-0.95108765
-0.020801298
0.0048542381
-0.18669711
-0.097885601
-0.061909907
0.31673887
-0.50535524
-0.16298425
0.14368157
-0.86474776
-0.94450295
-1.0066767
-0.14467467
-0.019220196
-0.51825291
-0.99782538
-1.2280681
-1.6308302
0.020456543
-0.14586331
-0.39759028
-0.11661404
-0.22938335
-0.10894925
-0.16987234
-0.581801
-0.42699471
-0.93399626
-1.0172861
-1.1090707
-0.50171465
0.079340763
-0.24577035
-0.16483207
-0.067021728
-0.12609684
-0.89459097
-0.52386951
-0.41166356
0.71217066
0.81949061
0.78849131
2.0171571
1.834228
2.229893
-0.79283214
-0.40880957
-0.14027315
-0.059776798
-0.097938053
0.094477072
-0.60878724
-0.68896616
-0.75631356
0.93469244
0.73306543
0.01904841
-0.25202191
0.062486582
-0.23176828
-0.23902704
-0.30641866
-0.16857812
-0.52732462
-0.74224097
-0.50570983
-1.2210186
-1.1796069
-1.1594472
-0.25086489
-0.45123467
-0.2589317
-0.43458095
-0.22138867
0.071288981
-1.2112391
-0.95153689
-0.90115249
-0.92927909
-0.92892182
-0.8248859
0.38954476
0.17154451
-0.25324333
1.1251941
0.13144273
0.2469663
-0.00011375488
-0.48848525
-0.32494578
-0.48911312
-0.62550002
-0.40290999
-0.82085532
-1.0126294
-0.72803253
-0.21763113
-0.719064
-0.3640233
-0.73044723
-0.57703418
-0.56884104
-0.40833035
-0.10280194
0.14281888
0.16023639
0.62098861
0.78732276
-0.31926587
-0.72839332
-0.29006928
-1.0043998
-1.2782409
-0.84894317
-1.0168722
-1.2001046
-0.86813378
0.07602264
0.11583433
-0.22418573
-0.22816855
-0.038343415
-0.11016648
-0.17896105
0.39809832
-0.61679399
0.12430049
0.069741316
-0.0098577943
0.63296199
0.30899251
0.51352698
1.1994331
0.74457401
0.60035896
-0.56916696
-0.075130336
-0.44197747
-0.48655576
-0.44262654
0.097181864
0.25517666
-0.072516948
0.86760008
2.3765934
2.6438348
2.239953
1.2328709
1.1282541
1.5331198
0.9701432
0.68798429
0.83824414
1.2277913
1.5554683
1.8260728
1.4819859
1.0569969
1.0000814
1.687693
2.073827
1.6868429
0.73605144
1.5191499
0.56341386
0.74801821
1.3063158
0.78678823
-0.0046531847
0.37373859
-0.30239531
0.62016749
0.55021268
0.11754984
0.15090916
0.54282564
0.02265179
-0.93645519
-0.41228905
-0.6989758
0.31477484
-0.090230644
-0.11284634
-0.15318727
-0.4387823
-0.24270518
-0.25527507
-0.11107105
-0.26630691
0.8616848
0.55790371
0.7606436
0.32228848
-0.20403568
0.23852627
0.69011343
0.17285679
0.64824212
0.26541564
-0.059273511
-0.3251234
0.32930169
-0.12096126
-0.15759639
0.74230671
-0.01610167
-0.49898195
0.63024133
0.25832742
-0.6475088
0.72895014
0.60182494
0.074730441
0.91823721
0.74578482
0.19068378
0.25065184
0.28124872
0.3397817
0.51479173
0.63070858
0.52792615
0.2504743
0.40328172
0.1720677
0.1635498
0.33509377
0.41183913
-0.18447001
0.30298373
0.45179591
-0.015630381
0.19872688
0.39388111
-0.73284072
-0.57999802
-0.46518013
-0.57638508
-0.43244836
-0.67480183
0.41710269
0.73796421
0.24204895
-0.20489207
-0.29602745
0.051484879
-0.11473607
-0.15736121
0.098741226
0.31253359
0.41577357
0.33586231
0.0014307278
-0.86635542
-0.53786349
-0.031198772
-0.75930434
-0.57481712
-0.15030675
-1.0802835
-0.94172198
0.37670377
0.56366354
0.38812736
0.18903594
0.33191019
0.29840457
0.46665302
0.6198439
0.49999642
0.94003916
1.1261821
0.36193129
0.037098963
0.39953205
-0.41419873
0.046289075
0.79822373
-0.19870919
0.49293351
-0.24334921
0.12891309
-0.20869148
-0.90361005
-0.48218459
-0.17688751
-0.69059289
-0.37689522
-0.19160007
0.074997254
0.039043397
-0.93657899
-0.48513347
-0.34390038
-0.48922977
-0.30741391
-0.47311571
-0.34058648
-0.41567174
-0.60075563
-0.034504499
-0.11566193
-0.31271803
0.053990748
0.17307323
0.019658307
0.06870456
-0.29324424
0.26197535
0.79120648
0.312199
0.89490849
0.91330177
0.61074656
1.2018481
0.36964369
0.44301134
0.3376193
0.63539976
0.70925516
0.41649538
0.46065336
0.68048763
0.24662696
-0.046842258
0.074251786
-0.2437827
-0.32455993
-0.26001349
-0.16666053
-0.2094451
-0.37452164
-0.11129399
-0.64730263
-0.55293185
-0.42424679
-0.54559499
-0.26982051
-0.46646237
-0.47361547
-0.2953698
-0.44922963
0.38496748
0.087498352
0.090137824
0.094727762
-0.36833015
-0.55128711
0.22160298
-0.023445699
-0.2630153
-0.067036331
-0.39893159
0.27408314
0.12412812
-0.37438095
0.057298221
-0.4293043
-1.0604835
-0.53209656
0.19264853
0.26962703
0.016447986
-0.65652674
-0.41835952
-0.88808584
-0.50594604
-0.33900449
-0.79160017
-0.43383625
-0.72243923
-0.62428153
-0.32579398
-0.59760821
-0.61856765
-0.25249523
-0.29362962
-0.6354093
1.1244776
0.9606514
1.1160692
0.62504476
0.50329947
0.80254841
0.42126405
0.15540586
0.49148977
0.18271697
0.013953303
0.022005817
-0.38994116
-0.40479195
-0.19711785
-0.29167649
-0.08607237
-0.11279112
-0.053316373
-0.22048049
-0.2062206
-0.83428544
-0.6838969
-0.74100178
-1.0766987
-1.0924903
-1.0528423
-0.59038627
-0.27583763
-0.94948614
-0.09549246
0.37403423
-0.27129519
0.36850154
0.94573468
0.031477757
-0.72611076
-0.23451889
-0.61920214
-0.72402257
-0.21705785
-0.35261527
-0.66848016
-0.38554955
-0.72044432
1.0461158
0.99432844
0.9490639
0.94668543
1.1250386
0.97341871
1.0767759
1.537222
1.2234085
0.48011252
1.334561
0.6899718
0.41373038
1.4693058
1.1365657
0.19645736
0.6677258
0.52710998
-0.69201291
-0.6339376
-0.86376595
-0.70991927
-0.68878311
-0.85602689
-0.7070877
-0.44640568
-0.67043775
-0.50429446
-0.056056798
-0.461025
-0.916704
0.057791181
-0.18315879
-0.79994702
0.054983813
-0.37259698
-0.43698874
-0.27094385
-0.63405597
-0.69666946
-0.62156063
-1.0003502
-0.74036956
-0.81956172
-1.1486822
-0.86845458
-0.77443206
-0.78160387
-0.85545588
-1.3431612
-1.2157191
-0.72254455
-1.1326181
-0.94743514
0.37559378
0.091470599
0.45972344
-0.35818139
-0.59446371
-0.074061222
-0.06937816
-0.28518257
0.081809267
-1.1372167
-0.55494267
-0.23537019
-0.52547133
-0.45317012
-0.61601561
-0.40075386
-0.24111073
-0.84135342
0.5763768
0.87918729
1.2307941
0.04746886
0.55073518
0.68616378
-0.71046692
-0.34950617
-0.39945173
-0.36927667
-0.11397078
-0.2387632
-1.0135958
-0.88492614
-0.77291465
-1.317625
-1.1035646
-0.91076291
0.73789042
1.0026177
1.0373882
0.51285326
0.47599828
0.60008901
0.60724968
0.42424899
0.45847806
1.0845873
0.38782144
0.79133934
0.87635481
0.24435475
0.46425295
-0.29030538
-0.49402469
-0.85572064
0.44184697
0.50543588
0.48874483
0.39540306
0.26296905
0.3748711
-0.075183176
-0.22992291
-0.083467692
-0.39848071
-0.36253467
-0.87666595
-0.016148904
-0.041072469
-0.39575329
0.0046199486
0.47847667
0.49965757
-1.2578114
-1.1628913
-1.1841848
-0.69690043
-0.74060678
-0.56915987
0.61035186
0.39423132
0.26759627
-0.51564771
-0.29739782
-0.6538772
-0.34170058
0.040576451
-0.22196998
-0.68012094
-0.62244588
-0.21136144
2.0390258
1.8839824
1.5790637
1.8316617
1.7327708
1.6837828
1.0389134
0.74170768
0.42824429
0.37590441
0.46059737
0.48563924
0.15130755
0.36647284
0.15824662
-0.61300182
-0.16305427
-0.0061935773
0.076598361
0.10902936
-0.44762978
0.74824339
0.46887171
0.25167701
0.74014944
0.55990505
0.50079376
-0.62145364
-0.5499022
-0.38387841
-1.4909662
-1.3164577
-1.4887177
-0.88161242
-0.98306978
-1.1910533
0.31120479
0.09341085
0.220707
0.59124106
0.54209155
0.62412918
-0.031222232
0.16987781
-0.27895534
0.3452284
0.2624546
0.16735774
-0.045358844
0.13148542
0.078333683
-0.07934998
-0.18687721
-0.45785794
-0.25693133
-0.72971004
-0.60709351
-0.064683773
-0.32351604
0.029200295
0.80095845
0.78535563
0.66413391
-0.36393419
-0.6610164
-1.0342518
-0.4005059
-0.62637365
-0.58459914
-0.079703107
-0.31967214
-0.44861433
0.09126848
-0.14572847
-0.29732597
0.012713751
-0.094492875
-0.14676316
0.7142331
0.36125934
0.39118797
0.23936521
0.16557394
0.24338211
-0.43081263
-0.46714073
0.063745067
-0.32543862
-0.76284415
0.33505869
-0.58586615
-0.081097677
-0.23200336
0.0042551388
0.18868366
0.14928722
-0.083253942
-0.24939425
-0.057127267
1.4912045
1.1228578
1.0671492
-0.12599468
-0.23764558
-0.60378057
-1.0872421
-0.92115748
-1.4925892
0.22790559
-0.031371955
-0.049925014
-0.18474272
-0.51023585
0.16960004
0.16145121
-0.20066518
0.58566892
-0.3740868
-0.27083558
-0.15335032
-0.59942073
-0.55810422
-0.76424915
-0.70089239
-0.8095215
-0.76771659
0.24129005
-0.070356838
-0.10512652
-0.80933845
-1.1457478
-0.87476486
-0.84448045
-0.96178794
-0.62950522
0.58771712
0.36448532
0.37898621
0.34760585
0.570418
0.72154009
0.15806496
0.48797762
0.42718673
-0.1929138
-0.20400754
-0.47417542
-0.55047309
-0.33123147
-0.99041706
-0.62673199
-0.15292141
-0.78402168
0.4339281
-0.082200967
0.28885284
-0.021086194
-0.016731236
0.48156622
0.17115225
-0.25610545
0.62747937
0.13919212
0.074154407
0.15108497
-0.018912815
-0.020140596
0.27017441
-0.14362486
-0.44778538
0.040931474
0.24758154
0.42771465
0.33080098
-0.47308046
-0.144012
0.12211264
-0.56134564
0.0057490584
0.36623815
0.85242343
0.95143074
0.78373414
0.93916422
1.0362791
1.1576964
1.1573344
1.6397899
1.4546933
0.55762756
0.035879035
0.1778542
0.082529761
0.045202736
-0.19976567
-0.0073808185
0.034584273
-0.21226834
0.90671611
0.44481435
1.1134104
0.74704456
0.44216245
1.0250074
0.79586297
0.35084248
0.82960129
0.34071675
0.37335157
0.3509222
-0.015268622
-0.14016938
-0.21071091
-0.64502585
-0.71237141
-1.1132655
0.52116418
0.27714577
0.69297016
-0.081587285
-0.42088327
0.21425687
-1.0851128
-1.563936
-0.79200339
-0.27788123
0.73622119
0.53051686
-0.96459293
-0.31433612
-0.27956811
-1.6765336
-1.5205783
-1.3705043
0.0070644445
-0.078531638
-0.079141453
0.050276782
0.20432758
0.045298833
-0.3207739
0.39372721
0.59222257
0.31969294
0.091073073
0.14124998
-0.0039235731
-0.24965006
-0.46444356
-0.42818516
-0.36983919
-0.44849896
0.27478561
-0.22816761
-0.16574503
0.42675555
0.1567612
0.20481926
-0.36580887
-0.025559315
-0.25176895
-0.44048369
-0.85100424
-0.3335546
-0.40632233
-0.19525887
-0.15759254
0.044436891
0.17405528
0.024805987
-1.2420833
-1.2255586
-1.2491212
-0.80145597
-0.66541368
-0.90630496
1.0111789
0.977763
0.4175607
0.32926291
0.27641493
0.6058414
0.10415507
-0.28438476
0.35012707
0.34815237
0.036419626
0.12719001
1.4218718
1.4035898
1.7526041
1.2874365
0.91911709
1.6873704
0.062244233
-0.29455516
0.67481655
-0.00047833999
-0.068510078
-0.040066019
0.11973789
-0.21695025
-0.15882362
-0.026211496
0.48665336
0.72752428
-1.0184301
-0.24342339
-0.5015589
-0.22345828
0.221343
0.74343407
0.95098275
0.63216209
1.6786407
-0.34650463
-0.17648228
0.0098918993
-0.68023098
-0.55524468
-0.76909071
-0.97514695
-1.1120862
-1.2087066
1.2526169
0.8417201
1.133237
0.70753878
0.8455385
0.86101782
-0.1938819
0.25901631
0.75442016
-0.69114345
-0.86040682
-0.85129076
-0.077887103
-0.31726822
-0.48352954
0.02542709
-0.14902917
-0.19439273
-0.20041554
-0.80865389
-0.84473109
0.011258787
-0.022160228
0.29842654
2.0358553
2.2198782
1.8261544
-0.24314368
-0.39552289
-0.26650071
-0.94784659
-0.79575062
-0.58456606
-0.70209289
-0.95757312
-1.0550666
-0.63591218
-0.68825102
-1.2388088
-0.63490301
-0.594248
-0.65436798
0.5196808
0.047689136
0.17922561
0.8559581
0.26387304
0.18705016
0.14804789
-0.40845561
-0.40640011
0.86362624
0.80173552
-0.40564546
0.28101611
0.074639156
-0.39883834
0.33281291
0.017797094
-0.29151362
-0.072550729
-0.36432144
-0.41836765
2.0031221
1.8672324
1.7266634
0.65491951
0.74834186
0.48392037
-1.727973e-05
-0.044042133
-0.6951713
-0.46351221
-0.4674181
-0.42108583
-0.55692464
-0.19275814
-0.20176782
0.71505028
0.50860345
0.33191735
-0.82499814
-0.61335164
-0.83830518
-0.81720185
-0.60335284
-0.84215915
-0.72646493
-0.48837522
-0.59052402
-0.84534901
-0.93010265
-0.87173498
-0.83072519
-0.98214191
-1.2326984
-0.072613642
-0.34343818
-1.1138883
0.37886941
0.56829607
0.21422042
-0.35163197
-0.00068179634
0.31116194
0.43077904
0.72003156
0.77766806
0.69644397
0.30472809
0.49413064
0.17729016
0.013139642
-0.28778741
0.97977418
1.1593548
0.10880277
0.017460713
-0.22575653
0.22642198
-0.21046354
0.33495656
0.40427521
-0.20162028
0.029455762
0.89721185
0.32606471
0.15030943
0.51362056
-0.050920725
0.12877956
0.066318765
0.61370277
0.74494553
0.49163097
-0.24255601
-0.32980046
-0.057068337
-0.51405901
-0.52073509
-0.29011375
-0.3177003
-0.39974031
-0.29747728
0.55495131
1.172655
0.89636403
0.71980959
0.78917444
1.0807788
0.5265764
0.6937077
0.73066103
0.88502967
0.50692636
0.85888582
-0.37655815
-0.36085716
-0.28936139
0.25754151
-0.085607722
-0.020771891
0.091286793
0.5199638
0.78297293
0.27427503
0.50298274
0.78947979
0.025843361
0.0069832145
-0.38673508
0.7854811
0.83231819
1.0184616
-0.96886057
-0.69951618
-0.015128314
-0.71569508
-1.0410663
-0.91789985
-0.75100058
-0.32339233
0.17823985
-1.1889212
-0.1110606
0.13781691
-0.55661744
-0.36236796
-0.55333918
-0.97660476
-0.61105281
-0.95668703
-0.71479499
-0.79237384
-0.93231308
-0.25654104
-0.22934513
-0.19676328
-0.63027442
-1.3440872
-0.92837852
-0.36344147
-0.65473878
-1.4722077
0.032975987
-0.49851799
-1.6984894
0.59740824
-0.81700224
-1.4212369
-1.3389153
-1.5959119
-1.7023226
-1.8044623
-1.1177442
-0.98447216
-1.1933228
-0.069335692
-0.26760149
-1.3592629
-0.58333743
-0.63302279
-1.3856224
-1.2608082
-1.3400688
0.5495764
-0.70308489
0.63149232
0.20585606
-0.38308275
0.96251434
-0.77155381
-0.59228998
0.60449511
-0.13125305
0.10167038
-0.079764254
-0.11433166
-0.19347078
-0.47769755
0.057653934
-0.11095335
-0.17101368
0.28147918
0.54740435
-0.076402113
-0.42920658
-0.47492793
-1.1054413
-0.49489745
-1.2369943
-0.91044807
0.10183859
0.35943469
0.33144584
0.66372657
0.00036275329
-0.34827125
1.3419858
-0.20823947
-0.64070988
-0.043623567
0.0029311972
-0.38423792
-0.23400055
0.18977438
-0.79388952
-0.29961902
-0.073619992
-0.70633698
-0.51798022
-0.20739742
-1.1979474
0.053557467
0.031865701
-0.24046111
-0.073499702
0.12260495
0.030980228
-0.12801453
-0.76389915
0.050917581
0.49705815
-0.29563728
0.83484024
0.26748607
-0.62014687
0.51779616
0.1111065
-0.68212241
0.43635711
-1.1013387
-0.0054017212
1.34658
-0.93392843
1.0981536
2.1153092
0.35929725
-0.14145681
-0.29311371
-0.41762397
-0.53687453
0.018899539
-0.85525227
-0.6128661
-0.57003015
-0.35958034
-0.073684044
0.29109091
-0.065605707
-0.18064149
-0.65303212
0.97895962
0.54867017
-0.45573375
-0.17934088
1.46916
2.2438641
-0.40205267
1.1662848
1.837222
-0.15730572
0.30210862
0.16502963
-0.83956939
-0.81932461
-0.29002598
-0.90991819
-0.65790337
-0.84754449
-0.10998031
-0.27798378
-0.47979936
0.69415325
1.2514216
0.95278138
1.1200517
1.4571435
1.6666945
0.41452107
0.68826002
0.76415652
0.50504041
1.3940887
2.0904629
-0.04182912
0.74473619
1.2973707
-0.52525836
0.04224937
0.21628542
-1.191892
-0.86436164
-0.59066445
-0.97000319
-0.23211713
-0.4852908
-0.25917205
0.11780228
-0.60198843
0.54942936
0.20384
-0.50431973
1.8564875
1.5134602
0.90783745
1.9277037
1.4262137
0.67375135
-0.14153136
-0.48943204
-0.29361585
-1.1152861
-1.214502
-1.0888846
-1.0314212
-0.84234411
-0.97834462
-0.35116258
-0.83365846
-1.2529685
0.4950043
-0.86652833
-1.1789023
0.79758275
-0.22286025
-0.29240903
0.39222696
0.76957822
1.4033636
0.32204482
1.2359271
1.405205
0.179933
0.98567617
1.1864462
-0.54648119
-0.50453824
0.099826343
-0.68569398
-0.71233279
-0.55330098
-0.89033192
-0.99621081
-1.5372921
1.7690821
1.3391551
0.37501699
1.2528508
1.0507624
0.85167617
-0.36231679
-1.0559757
-0.22307025
0.051466305
-0.29014692
-0.56735104
-0.26046959
-0.80215973
-1.1590508
0.25340933
-0.44964877
-0.5958643
0.050441477
0.97114885
0.55504072
0.60893929
1.3076485
0.71057785
0.11564033
0.27714518
-0.31914154
-1.1836873
0.64280736
1.5068783
-0.53105634
0.62596798
0.74529493
-0.061350249
0.50417376
0.057981599
-0.31571078
-1.007138
-0.56045377
0.10973894
-0.1024785
-0.13008961
0.14582045
-0.48362002
-0.73011661
-0.70257944
-0.54935962
-0.52622187
0.38599834
0.29005256
0.6054132
1.2531908
0.39548746
0.42507839
-0.42719522
-0.024294123
-0.17395602
-0.17847869
0.59050089
0.69509804
0.026622454
0.036558542
0.41394791
-0.82352215
-0.96483713
-0.80237591
-0.25197384
-0.25227943
0.052084338
-0.28890842
0.19362549
0.16620821
-0.21444696
-0.65641201
-0.65612268
-0.26253715
-0.59286177
-0.47855186
-0.6153537
-1.2406245
-0.53108305
1.2807746
1.0720916
1.5722224
0.48194721
-0.14223991
0.66574669
1.0045601
1.0563283
1.2379457
-0.14531846
-0.20316792
0.28209311
0.51883894
0.20592833
0.51819289
1.0255131
0.21452425
0.455015
-0.28637484
0.21045209
-0.38719869
0.018747151
0.2643373
-0.089240178
0.50942683
0.27545229
0.37372544
-1.0232236
-1.8091103
-0.80731297
-1.4922551
-2.3198977
-1.449387
-1.3404061
-2.1338639
-0.6134519
0.077589788
0.15745033
0.41549692
-0.44673264
-0.55536377
-0.37614295
-0.7824769
-0.7856847
-0.62728757
-0.94213957
-0.34510854
-1.385414
-1.6746331
-1.0032147
-1.9667164
-2.1749971
-1.2534559
-2.7068939
-1.2958364
-1.0228397
-0.72466701
-0.2509734
0.49188244
0.64926666
0.050936207
0.27416986
0.40034142
0.094595686
0.5953511
0.48386025
0.31204477
0.92524141
1.0552491
-0.30524486
0.2428894
0.47756791
-0.24481772
-0.82328421
-0.87638664
0.45579451
0.11668991
-0.12649444
1.2300156
1.073815
1.0696483
-0.0073412079
-0.57821792
-0.46695963
0.12816179
-0.31309181
0.1532896
-0.72647232
-1.1322075
-0.17421032
-0.3358672
-0.30066955
-0.17717713
0.023366198
-0.15038113
0.089143783
0.25909182
0.23170181
0.02655885
1.8920612
1.5852065
1.9631795
1.6613089
1.2604684
1.4295586
1.8286281
1.2364782
0.98957407
-0.82476515
0.30137762
-0.25915721
-0.69334459
0.042036559
-0.21184011
-0.76636559
-0.078645065
-0.73535758
0.057913031
0.39535105
0.51286787
0.020346677
0.36625001
0.29413128
-0.71337432
-0.38498062
0.034234639
1.6710991
1.129094
0.83615834
1.3453237
0.8574366
0.39795172
-0.47079763
-0.6054464
-0.30441374
-0.83134478
-0.89010352
-0.29403675
-0.48421118
-0.48002824
0.1732484
-0.062801301
0.33298621
0.12279568
-0.98081404
-1.4874507
-1.3015321
0.16712327
-0.036190674
0.049772028
0.71857691
0.66802889
0.56696266
0.069018491
-0.47142902
-0.14843725
0.52126116
-0.22760321
0.17380914
0.37016317
-0.37682387
0.20973983
0.4669199
0.45541891
1.0622088
0.52202231
0.33944306
0.69825518
0.37848422
-0.13000193
-0.12071387
-0.50435978
-0.11763556
-0.0058149197
-0.69029188
-0.27627182
-0.09132918
-0.38900888
-0.28336447
-0.41348764
-0.76964521
-0.64501041
-0.80637163
-0.88037705
-0.26868427
-0.4607102
-0.074992135
0.57286167
0.46930745
-1.0163902
-1.3632578
-1.8262635
-1.8417969
-1.6562184
-1.6635318
-1.2634388
-1.1966172
-1.4237405
-0.21865132
-0.07139203
0.097432211
-0.18344314
-0.34846231
-0.11013052
0.30193162
0.086641327
-0.39466932
0.42949265
0.0067599011
-0.45479774
0.58933818
0.089294687
0.10255787
0.25635493
0.1508535
0.12297411
1.1561646
1.8564179
1.6527402
0.92484063
1.2010682
0.41926003
-0.014603021
0.19735342
-1.0063059
0.34920785
0.28749916
-0.43652055
0.21335354
0.16024156
-0.49826446
0.42640683
0.27697223
0.20553781
-1.0968906
-1.0295618
-0.90970016
-0.18176822
-0.51714432
-0.5003491
0.042930536
0.04718047
-0.12764245
0.57450408
-0.33630624
0.29636967
-0.1301567
-0.36544982
-0.065162688
0.247968
0.16343333
0.3126452
-0.3076137
-0.23416606
-0.29113686
-0.32795936
-0.34807786
0.047160376
0.22366242
0.24711961
0.25465357
-0.20201136
0.070670903
-0.19285856
-0.17195873
-0.10358865
-0.34993938
0.28213301
0.16943991
-0.66323793
0.24493021
0.012572007
-0.26269874
-0.53526628
-0.43033266
-0.12187336
-0.4201481
-0.76886386
-0.32587844
-0.23473853
-0.15989625
-0.076233119
-0.23416553
-0.17344953
0.084748901
-0.87456536
-0.81480527
-0.32949778
-1.0254319
-1.3317896
-0.7071749
-0.9604637
-1.3358611
-0.65203446
-1.0576118
-1.0990169
-0.42425141
-0.38106033
-0.37791017
-0.35701993
-0.1866485
-0.26320165
-0.35227025
0.45871934
0.0457987
0.015243014
0.91252244
0.96959513
0.97549278
0.69122785
0.17933004
-0.063608281
0.10600968
-0.40259761
-0.28438365
1.1810448
1.5004528
1.4929764
1.3479677
2.2427011
2.0917184
-0.33861238
-0.038133483
-0.039531421
0.9822458
1.1157944
0.86923653
0.68158883
0.43324503
0.21724685
0.20105052
-0.14402853
-0.47402242
1.1269418
1.6629468
2.0484262
1.3421938
1.4389653
1.7444434
1.2843497
1.3375429
1.5929487
0.11167151
-0.024232024
-0.16719598
-0.11736584
-0.35387209
-0.33777654
-0.10364213
-0.49518013
-0.93955505
-0.27866045
-0.43409687
-0.69216359
-0.67119789
-0.53890318
-0.78831041
-0.99732029
-1.4442844
-1.8035785
1.3444663
1.2616166
1.1897271
0.43778625
0.085730374
0.27068388
0.32246217
-0.34379447
-0.05703564
-0.094388701
-0.87991685
-0.51110035
-0.095231928
0.03650621
-0.21248399
0.032855459
0.50317985
0.03647064
0.47133264
-0.0082886182
0.39014795
0.93471712
0.62854534
0.54691291
1.5837246
0.97740418
0.8528356
-0.62219453
-0.83881992
-0.5948599
-1.2528524
-0.81830662
-0.3357169
-0.87101978
-0.34122097
-0.34823245
-0.59239805
-0.57883579
0.18674757
-0.35571542
-0.22333732
0.36894205
-0.69937181
-0.68318421
0.12762892
1.4524337
1.1986631
1.8804982
0.68417335
0.92041034
1.6595879
-0.37155449
-0.080398001
0.38157082
-2.1261337
-2.1449878
-2.4017653
-2.3238919
-2.0122652
-2.5629134
-0.81902891
-0.10898131
-0.58632451
-1.009268
-0.41645473
-0.04026556
-0.26227108
0.53245866
0.64176905
-0.23300125
-0.70415735
-0.65355968
0.42909119
0.64238787
0.069838062
0.14833084
0.15752362
-0.18292554
0.073610611
-0.0025723979
0.64348823
-1.4162567
-1.0080327
-1.2028352
-0.76072359
-0.26357523
-0.08851926
1.2932216
2.0426064
2.4012601
-0.68564463
-0.56651932
-0.033365894
-0.39763853
0.21563818
0.25533563
-0.37452295
0.16365284
0.13256824
-0.026828321
0.043433126
-0.40537515
-0.097884573
-0.17017342
-0.10034546
0.52152479
0.47361803
0.12184098
-0.40224466
-1.2985456
-1.2735497
-0.19797608
-0.51110476
-0.61923659
-0.19969727
-0.39893287
-0.75726402
0.391794
0.1022932
0.022738613
-0.41311929
-0.26063517
-0.27584785
-0.59046471
-0.14462991
-0.1166921
0.43132246
0.79063183
0.87459075
0.74226022
0.67528486
0.39493698
0.6329509
1.0476394
0.78606975
0.93917632
-0.10542439
-0.20506194
0.67884529
0.31300324
-0.40370235
0.58544195
0.39852244
0.10766315
1.180921
1.0677133
1.0300333
0.87102318
0.73991042
0.88875365
-0.097626619
-0.16543625
-0.11526378
0.081753589
0.83411783
0.56309909
0.639283
1.0952258
1.2433752
-0.022534031
0.023892477
0.29058537
-0.94496948
-0.43146577
-1.2198998
-0.92745662
-0.61172456
-0.93927437
-0.94535005
-1.0481786
-0.38138992
-0.33625335
-0.4545705
-0.27642542
-0.34465283
-0.42159128
-0.24203177
-0.79801124
-0.22124052
-0.0017558926
-0.58709377
-0.48295912
-0.94180411
-1.2852859
-1.013041
-1.1674209
-1.0117376
-0.87785232
-1.129162
1.2172141
0.69611126
0.1100138
0.87796658
0.10998221
-0.76553005
0.38026166
0.16371533
-0.50157547
-0.80248636
-1.3290434
-1.4812838
-0.1349543
-0.3788375
-0.5985797
1.735292
1.7046536
0.70579082
0.29148617
0.68064797
0.72108591
-0.94858539
-0.91830897
-0.71251953
-0.17829743
-0.78355175
-0.54952806
-0.24804957
0.49335653
0.3644278
-0.15480681
0.2338464
0.37721756
-0.69979173
0.35229892
1.0376447
-0.014637507
-0.12655334
0.088055551
-0.81206644
-0.31829181
-0.31940418
-1.0606798
-0.0079072732
0.27975905
-0.2447671
0.158769
-0.21834369
-0.26535812
0.28928491
-0.65691918
0.32027608
0.25229973
-0.38082492
-2.4508955
-1.3601329
-1.7894371
-1.8156959
-0.26553106
-0.23937824
-0.31492496
0.61739486
-0.110126
3.4777453
1.4240217
2.7057769
1.5772433
0.52536082
1.2002276
-1.4479538
-1.2630783
-1.3694488
-0.34547955
0.45028347
-0.90154964
0.1880507
0.63454884
-0.88720167
0.2727136
0.56342357
-0.44100723
0.41975287
0.24446249
0.67208606
0.27526158
-0.14874439
0.47907886
0.97474867
0.99852312
0.67395252
0.090239182
-0.45050454
0.064874612
0.86908615
0.4371762
0.20848328
0.94791222
0.6347245
0.8935923
1.672212
2.0457625
1.0198874
2.0433834
1.8950669
0.66621333
0.73903418
0.52470517
0.35408562
0.69698572
-0.575813
-0.1295276
-1.2972225
-1.6486272
-1.1907715
-1.5946568
-2.522588
-0.9495399
-0.20065205
-0.47865435
-0.54757136
0.14613591
-0.6101442
-0.65602583
0.26717341
-0.32245871
-0.75082171
-1.7100633
-1.3844556
-1.8957926
-0.77844054
-0.83818859
-1.3129747
-0.47001487
-0.75207949
-0.80276376
0.080823243
0.033372439
-0.24957274
-0.91821492
-0.49434215
-0.97712362
-2.3359592
-0.98671794
-1.2694346
1.9144204
2.0327382
2.4335179
2.1696875
2.5217309
2.8611591
-0.87004817
0.32966506
0.38213995
-0.81544238
-0.76493502
0.47516519
-1.1930305
-1.274455
-0.29057592
-0.39141938
-0.5736683
0.5510779
-0.77132607
-0.47455692
0.21293971
-1.6891491
-1.0913754
-1.1798055
-1.412954
-0.38841149
-1.2104028
0.31361502
0.77137679
1.1067038
0.49899217
0.62650615
0.51410079
0.50220042
0.40166438
0.54428613
-0.84221929
-0.67089909
-0.80696839
-1.3587638
-1.5899754
-1.1006608
-1.2109277
-1.1598517
-0.8566184
0.85450119
0.062785164
1.021118
0.61574906
-0.21363665
0.43405157
0.66547173
-0.019958228
0.63549572
1.8196354
1.3867942
0.95645368
1.4901737
0.66190624
0.80495632
0.53117418
0.42061406
-0.70079136
-0.84000999
-0.82421178
-0.3558273
-1.4500036
-0.49396116
-0.69951373
-1.4676049
-0.46478805
-0.70635325
-0.46645057
-0.95876741
-0.40700653
-1.4270531
-1.5974917
-1.2489512
-0.027154021
-0.24070171
-0.29637799
-0.32926717
0.25048143
0.54896367
-0.56670314
0.043301258
1.1722045
1.0907545
1.0642772
2.8012099
2.7465641
0.33501846
-0.34204727
0.68901169
-1.2221767
-1.7592031
-0.26242551
-1.3830858
-0.8990891
-1.6460996
-0.36806065
-0.83728248
-0.22283563
0.38114277
0.029712308
2.2438762
1.897338
1.4683126
0.98163724
0.45211533
-0.069747888
1.5083507
-0.073939092
0.06927681
1.4898238
-0.33483246
0.30911121
0.62948084
-0.45861837
0.67391789
-0.83378845
-1.3146565
-0.4853954
-1.1774974
-1.0705639
-0.8328473
0.45601764
0.0067343945
0.82286918
-0.33789319
-0.29796341
-0.088644914
-0.2356604
-0.69800228
0.12963817
-0.64574081
-0.25503093
-0.88781989
-0.83998895
-0.8089931
-0.9832952
0.44227219
0.41176203
0.50035322
-0.41195098
-1.1018457
-1.9049368
1.6231126
1.3172704
1.7267324
1.4244028
1.4225705
2.3306003
-0.6532914
-0.44771039
0.3626824
-1.0247205
-0.68236625
0.58709735
-0.48506638
-0.1214024
0.71178263
1.4799341
1.3217237
1.1012317
0.87171817
0.69064009
0.72412127
1.2040753
1.1850079
1.1410223
0.48912007
1.2107378
0.5788902
1.4594066
1.4910687
1.1264294
1.6890205
1.2854877
1.415367
-0.54577196
-0.89808869
-0.62607145
-0.55325073
-0.97565079
-0.86271209
0.46598083
-0.27206701
0.16327989
1.7943857
1.5153333
2.1944454
1.4818923
1.4276934
2.1694226
-0.071187757
-1.3051041
-0.4459886
-0.23930277
-0.39756578
-1.2381895
0.44281557
0.20287378
-0.84439588
0.42398828
-0.22732969
-0.65802532
-0.39623782
-0.94182628
-1.2038518
-0.043233171
0.12283751
-0.8212074
0.75098956
0.25563768
-0.012624627
-0.95425707
-1.0466523
-0.88691288
-0.44404873
-0.6062938
-0.53879148
0.53135473
-0.47709364
-0.05713347
-1.1399584
-0.47105661
-1.0772011
-0.62352508
-0.57075655
-0.37818533
-0.29756096
0.14775471
0.38037258
0.15279883
0.091996029
-0.10156453
0.019237472
-0.18641691
-0.67799896
-0.15998751
-0.28424677
-0.84850174
0.42071146
0.44321629
-0.14648993
0.77401322
0.38727719
0.31790751
0.66974306
0.36053845
0.86542517
-0.54531133
0.12689969
0.1086013
0.15771316
0.36622655
0.021996712
0.35435697
-0.20863712
0.070924088
-0.38513163
-0.9629007
0.263028
-0.039680529
-0.28857833
0.33379588
0.0090470454
0.59917772
0.77679592
0.68444979
1.4546548
1.4648457
-0.077847138
0.84130269
1.4254134
0.34772378
-0.43272609
0.3573314
0.19953729
-0.13133161
0.02103932
0.92579138
0.44532186
0.68201554
1.1553832
0.69138634
0.52186692
-0.67565292
0.014643756
0.49592566
-0.78082418
-0.55962098
-0.6921978
-0.23095922
-0.59961069
-0.49303982
0.33002403
0.30657098
-0.32495695
-0.19935231
-0.3626475
-1.0444125
-1.0901462
-1.3166521
-0.94361293
-0.1341856
-0.32171926
-0.21726842
0.86052936
0.50973552
-0.06460198
-0.25054452
-0.35110009
-0.033294268
1.0834239
1.5220081
1.6855525
1.1490111
1.3472124
1.7782947
0.28214285
-0.4425033
0.073150694
-0.22509953
-0.59963578
-0.10397028
-0.30956027
-0.61625457
-0.14577314
0.098697752
-0.35736376
-0.02812694
-1.3614087
-1.4422486
-1.0775436
-0.87012297
-1.1564583
-0.93001926
0.11187384
-0.74244118
-0.71999228
-0.42125157
0.11209657
0.65925652
-1.4050632
-1.0409077
-0.22704566
-1.3233342
-0.90097338
-1.0141594
0.62029225
0.087129325
0.17482805
-0.48574561
-1.5308714
-1.0641842
-0.56662101
-1.5957774
-1.4981356
0.73359406
0.55135238
0.10764153
1.5106302
1.0105513
1.2203562
0.75956488
0.4524613
0.97358179
-0.49950704
0.13359074
-0.30151707
-0.53326452
0.44848874
-0.63705701
-1.1970454
0.034889892
-0.64269036
1.1290613
0.30237129
0.24830702
0.50146276
0.12760282
0.10564657
0.80268675
0.056424871
0.98053598
0.48974231
0.21554607
0.95199335
0.73908842
0.69212675
0.55495727
0.47852647
-0.0175208
-0.25998923
-0.60692322
-0.22999041
0.52993512
-0.78199828
-0.80983913
-0.21032053
-0.3320663
-0.78894687
-0.54653215
0.66141933
0.71563768
1.1533238
0.90185994
0.96260619
0.90641356
0.063735172
-0.39979613
-0.52718443
0.94400835
0.14165385
0.10887872
0.70809633
0.41885978
0.091816023
0.86144263
0.82968163
0.43105
-0.55943668
-0.0053687566
-0.32451057
-0.93136376
-0.38988292
-0.059820045
-1.1666653
-0.99308372
-0.70459574
1.0854628
-0.06913697
-0.67000991
1.0309578
0.43627524
-0.62986797
0.39326122
0.12190511
-0.94528872
-0.23272777
0.25726053
-0.070344158
-0.44175461
-0.023451924
-0.29442742
-0.69586384
-0.36830306
-0.39305872
-0.025970958
0.076299936
-0.073110156
-0.29232875
-0.20615149
-0.17556778
-0.79683447
-0.55358642
-0.40148112
-1.0112962
-0.5760529
-1.1346697
-1.338284
-1.0536444
-1.0401148
-1.6949683
-1.4922479
-1.6407907
0.4428933
0.58082986
0.26295334
-0.0096382815
0.20222729
-0.057259452
-0.085513748
0.39521104
0.13938326
-0.5643487
-0.19306555
-0.56293845
-0.38395321
-0.011755439
-0.11171648
-0.50305611
-0.21124922
-0.46965197
-0.98254138
-0.57499421
-0.52607256
-0.60778826
-1.1527767
-0.84337127
-0.15646355
-0.54335278
-0.49716043
1.0944568
1.0262588
0.85373068
0.77570993
0.60540801
0.5680775
0.9034462
1.1633656
1.0813938
0.090013564
0.15755852
0.60894483
-0.07616207
0.13178864
0.15044612
0.53611463
0.85188818
0.50168949
-0.078564517
0.44852287
-0.12229774
0.11678377
0.33243909
0.093982771
-0.063704342
-0.17801392
-0.1309308
0.8365218
1.1068017
0.91847813
0.67209274
0.94045794
1.193748
0.69199347
0.76804602
0.80393308
-0.82736164
-0.73846781
-0.93597752
-0.43814331
-0.34376568
-0.75694454
-0.9402709
-0.52257591
-1.0536932
-0.25690553
-0.64867049
-0.83654362
-0.85102463
-0.8984344
-1.0370436
-0.3267867
-0.29729494
-0.54832685
-0.86054689
-0.72818738
-0.81696731
-0.77276683
-0.49555904
-0.65313739
-1.0142752
-0.97529805
-1.0765271
-0.60590428
-0.60742366
-0.9720574
-1.1004918
-1.1949525
-1.273437
-1.1986052
-1.3568567
-1.2486082
-0.78003013
-0.77216065
-1.1829183
-1.0240263
-1.2435747
-1.548169
-0.93999261
-1.2094911
-1.150566
0.16068083
0.027457315
0.087809853
0.37206504
0.38916388
0.42885238
-0.060785934
0.075986013
0.17503981
0.054430697
-0.2686494
0.33724871
0.32482889
-0.015822964
0.53870541
0.9054296
0.82728398
1.1687489
0.31924346
0.57681543
0.82153231
0.079173572
0.15740627
0.052771248
0.15077011
0.18848102
-0.10347384
-0.13632166
0.14522101
-0.098289564
-0.13254797
0.00058903685
-0.22305962
0.076581977
0.053352259
-0.39245203
0.69375628
0.49656102
0.62901813
0.73768997
0.59019184
0.62679726
0.77971631
0.7015757
0.8567239
-0.29739824
0.018787829
-0.012360615
-0.3330836
0.008607449
-0.13216461
-0.39798442
0.09590783
-0.10638001
0.81499457
0.72228181
0.44766945
1.2102436
1.1904007
1.1122328
1.5321144
1.6302124
1.5760607
-0.50727433
-0.57857615
-1.0660156
-0.14758007
0.2051165
-0.24229193
-0.35127166
0.15396957
-0.19949999
0.80921119
1.165576
0.97196281
1.0426153
1.0664784
0.9949882
0.7232303
0.80294681
0.74368334
1.4324678
1.564617
1.5790387
0.81394899
0.62062854
0.70034093
0.82553881
0.57902271
0.45034018
0.5018084
0.72896707
0.25848666
0.1941765
0.049438093
-0.11906544
-0.48236713
-0.80450779
-0.68411809
-0.058551844
0.32842499
0.18952766
-0.17313078
0.17292477
-0.13962577
-0.19113924
-0.36326295
-0.80397552
1.1778916
1.5786142
0.77003664
0.30040655
0.44902533
0.19824092
0.16833942
0.39392459
0.27240038
-0.28281608
-0.4591656
-0.40620959
-0.67519456
-0.82783824
-0.8596077
-0.57593149
-0.63416183
-0.51415372
0.20436747
-0.13378043
0.12364163
0.26532686
-0.037685659
0.21454148
0.15943331
-0.11681017
0.30042705
0.97321993
0.64978862
0.81132621
0.48178637
0.19389364
0.71664178
0.7302509
0.56483823
0.86161542
0.19298714
0.14548101
-0.34569308
0.31750315
0.15332136
-0.3016322
0.40266946
0.41890487
0.060210016
0.71638072
1.3661662
1.0455332
0.86167079
1.353138
0.66342562
-0.23405947
0.14941998
-0.29449752
-0.25966191
0.23472103
0.055115961
-0.71193784
-0.2856932
-0.55855471
-0.061657272
0.18155748
-0.45125774
0.68140835
1.1398014
0.67516488
1.0154731
1.7757568
1.4007462
0.51317382
0.98107624
0.57316834
0.61222935
0.27847159
0.17623879
0.57164609
0.28245178
-0.0358149
0.98561877
0.77287281
0.37876281
0.79521334
0.53444397
0.31871912
1.4091753
1.0029672
0.61102366
1.7458477
1.0890725
1.1922904
0.64053267
-0.83665717
-0.53845447
0.065056168
-1.0442141
-1.3170518
0.1037214
-0.34804583
-0.87530726
-0.44991261
-0.036701951
-0.7063067
-0.56588161
-0.49521431
-0.45698288
0.36191911
0.54089731
0.21691184
-0.037461087
-0.19970265
-0.64665788
0.29692018
0.33338049
0.39902961
0.85985988
1.0801296
0.83793396
0.17465621
0.16013727
0.27419448
0.55776584
0.10165169
-0.022697955
0.11938944
-0.0024615184
-0.20954253
0.51710767
-0.42352968
-0.52424502
0.23593786
-0.61168927
-0.639368
0.041957784
-0.089246303
-0.48985109
0.47489884
-0.18799466
-0.59696972
-0.36836559
-0.36092189
-0.71816862
-0.14424045
0.051828392
0.11324373
-0.734182
-0.50886619
-0.56818217
-0.62863767
-0.19948858
-0.32086533
-0.33348989
-0.25295082
-0.18059841
-0.42240474
-0.55201298
-0.73766899
0.42147157
0.074743718
-0.36661986
-0.64298725
-0.63710964
-0.53797984
-0.45715231
-0.38898903
-0.23994812
-0.40903348
-0.29211998
-0.23974301
-0.93396193
-0.46715885
-0.6001212
-1.1748806
-1.0842165
-0.87519896
-0.99820644
-1.0803324
-1.0299256
0.1916945
0.078258157
-0.44903603
-0.88147503
-0.74163115
-0.70934916
-0.31580922
-0.2161662
-0.44686043
0.73437107
0.6859464
0.14567611
0.079399079
0.11098747
0.038735665
0.37386012
0.73202825
0.050296724
0.40059286
0.23987396
0.72519904
1.1729237
1.2525704
1.016639
0.51972616
0.27990702
-0.023537872
0.27805579
0.22208963
-0.032940492
-1.2463237
-1.0637099
-0.97861999
-0.90903741
-0.64540672
-0.78904009
-0.59181267
-0.70683819
-0.65633345
0.99860328
1.1022863
0.89337432
0.28908008
0.6135515
0.032363269
-0.76789916
-0.51308489
-1.0737926
-0.9528318
-0.89620876
-0.74643123
-0.78720045
-1.095672
-1.1978153
-0.124893
-0.49626833
-0.70923424
0.62741303
0.55482024
0.23276268
1.1494725
1.3371303
0.69148934
0.35485181
0.6079154
0.33630174
-0.0413666
-0.049393982
-0.38064241
0.49908721
0.99079829
0.69992274
0.33028701
0.72422123
1.0383878
-0.16523919
0.14115818
0.19632196
-0.15886985
0.022230361
-0.13118057
-0.57751352
-0.23619606
-0.52375275
-0.48962304
0.11296383
0.11894663
-0.59201628
0.57499152
0.42628977
-1.5816807
-0.55588001
-1.2275043
1.4315866
1.2879771
0.40466312
0.23346896
0.26898554
0.40231714
-0.89924961
-1.0388509
0.017010543
-0.99028713
-1.338266
-1.8623133
-1.3172343
-1.2215042
-1.39661
-0.78327799
-0.72683996
-0.89506567
-0.61990172
-0.28971815
-0.24718314
0.15142252
0.24504608
0.22068502
-0.17334226
-0.13703479
-0.51950139
-0.14533326
-0.1574066
-0.79041958
0.26368803
0.029067907
0.010274049
0.98154265
1.0413816
1.4676787
0.50489336
-0.18617648
-0.052664675
-0.77151263
-1.4198488
-1.0331706
-1.1589813
-1.4623182
-1.5736949
0.45593071
0.63323557
1.0526223
0.82266182
0.61621028
1.6071299
0.43598863
0.55230379
1.3500576
-0.1044209
-0.11902326
-0.075097457
0.12305557
0.64513403
0.1672446
-0.74659157
-0.094667003
-0.19907118
0.55719143
0.29772323
0.095889807
0.45133835
0.36750779
0.13669142
1.2425081
1.1618682
1.1619859
0.17618713
-0.19412562
-0.21906242
-0.17945151
-0.55844015
-0.56859064
0.34222436
0.03182428
-0.22444671
0.98148912
1.2170233
1.2905165
1.4234842
1.3665574
1.1803633
1.3995383
1.465471
1.3137065
-0.1912211
-0.51826942
-0.57853544
0.23789804
0.03838503
0.21750951
1.1453973
0.68884307
0.65534616
-0.11649123
-0.37741286
-0.26334387
0.0041608899
-0.38285244
-0.24093558
0.50993806
0.043012023
0.23968485
-0.18819381
-0.62421018
-0.44700733
-0.506253
-0.7090295
-0.39896393
-0.49250928
-0.57545704
-0.099045113
-0.42711085
-0.51472646
-0.25440106
-0.58510035
-0.44411111
-0.25544128
-0.95567542
-0.64921188
-0.68015325
-0.70059019
-0.45993367
-0.86867124
-0.73793101
-0.41258013
-0.70892715
-0.35210919
-0.38597849
-0.51318383
0.32943785
-0.0027098421
0.061181258
-0.15359317
-0.40621468
-0.17753537
-0.55014151
-0.3455773
-0.13454714
-0.86156797
-0.99559414
-1.619945
-0.71371835
-0.65469497
-1.0655046
-0.57038063
-0.74719375
-0.99594092
1.9242146
1.2000401
2.2362924
0.61954343
-0.041178603
0.84587836
-0.032783665
-0.14113125
0.319987
0.19937037
0.19589782
0.59952718
0.83809137
0.12424378
0.92833084
1.0734302
0.34193638
0.73969388
-0.78748119
-0.8164134
-0.5673508
-0.30793726
-0.48065594
-0.46346185
-0.25604555
-0.3506155
-0.17680104
0.13189782
-0.10365492
-0.23629266
0.23007651
0.01897434
0.052826632
0.38800007
0.47477227
0.56786937
-0.16014659
0.28426358
0.43087038
-0.21631876
0.10703584
0.17773695
-0.25642478
-0.42725998
-0.20577195
-0.73803139
0.26743332
0.34868303
-0.56997412
-0.44231853
-0.59400004
-0.53809953
-0.83060682
-1.1468297
-1.0969317
-0.58033472
-0.36535808
-1.4193586
-0.80514544
-0.49848148
-1.2024502
-0.81134111
-0.64989418
-0.48078966
-0.24081485
0.01935024
-0.3545841
-0.46236569
-0.67890257
-0.06514743
-0.023424467
-0.24374774
-0.029623041
0.17083038
0.16182958
-0.041512482
0.36303186
0.30201373
-0.1945079
0.17647481
0.35586339
-0.64578795
-0.89151245
-0.95120239
-0.30583167
-0.45928368
-0.52737308
-0.46013755
-0.5183062
-0.22365828
1.488475
0.76299334
1.0837358
1.6187779
0.87341076
1.1669264
1.2151304
0.92643094
1.1820049
0.78443003
0.78899843
0.71536726
0.772044
0.47615764
0.59101808
0.091066577
-0.23745669
-0.39692321
0.14197557
0.2962271
0.73060185
0.36109397
0.082403935
0.80907798
0.45445585
-0.1212836
0.79047
-0.20322108
-0.19844902
-0.34910214
1.0942094
0.99268097
0.85333872
1.8519771
1.4644699
1.4922138
-1.0559829
-0.53755921
-0.39956769
-0.89841807
-0.7828328
-0.46301353
-1.0818269
-0.73295569
-0.59831619
-0.13927476
-0.14713256
-0.062467087
-0.38900745
-0.39697635
-0.2940976
-0.34765267
-0.44646487
-0.086464293
0.82602525
0.61125088
0.29055277
0.96982557
0.69711441
0.38009447
0.47851595
0.21823369
-0.099939518
0.17742959
0.33515641
0.087930053
0.56348825
0.3258743
0.23165531
0.53258646
0.42091405
0.39768887
0.58595872
0.42957819
0.34593493
-0.23034063
0.0030782532
-0.46864012
-0.41763547
-0.24427043
-0.76182806
-1.3457994
-1.2835245
-1.6394876
-0.71487004
-0.71104401
-0.98791069
-1.1099285
-1.2068707
-1.5077947
-0.90485191
-0.44972193
-0.26579931
-0.50206757
-0.45685214
-0.28538117
-0.16579133
-0.24645522
0.075362466
0.026121899
0.50901085
0.16059013
-0.46350551
0.20428029
0.019825369
-0.30776888
0.45814231
0.1286523
1.0315791
1.2117127
0.84207463
0.27068022
0.57242811
0.042764291
-0.013594668
-0.025795454
-0.50226408
-0.053568985
0.056309361
0.063970707
-0.25438696
-0.18977901
-0.21485448
-0.95478189
-0.80787128
-0.6041559
0.0067533604
0.31941566
0.36883834
0.65543145
0.94491088
0.44611377
0.56410462
0.78672707
0.44085708
0.36095527
-0.056490581
0.12182077
-0.2874794
-0.59103036
-0.414285
-0.19452235
-0.5791654
-0.46737754
-0.72399092
-0.39510265
-0.52744228
-0.66472888
-0.48573431
-0.78074837
-0.54351604
-0.44927907
-0.35241222
-0.37733412
-0.52680171
-0.69438356
-0.23553939
-0.63484383
-0.70469147
0.26329383
-0.31225845
0.0064294152
1.4309217
0.88332748
1.0577952
0.53591752
0.1246132
0.61905515
-0.13252233
0.022831678
1.0156777
0.29039183
-0.029262712
0.38550714
0.45090064
0.1664401
0.55931574
0.71147329
0.70666766
0.93075037
-1.3291441
-1.2336661
-1.4823191
-1.2853924
-1.1863426
-0.89355141
-1.3780633
-1.0272542
-0.74652988
0.34480405
0.36605209
0.57189792
0.3678554
-0.072060242
0.25527239
0.44846174
-0.038360275
0.42628452
-0.11791732
-0.020686923
0.56537312
-0.17557727
0.15034547
0.51678735
0.74339533
1.0966142
1.1508237
-0.049405552
-0.25063059
-0.18557183
-0.56122315
-0.86970156
-0.78423113
-0.6712293
-0.81629598
-0.87198108
-0.66408104
-0.9014954
-0.62671447
-0.61448288
-0.75695914
-0.57873231
-1.078229
-1.0304786
-1.0767981
0.23328459
0.51594675
0.11823812
0.69649994
0.6931271
0.49881062
0.56847209
0.3997471
0.29914722
0.41704273
0.63811648
0.31617257
0.59275889
0.62405884
0.57754081
0.39274019
0.12609304
0.18051815
0.17444487
0.40741974
0.35769176
0.38553545
0.50913322
0.29254708
0.37065187
0.51086974
0.2430892
0.36172512
0.18564312
0.6717478
0.15210441
-0.011843724
0.21471818
0.49774522
0.279116
0.72670835
-0.56527001
-0.7742976
-0.69182527
-0.54454923
-0.81732559
-0.88554633
-1.6865454
-1.6134716
-1.4047498
0.1801056
0.094580308
-0.40926528
0.54820508
0.085506395
0.011541459
0.24164383
0.21218388
0.36880183
-1.2674025
-1.3276718
-1.4598037
-0.53769356
-0.84359479
-0.99288511
-0.21104312
-0.51381242
-0.59855229
-0.46319157
-0.73747736
-0.69384873
-0.293154
-0.95090383
-0.45492318
-0.37412742
-0.7354238
-0.6047951
0.26644975
0.33509424
-0.023980383
0.85676622
0.97063667
0.86116207
1.6809492
1.6438591
1.6810769
-0.72007829
-0.68238461
-0.67671776
-0.62327206
-0.57552081
-0.39362365
-0.17591107
-0.38748449
-0.11871228
-1.1328105
-1.0933623
-1.0542381
-1.3981283
-1.1691706
-1.4424303
-0.77291596
-0.73966092
-1.1779928
-0.08082135
-0.39938024
-0.40857574
-0.54126132
-0.43951195
-0.15984033
-0.16117436
-0.12379577
0.38508862
0.5798043
1.0295666
0.88449186
-0.18995269
0.22270696
-0.030444277
-1.240918
-0.73511231
-0.80704451
0.15019605
0.13589045
0.27987394
0.99144483
0.80552351
0.8500331
1.1774085
1.0665365
0.99743861
1.2035762
1.0020159
0.47439098
1.0061166
0.83080816
0.51462895
0.65049243
0.40389189
0.22362898
-0.091650449
-0.64492738
-0.73588687
-0.49362326
-0.88406056
-0.96596718
-1.206081
-1.2207627
-1.2335645
-0.071355693
-0.5386706
-0.31297487
0.17569682
-0.28057513
0.073780157
1.2422981
0.81877667
1.2501945
0.27611434
0.16294393
0.34098798
-0.12363303
-0.26866508
0.15821411
-0.43692976
-0.58581716
-0.28436798
0.12693454
0.13000081
-0.01067201
0.061450757
0.21154442
0.32686609
0.36105323
0.57356006
0.80687636
0.051388763
0.53781891
-0.25349143
0.65142822
1.0067269
0.23490779
-0.13853864
-0.020381672
0.18201181
0.54008287
0.42147106
0.64515525
-0.52573544
-0.30654895
-0.36341748
-0.53009564
-0.39757544
-0.43824804
0.53648698
1.0177952
0.96643847
0.39770833
0.65242004
0.19580957
0.05816878
-0.2537041
-0.80886096
-0.9656139
-0.90277684
-1.1472175
-0.46154812
-0.30941287
-0.53591919
-0.043104384
-0.11939701
-0.13449538
-0.21880135
-0.11393394
-0.22353038
0.036321416
-0.025834152
0.27807856
0.22904183
0.14586604
0.31963399
0.56129742
-0.038844712
0.22451526
-0.35999757
-0.90441209
-0.42750961
-0.61162591
-0.51289117
-0.26737815
-1.0716946
-0.95777142
-1.0470742
-1.1671512
-0.98610216
-0.95885587
-0.31654432
0.024553059
-0.096438572
-0.56099254
-0.14610066
-0.32491517
-0.4642418
-0.096167393
-0.1125273
0.58446795
0.58210891
0.097470604
0.7275365
0.71693331
0.70768011
0.40230522
0.38071743
0.21860896
0.34345746
0.49527299
0.48010683
-0.28056672
-0.60612708
-1.0073771
-0.11782575
-0.55802906
-0.61421824
0.23257989
0.20332541
-0.025893433
-0.91186059
-0.81104594
-0.82805341
-0.73165095
-0.42729577
-0.47531
-0.30986896
-0.085730761
-0.33213237
-0.17144488
-0.32977864
0.049472138
0.71119028
0.42166305
0.527363
1.2273798
0.97989762
1.0942994
0.10746757
0.15358068
0.18006037
-0.38846439
-0.19981578
-0.21891393
-0.71688372
-0.87875956
-0.66630006
0.49562171
0.3089641
0.24521734
-0.35336325
-0.30586568
-0.46528441
-0.463772
-0.070584729
0.017659493
0.10568848
-0.092662394
0.23963112
0.19934991
0.24877445
0.091762707
0.32030419
0.8760137
0.54890347
-0.2367606
-0.31170484
-0.6629982
0.42440772
0.37496513
0.18975291
0.59354299
1.0290637
0.7226823
-0.84152758
-0.53847075
-0.50167894
-0.58684456
-0.31756386
-0.3596102
-0.11934372
-0.23974748
-0.41185439
0.3593919
0.18034776
0.25868759
-0.13888018
-0.23418172
-0.18895474
-0.55993605
-0.27070257
-0.1801493
-0.87941551
-0.60654461
-0.5035916
-1.0084563
-0.25655434
-0.48578426
-0.58324808
-0.27900386
-0.51765954
0.38904577
0.46818036
0.24665849
-0.6766572
-0.62950826
-0.48724478
-0.30594608
-0.21187083
-0.12583865
0.41526079
-0.028996069
0.060386438
-0.27099624
-0.4750388
-0.72184217
-0.36095536
-0.30032459
-0.59777099
0.63701624
0.7403329
0.61150587
1.070654
1.4529998
1.2569485
0.93976754
1.035203
0.74502867
0.051675912
0.70487839
0.29689646
1.9552598
1.6423692
2.1081502
1.8708889
1.5075566
2.1831496
0.069869667
0.38076469
0.058633547
0.52561921
0.68970293
0.432152
-0.41173577
-0.31720737
-0.13545254
-1.0370218
-0.18958579
-0.55194867
-0.34824055
-0.11682512
0.13340937
-0.20595686
0.12546231
-0.45907524
0.33961171
0.50048429
-0.24128877
0.77529693
0.60161012
0.21517402
-0.34306279
-0.23160887
-0.54585528
-0.37792158
-0.085322089
0.0083897207
-0.67229873
-0.41618249
-0.37141341
-0.74419403
-0.29587573
-0.33365643
-0.37845784
0.064863384
-0.96289217
0.059307184
0.1907458
-0.26419678
-0.79845119
-0.5277856
-0.61541295
0.89464635
1.0493613
0.78682166
0.71619564
0.59997618
0.57125139
0.95026827
0.78497171
1.1301606
-0.7552982
-1.2345996
-1.0359148
-0.36682025
-0.65213352
-0.3794075
-0.48424378
-0.46780553
-0.4458423
-0.019171968
-0.086156622
0.60983598
0.080477752
0.30361447
0.60540789
-0.14362618
-0.018561434
-0.06650421
-0.41948274
-0.16902943
0.28249475
-0.4088991
-0.32345963
-0.36803344
-0.32466954
-0.50101793
-0.44491771
0.66886181
2.1304262
2.1327698
-0.12008946
0.75179398
0.62414265
-0.98854488
-0.46354082
-0.46568537
0.64981097
1.0394802
0.76385087
0.6013115
0.686055
1.3986759
-0.024604568
-0.33048183
0.32571083
0.7588383
0.89055848
0.8491829
0.87462789
0.41012058
0.23298912
1.2654432
1.0465157
0.84127474
0.81056499
0.99874771
-0.23151934
0.53172719
0.20141821
-1.1107361
-1.6594648
-1.0966733
-1.3825134
3.0849257
3.0126667
2.092015
0.92919451
0.81811494
-0.76852864
-1.0800482
-2.2019589
-2.1677525
-0.45984355
-0.75657618
-0.9737429
-0.23894037
-0.32854199
0.096958973
0.14447173
-0.076692663
0.16403371
-1.1269944
-1.2210888
-1.5546199
-0.55895334
-0.4825016
-0.4086501
0.084908344
0.30436733
0.55322409
-1.8047752
-1.0059428
-0.91395783
-2.0592704
-1.2972434
-1.3072337
-1.817102
-1.3114214
-2.2374341
2.1228266
2.2494829
1.5115016
0.64161086
0.64034808
0.035008192
1.0744237
1.3002503
-0.21453904
-0.12332465
-0.21111442
-0.44762534
-0.81886679
-0.70311129
-1.4181125
-1.2631488
-1.2543898
-1.4046632
1.2576828
1.556379
1.1533109
-0.25527057
-0.39876735
-0.70153171
-1.0522156
-1.0119572
-1.3099576
-0.61472821
-0.5338704
-0.400859
-2.0778892
-1.7537004
-2.02844
-0.60246003
-1.2136436
-0.98871481
-0.88300627
-0.27526551
0.15823296
-0.95818985
-0.61454272
-0.39736506
-1.3191186
-0.72199821
-0.41762254
-0.23218559
-0.55407315
-0.4402661
0.28440225
0.45302767
0.70357943
0.084706403
0.36876133
0.82560986
0.94393551
0.8484419
1.4413887
0.35777199
0.70276201
1.0896041
0.17788883
0.3898212
0.14911281
0.42094979
0.428956
0.054587927
1.0653628
1.2284169
0.93239695
0.81847882
0.70395261
0.17930062
-0.69491935
-0.70072997
-1.1972609
-0.44251132
-1.1996944
-0.59459394
0.24197307
-0.28140682
-0.11542001
-0.47800067
-1.2390932
-0.25667351
-0.88075364
-1.0374198
-0.41489324
-1.1437414
-1.1004928
-0.20013104
-0.12143505
-0.062225852
0.54570937
0.90886933
0.90921807
0.65301359
0.20526655
0.94066834
0.5562939
0.36725292
0.41869977
0.53410882
-0.11926378
0.11645412
-0.079541415
-0.68257588
-0.63440287
-0.87333798
-0.50747824
-0.55754226
-0.2117981
-0.82284856
-0.82393962
-0.25025827
-0.54851699
-0.63373548
-0.076948255
-0.045291603
0.08960513
-0.40297088
0.038403917
0.51720518
-0.60091883
-0.40928966
-0.047529522
-0.49555811
-0.23436154
-0.060114317
-0.07486432
-0.84083909
-0.56947368
-0.32296261
0.0043931291
0.45047188
1.1357961
-0.73029035
-0.89137298
-0.41215605
-0.85715204
-0.58214098
-0.37321761
-0.66418219
-0.66450536
-0.39620212
-0.16367902
0.43891102
0.32037088
0.61941725
0.7645399
0.75139594
0.35475045
0.38935056
0.60345125
0.37451798
-0.67941898
-0.48262513
0.38043913
-0.17549212
0.24106106
0.45507458
0.014689994
0.049549036
-0.46863198
-0.40235114
-0.39513147
0.28984824
0.43165737
0.88367909
0.95964265
0.8596099
0.93668824
-0.48956662
-0.0028337478
0.0024164557
-0.75127822
-0.6660558
-0.45475149
-1.3758346
-0.51666796
-0.28632918
0.088220648
0.16552882
0.45780101
0.15188107
-0.011617922
0.72541392
0.44404623
0.70571876
1.1892465
0.50222415
-0.62107664
0.38643941
0.23778008
0.37673959
0.42569137
-0.44349903
-0.60690182
-0.5228129
1.4313817
1.1429297
0.95226991
0.72628278
0.52759236
0.46499586
1.5809535
1.1468239
1.4081473
-0.097820304
-0.89933139
-0.9214592
0.4723694
0.40409026
0.63004714
0.56805468
0.12582028
-0.46742478
-0.46165365
-1.0294797
-1.305142
-0.35049459
-0.59289205
-0.5908705
0.70290804
-0.61578727
-0.62288421
0.6700657
-0.53478503
-0.74908149
1.2398382
0.59470791
-0.25466245
1.4261321
1.2139171
0.28552142
0.49596703
1.0498549
0.24138436
-0.60823494
-0.91595119
-0.89366156
0.048775148
-0.238516
-1.397084
-1.6115509
-1.0003732
-0.44471002
-0.35588694
-0.57677978
-0.15297396
-0.28187689
-1.05703
-0.98113412
0.29779583
-0.94308883
-1.450634
0.1902395
-0.42864984
-0.757595
1.0036173
0.7582162
1.192953
1.3862439
-0.86549175
-0.44097289
0.085908934
-1.3231958
-1.370741
-0.28221059
-1.3894703
-1.6270275
0.37299579
0.5290888
0.98095411
0.10798471
0.63241792
1.9440156
-1.2183219
-1.7547523
-0.0084214276
-0.065403834
-0.25077596
-1.4875441
-0.3549681
-0.01426166
0.34660289
-0.02179889
-0.045693833
1.8737692
1.1475606
-0.61483717
-1.1341982
0.53276289
0.091958821
-0.7702198
0.80080247
0.87541288
0.30806738
0.0091187581
0.20652872
-0.42410269
0.95371413
0.43347922
-0.22207771
1.6403854
0.51771599
0.31179559
3.0175121
0.55566138
-0.29783979
1.2091824
-0.54741323
-2.8778682
-0.39291427
-1.1882185
-2.5307739
-1.2730836
-0.61874789
-0.49086738
0.14855175
0.67929417
1.5611485
-0.80996752
0.99879271
2.2087233
0.96343309
-0.92347014
-0.31991261
1.7063709
-0.71797013
-1.6836481
4.1187062
2.5661139
-1.5243052
1.5218521
1.5929235
2.3028536
0.38834012
0.22498293
-0.21642594
-1.1371409
-1.3447587
-1.2478704
-0.18776517
-0.41930914
-0.37497097
0.2357069
0.15954597
1.4199519
-1.1131737
-0.46799269
1.0242115
1.1860346
0.22547467
-1.1003044
1.5555203
0.4677687
-0.32472369
-0.87727165
-0.65946978
0.10390496
2.0850317
2.6942601
1.6222376
1.1201619
1.4238191
0.022270489
-1.0070239
-0.33671471
-1.4663677
-0.14145289
0.75286198
0.45109463
0.83017606
1.3857598
2.0466125
-1.1895874
-0.98559171
0.67920965
-0.68634665
-0.57447982
0.45075312
-1.2851464
-0.3039737
0.20338126
-0.5297454
0.27605441
0.066110343
-0.29671896
-1.172459
-1.5746199
1.2963001
1.3937799
-0.1795837
0.24381362
1.3301573
-0.3532587
-2.2774649
-0.95534062
0.43649119
-1.5437093
0.35279563
2.0576229
-1.3401847
0.21061286
1.7197305
-0.77505082
0.026437564
0.015433096
-0.71803761
-0.44554183
-0.50446278
-0.55706066
-1.76118
-0.96638906
-0.19339488
0.034518979
0.44805852
-2.3126776
-0.73131478
0.51290065
-3.2955093
-1.2144071
0.43561262
2.4517765
1.1205295
-0.60802525
1.2143432
1.4209113
-1.1204818
-0.74746633
-0.4766013
-0.81227493
-0.80501115
-0.667117
-0.788248
-0.10402948
0.20645431
-0.18794788
-0.83260596
-0.36048904
-0.70416868
-1.5155537
-1.0141127
-0.097834639
0.12220661
0.2147364
0.80876404
-0.33497915
0.96745902
0.4042131
-1.2010012
0.33654273
1.653901
-1.0454863
0.39290217
1.5788498
-1.1439369
0.14722332
2.1938074
0.86822045
-1.5377291
-2.1016617
0.72727859
-0.8546226
-0.89491886
0.57421988
-0.3148838
-0.045509607
0.93395019
-0.1815014
-1.4287879
0.68610805
0.17190962
-0.89589369
1.0711277
0.11998563
0.77367151
-0.88975239
2.0521796
0.99662954
-0.3797915
1.0204841
0.63158083
-0.87085229
2.4541225
0.94862401
-0.27829334
-0.95440751
-0.69039994
0.29534447
-0.57285291
-0.43224025
-0.10398071
-0.44606388
-0.15535498
-0.28083473
-1.1130232
-1.3925449
1.3146261
1.1683364
0.52395403
-0.59082198
-0.38496691
-0.55183178
1.8676105
1.5281639
1.1947292
0.32036006
0.54877627
0.10074034
0.082934611
0.13107911
0.47286525
1.8799692
2.5796773
2.5088789
0.9343636
0.95024586
0.72192299
0.97857285
1.115525
0.62795818
-0.8929922
-0.42743894
-0.31251118
-0.040206023
0.20532979
0.49456123
0.61347866
0.69840503
0.98039973
-1.3715523
-1.2868682
-1.0066977
-0.99156463
-1.1768967
-0.8031345
0.45500594
0.31637663
0.45687237
1.4772227
2.0772491
1.3284614
1.1748199
1.1941192
0.51417923
-0.96679753
-1.3788481
-1.1921724
-1.2616674
-1.0736146
-1.0602859
-0.5602442
-0.64941436
-0.48690295
1.6147683
0.65776646
1.1553376
0.15516357
-0.012395708
0.015255264
-0.51893586
-0.43558842
-0.21033089
-0.50775993
-0.50924122
-0.26513064
-0.16931406
-0.79534119
-0.066833779
0.2584635
-0.038913809
-0.30758598
-0.85440427
-0.90282047
-1.7562057
-0.7647121
-0.8839888
-0.91450679
-0.81846553
-0.67556888
-0.3149904
-0.11276612
-0.48953226
-0.44726112
0.14394607
0.41166714
0.2860409
-0.071895704
0.085741431
-0.28834665
0.11077633
0.16698058
-0.0091148494
-0.86997277
-0.83829635
-0.043434162
-0.23165995
-0.59577167
-0.94724876
-0.61393815
-0.67316145
-0.71595901
0.96560889
0.86257607
0.50626159
-0.054160196
0.091169082
-0.26477963
-0.73678595
-0.46731833
-0.50694615
-1.1322782
-1.6653895
-1.2344137
-0.3829481
-0.64988989
-0.37425199
0.54851222
-0.72228211
-0.46702906
0.95700407
1.0248562
1.3882278
0.88998902
0.49303967
0.10904912
0.40873989
0.32265189
-0.22905816
0.84261644
0.92164361
1.5580094
1.2969337
1.3192797
1.1269195
0.59827101
0.64945418
0.64609879
0.15666908
0.42468676
-0.64607948
-0.098068476
0.19947909
-0.54556841
-0.25471383
0.3283911
0.43778336
-0.44389966
0.052494816
-0.094211593
-1.1261144
-0.82139784
-0.7220251
-0.59462029
-0.16334482
0.36971158
-1.4733342
-1.7361242
-1.1229485
-0.81620878
-0.19879591
-0.5546968
-0.67769837
0.48228782
0.45899865
1.5805994
1.1238636
1.0256172
1.3688979
1.4245715
1.543
0.27672982
-0.39970234
0.3409372
-0.81007284
-0.41530865
-0.54867309
-0.33944824
-0.43097898
-0.31887072
0.63892961
0.55546045
0.20750678
-0.27675149
-0.42345029
-0.50532502
-0.68599594
-0.96148288
-0.92237419
-0.49756461
-0.56526643
-0.8540833
0.33785865
0.17056544
-0.01270464
-0.35316548
-0.34156898
-0.54510713
0.63917047
0.9362883
0.77532762
-0.26750159
-0.30533391
-0.6524868
-0.49939331
-0.6999265
-0.6636312
-0.14162417
-0.34707928
0.36825317
-0.090371408
0.27158627
0.5438394
0.65712208
0.16122879
0.91862237
0.73236108
0.67302448
0.93421644
-1.3185713
-0.73609406
-0.95593911
-0.93320501
-0.0080490271
-0.35943452
0.059188209
0.11890667
0.2002712
-0.50384635
0.075301744
-0.21771917
-0.37597787
-0.68781859
-1.0750697
0.88201904
-0.62429667
-0.46278614
-0.47772363
-0.4065614
-0.069508515
0.2639522
0.62616593
0.22499877
1.319455
1.2381475
1.4269609
1.6354074
0.86492163
0.62285
1.4329431
-0.11539382
0.47077966
1.0959285
0.37961143
0.38335919
-0.43975294
-0.84791291
-0.49924055
0.10179501
-0.24069722
0.024107089
-0.54206127
-0.58527738
-0.7492432
-0.69038278
-0.56337434
-1.1665987
0.35347691
0.27351776
0.43944824
2.1029205
2.5036018
2.736208
-0.42920619
-0.13423629
-0.049721051
-1.1058948
-0.83414656
-1.0920253
-1.4590425
-1.0801783
-1.1889602
0.22004889
-0.38087454
-0.35877827
0.5463869
0.34161681
0.62708795
1.544997
1.5340056
1.5315531
-0.093464926
-0.21721224
-1.1249614
0.74324727
0.81199235
-0.16123691
1.3664738
1.239689
0.60766166
0.38753688
0.16533534
-0.18874227
-0.48987105
-0.58963019
-0.53097683
-0.35092372
-0.72624314
-0.55724645
-0.71645314
0.23649134
0.38024852
-0.29673627
0.25698626
0.32493177
-0.1226124
0.35917968
0.40726024
0.073907636
0.14155602
0.60048169
-0.38253555
-0.29695997
-0.033887986
-0.24797882
-0.065679334
-0.12406997
-0.090015531
0.094328396
-0.51650554
-0.21679991
-0.22991921
-0.68567759
0.0063600019
-0.34568667
-0.65472144
-1.1266484
-0.87319487
-0.38480261
-0.87901646
-0.34113336
-0.25060147
-0.95997959
-0.83400607
-0.57634056
1.0218238
0.49309948
0.77678233
-0.24278453
-0.54668504
-0.51181203
-0.95551938
-0.83641243
-0.54542172
-0.24979985
0.57369363
-0.08013498
-1.4210166
-0.23128532
-0.85564202
0.0094318148
0.63754892
-0.62703365
0.12042551
-0.066888019
-0.27385807
-0.48581427
-0.4610289
-0.37376407
-0.4405697
-0.67747223
-0.66771436
-0.9088428
-0.98171312
-0.87569582
0.38030326
0.65077364
0.14547786
1.2308763
0.70494771
1.1690259
1.883283
1.9582026
1.0781554
0.49253544
0.89397222
0.11354043
-1.3704518
-0.61190605
-1.0889827
0.48540345
-0.57870495
-0.63099635
-0.79303592
-1.4265894
-1.4927189
-0.31993803
-0.92807376
-0.84736186
-0.40854281
-0.84353423
-1.1872283
-0.43928605
-0.76698309
-1.2891818
-0.85716981
-1.2616105
-1.5473731
-0.68026584
-0.65831017
-1.132598
-0.23420851
-0.094368868
-0.24619927
0.12881468
0.3506085
0.31041181
0.10359491
0.91915005
0.34940168
-0.9492597
-0.0021315096
-0.22368737
-0.65099615
0.054807507
0.035361055
-0.13803902
0.69683087
1.3215011
-0.31967688
-0.16435029
-0.37356144
-1.0007913
-1.055505
-1.1161113
-0.66428316
-0.7070418
0.034827344
-0.45615363
-0.61451828
0.0039424999
0.56627858
0.36339068
0.60912424
-0.13096289
0.22170465
-0.13490972
-0.34038126
-0.32335234
-0.44535127
-0.19987032
-0.069615379
0.12647262
0.060413133
0.41066727
0.59029734
-0.2134445
0.0082303416
-0.14481138
-0.49126694
-0.35577196
-0.4785915
1.0455784
1.2371117
0.68817639
1.1206162
1.1459491
1.1377419
1.3785344
1.1914747
1.0457082
0.9499737
0.63809115
0.92555958
-0.020636329
-0.26936051
-0.060333855
0.72504365
0.40016392
0.37530589
1.0516806
0.61907297
0.025507474
0.62737954
0.45345178
-0.13561364
0.08206708
0.0036542155
-0.20607637
-0.858455
-0.46217236
-0.60698414
-0.23670648
-0.0031025072
0.20125389
0.67267585
0.7781738
0.96498477
-0.18987703
-0.48218212
-0.30217031
-0.86966443
-0.86397904
-0.68411648
-0.0072702491
0.21330093
-0.29343313
-0.029468581
0.1776409
0.73179483
0.057942111
0.19571839
0.45615676
0.12544261
-0.073834412
0.64195323
-0.43390876
-0.98730975
-1.6644206
-0.78879791
-1.2219162
-1.2094568
-0.014000804
-0.19681443
0.32177925
1.1775169
1.0430573
0.2183283
0.98407465
1.0085225
0.66493028
1.7041781
1.2608314
1.1525918
0.14913674
0.04761561
-0.34050807
-0.26695088
-0.63237685
-1.0784018
0.24078356
-0.0064049037
0.15228832
0.053259198
-0.67124307
-0.16371961
0.33883923
0.11519188
0.25353003
0.95734024
0.92280877
0.75663525
-0.43054703
-0.49970865
0.13265643
-0.038310476
-0.12345702
0.25016069
-0.32857335
-0.48879349
-0.050207201
-1.5106328
-1.3105253
-1.3532908
-0.54123223
-0.48406455
-0.45242023
0.20886107
0.15754893
0.48257524
0.84535062
0.7812863
0.13004826
0.57438898
0.9804523
1.0754029
1.0575709
1.0338169
0.94689184
0.35745063
-0.12440304
-0.10269319
0.28822562
0.076449595
0.32026488
0.12902668
0.14785103
0.30552197
0.047453322
0.62574488
0.4217135
-0.3315092
-0.14366651
-0.2642256
-0.7318213
-0.13564886
-0.60926145
1.150792
1.1524
0.73450607
0.77506763
0.75368387
0.13855344
0.88039726
0.10380457
-0.12839274
-1.8978522
-1.7494584
-2.1065249
-1.7729951
-1.5103883
-1.3378255
0.14620735
-0.15357846
-0.080390632
-0.66672176
-0.056029435
-0.68991959
-0.61547458
-0.47230667
-0.46725902
-0.25949201
-0.3809576
0.027750092
-0.54797661
-0.11533628
-0.41322204
-0.2791248
0.10340128
0.015345652
0.27940065
0.89724451
1.1165555
1.2059674
0.32815278
0.16965944
1.0651991
1.0482839
0.91345215
1.4322133
1.2868431
0.49833995
0.4036769
-0.57851362
-0.21868698
0.073475212
-1.1575513
-0.40901259
-0.041999239
-0.95281804
-0.33215928
-0.15945528
0.12614159
0.67782491
-0.92973971
-0.81665182
-0.13754687
-0.95820963
-0.78387851
-0.59943473
-0.45159671
-0.18049668
-0.1755165
-0.91202992
-0.15072475
0.27281368
-0.341465
-0.19817543
0.58377242
0.051674355
0.21358417
0.087127551
0.53512144
0.31759056
0.74433023
0.48181573
-0.01702198
0.76380026
-0.97052121
-0.81741363
-0.50713378
-1.2650232
-1.3371981
-0.70327598
-0.745004
-1.2714796
-0.35715458
-1.2318901
0.094331458
0.96262896
0.46226379
1.1856773
1.4797717
1.0030919
0.90547276
1.4800593
0.66933548
0.51269478
0.87014365
0.1697671
-0.024583185
-0.001866934
-0.11433298
-0.17272556
0.2339828
-0.40941146
-0.5774371
-0.42139265
0.53176814
0.2717557
0.79269797
0.84871173
0.39381212
0.70538133
-0.51775348
-0.24059673
-0.41157803
-0.46819043
-0.33823082
-0.89986622
-0.73200536
-0.92189914
-0.98292381
-0.049016695
0.27907676
-0.23292489
0.25219482
0.26611996
0.20288661
0.49015361
0.14647271
0.14334412
0.76449394
1.5403584
1.0482774
0.15334737
1.290081
1.0863084
-1.2461149
-1.6104341
-1.5480747
0.44944745
0.61876523
-0.75249696
0.4187344
0.51075006
-0.05933791
0.054455809
-0.34430838
0.091669567
-0.15891165
-0.22405125
-0.43162891
-0.77954829
-1.0899583
-1.0468502
-1.244509
-1.5296993
-1.5909278
-0.072430685
-0.59475249
-0.56593287
0.19560334
-0.76004779
-0.53862333
-0.047210291
-0.73436356
-0.45116943
-0.30510238
-0.14945649
-0.061290037
-0.049967892
-0.04889527
-0.0086178975
0.46758354
0.2108099
0.16075809
1.2276253
0.61096299
0.47913665
0.53327155
-0.27342236
-0.26322412
0.10835706
-0.63166106
-0.53446203
1.4113168
2.1496189
2.2723901
1.7407343
1.3244604
1.801928
1.0204053
0.53377783
0.93000638
0.36238268
-0.13588493
-0.39949346
-0.82810718
-0.85203338
-1.1010526
-0.70849764
-0.87338328
-1.109087
0.59124452
0.26643598
0.32443339
-0.57691163
-0.48317575
0.19742385
-1.0927927
-0.80587673
-0.14816418
0.34370771
0.37204996
0.48796669
0.78101057
0.85569137
0.98764282
0.36685947
0.99909365
0.74412239
0.24158147
0.22199814
0.44047353
1.0634761
1.0259099
1.4948294
1.2782229
1.0224439
1.6572095
1.4511245
1.1218746
1.4752557
0.72176361
0.63442922
0.61886472
-1.4404449
-1.6707556
-1.7048843
-0.22662863
-0.59246409
-0.93151754
-0.17964658
-0.47385561
-0.99375635
1.0017354
0.12934415
0.050899703
0.66957802
0.11784949
0.36230248
-0.1412739
-0.32015952
-0.053678215
-0.16992874
0.15044743
-0.11916899
0.14686009
0.59405905
0.39474636
0.27180302
0.53914851
0.52832651
0.25749236
-0.17067957
0.42182094
-0.50143766
-0.8349843
-0.92281371
-1.027189
-0.93737417
-0.75152856
-0.22181168
-0.37060529
-0.42639878
-0.47728544
-1.651281
-1.4350063
1.2263274
0.41626796
0.66833341
2.0006135
1.4945133
1.5382388
1.3647218
0.93103927
0.31415311
1.802609
1.3578285
0.027370663
0.83979976
0.74700224
-0.23775402
1.2927748
1.5078267
0.98514044
1.0191129
0.81271881
0.77544022
1.115562
0.78212494
0.81357408
-1.487624
-0.11130878
-0.81298095
-0.42016301
0.12201595
-0.2514542
1.223159
1.2794445
1.3364792
-2.4328258
-2.0003822
-1.3400831
-1.2646611
-0.73076379
-0.62850577
0.019547645
-0.31051472
-0.30244181
-0.19654366
-0.86950874
0.19522123
-1.1026726
-1.1793067
-0.63156086
0.087193891
0.33368394
0.10218988
-1.0127832
-1.3964065
-1.1886343
-0.67363346
-0.62944359
-0.50642216
1.132441
1.252604
1.0355422
-2.8466206
-2.9364653
-2.5214958
-1.0264106
-1.1037103
-0.77965373
0.75778049
0.45020911
0.7010504
0.14307787
0.3180711
0.68557811
-0.1474196
-0.5814597
0.18325338
-0.034910243
-0.040568117
0.17045887
0.4261494
-0.29195786
-0.55032796
0.50129932
-0.20877482
0.19506304
0.39182979
0.48563379
0.7615369
-0.47133532
-0.24245898
0.52232093
-0.63212156
-0.75332332
-0.98341042
0.12727791
-0.33318749
-0.4361296
-0.9785828
-0.38038635
-0.5716657
-0.85951656
-0.91733003
-0.57497078
0.21745615
-0.84781033
0.1831769
3.5002835
3.0410941
3.8787377
2.5424669
2.403656
2.7018952
-1.8604134
-1.6038456
-1.8580303
-0.81991601
-0.96463823
-0.46038976
-0.67990547
-0.62807655
-0.041804552
-0.45812389
-0.28648925
-0.44675326
-0.82979804
-0.087727614
0.60985404
-0.93630862
-0.65899414
0.22740828
0.091183722
-0.11697485
0.46498007
-0.021647548
0.45420408
-0.16525367
-0.99065149
-0.45294079
-0.67773181
-1.6034592
-1.6294889
-1.8360665
-0.50036478
-1.1147758
-0.40232676
0.45899314
0.11912886
0.57141829
0.22644086
0.38480991
0.3947126
2.0034218
1.9386262
1.3766097
2.5644066
2.6863101
2.7075846
2.1059868
3.3956149
3.5129352
-1.0070274
-1.2546118
-0.90929365
-0.019992236
-0.17723562
-0.35432726
0.69400972
0.6915856
0.5922659
-0.498254
-0.27592337
0.052200075
-0.63542068
0.17109433
-0.40836304
-1.5048418
-1.1329074
-1.8054322
0.67655039
0.66665065
0.70472002
0.73103189
0.86454368
0.70734918
0.17623641
0.57137173
-0.046391435
-0.20436205
0.2746931
0.98932242
-0.73823804
0.077287987
0.41818845
-1.0447818
-0.87719375
0.11273642
-0.48539197
-1.0274036
-0.74909657
1.4559067
1.2139323
1.1727527
1.6479003
1.0976866
1.3090215
-0.47893521
-0.71167469
-0.084337585
-0.67629278
-0.58154482
-0.72811204
-0.41959158
0.019681549
-1.2001661
0.19340716
0.17867997
-0.30212653
-0.26059937
-0.42614183
0.18556087
0.58433533
0.20197642
0.64726937
1.0409507
0.92612392
0.65543222
-0.3345328
-0.36076218
-1.4886999
-1.9185652
-1.8907642
-2.2833281
-0.30244133
-0.25871584
0.2585918
-0.48976681
-1.0508459
-0.34593138
0.10019702
-0.59996206
0.017435718
0.18108669
-0.041901253
-0.44995147
0.2844224
0.38196042
0.1536593
0.076393038
0.39521357
0.10462581
-0.20334382
0.19600365
-0.29699671
-1.108196
-0.71696627
-0.86523414
1.2603422
1.1206915
1.0851239
-0.63866436
-0.72420704
-0.52911615
-0.33405837
-0.39876521
-0.38920113
-0.2091244
-0.19254887
-0.212891
1.6262833
1.0089269
0.91291291
0.75228
0.23651986
0.14715965
-0.53503984
-0.97396874
-1.176428
-0.46401227
-0.039117068
-0.60005677
0.69744736
0.63205302
0.012365079
0.36967063
0.67212647
0.85746741
0.49310848
0.41164294
0.71712387
-0.046847709
0.11068127
0.38991162
0.088373296
0.34288669
0.34923556
-0.69606888
0.19075663
0.29190418
-0.86295885
-0.56549203
-0.76821429
-1.139924
-0.5846287
-0.93230104
-0.70042688
0.25257179
-0.20684452
-0.9192003
-0.62236917
-0.54934102
-0.7182138
-0.29109815
-0.37805483
-0.86714351
-0.3563844
-0.87224221
-0.91288698
-0.46470526
-0.62081045
-0.23857233
-0.20049348
-0.66997641
-0.77017486
-0.33617198
-0.63854879
-0.83876222
-1.0714829
-0.72585678
-0.78184122
-0.84086621
-0.76523793
-0.87919068
-0.90778494
-0.95549864
-0.76138496
-0.98294067
-0.84597784
-1.3784318
-1.1860633
-1.1020236
-1.1124743
-0.43794039
-0.92178434
-1.1403688
-0.98487091
-1.2589794
0.21323827
0.29305163
0.018778797
-0.24101152
0.068230249
-0.13502622
-0.43016756
-0.39070469
-0.64651442
-1.0430144
-0.86623895
-0.63891858
1.2203938
1.6149291
1.158874
2.5348496
2.2173016
2.2663248
3.6819315
2.8350623
2.9909101
0.30287957
0.70161158
-0.12040212
0.15762749
0.31439093
0.21941963
-0.67092061
-0.66194826
-0.905568
0.55638552
-0.088517107
-0.65916657
-0.55306208
-0.45627677
-0.78802294
0.065367185
-0.019900663
-0.19870816
-0.43803585
-0.37609336
-0.53314829
-1.5642468
-1.6983756
-1.5531321
-0.91708446
-0.76100463
-1.0359342
0.32162014
0.34158579
0.25930607
-0.034919739
-0.088278882
0.33825314
-0.61108607
-0.5691117
-0.34800079
0.13231517
1.2729211
0.22516049
0.3488583
0.70958453
0.4935739
0.703843
0.87801987
1.2188905
-0.65830314
-0.89748591
-1.1833776
-0.61637223
-0.78084952
-0.97951782
-0.33589146
-0.77559471
-1.1985245
-0.024031976
0.017463388
0.59335029
0.12154186
0.31245151
0.72180343
0.59632748
0.6499998
0.84205019
-0.10957941
-0.26618573
-0.14328711
-0.18412231
-0.66328043
-0.35743085
-0.082568906
-0.18111634
0.14052889
-0.15599169
0.010897745
0.06393142
0.16537565
0.53862488
0.057884321
0.0036966
0.27224448
-0.15205826
1.2127625
1.6832507
1.4643465
0.94636399
1.0970695
0.77895737
-0.32681906
-0.62034905
-1.0615525
0.41598323
0.29025474
0.40783545
-0.071969323
-0.29008469
-0.27021769
0.26754871
0.021964554
0.225679
0.28717166
0.37501878
0.26670235
0.23630533
0.076436728
-0.059847306
-0.12473067
-0.047792166
0.63398987
-0.056199197
-0.10264333
-0.42787096
1.6324106
1.4391701
1.4486239
0.89565033
0.76012617
1.3017175
-0.17269638
-0.13664663
-0.28502452
-0.32782534
-0.24022563
-0.60808307
-0.74444634
-0.64297628
-0.84012473
-0.60051072
-0.41902921
-0.152775
-0.073790655
-0.91835696
-0.16750836
0.66097516
-0.60022926
-0.23697014
-1.5432425
-1.447655
-1.7884606
-1.0110563
-0.71753401
-0.79462099
0.25727662
0.3683238
0.40717369
1.2539296
0.78835678
0.48148057
1.122468
0.64429039
0.30526304
1.0094458
0.62998188
0.50625575
0.74750376
0.11689629
-0.23437244
0.60140169
-0.15321299
-0.12008823
-0.32861516
-0.19549367
0.49619189
0.59777868
0.42822534
0.45564163
0.76192522
0.73462284
0.5743838
1.6871871
1.3554714
1.3663044
-0.30004859
-0.59736919
0.60897124
-0.12638238
-0.12104125
0.31375533
0.042968813
0.36617041
-0.12190039
0.43577588
0.42716292
0.39363503
0.93469906
0.71444106
1.4755043
1.3341525
0.95202684
1.9166342
0.72483432
1.6255748
1.7968467
0.80373031
1.1105137
1.7078887
0.5243721
0.073942289
0.2597464
2.6980703
3.001848
2.2577481
0.46033686
0.91265458
0.36253121
-1.6406394
-1.5978646
-0.99080628
0.54090613
-0.21347713
-0.29748705
-0.6081686
-0.45770782
0.25955024
-0.41968963
0.42032528
0.67728442
-0.080346338
0.042414028
-0.22526041
0.080585733
0.12849455
0.20691556
0.85857344
-0.0075135729
-0.29523185
2.4103401
1.6450937
1.6598401
1.6054137
1.1042581
1.0637881
1.1090524
0.72464716
0.31617719
2.8923843
2.3545871
2.4014957
2.1286922
1.481892
2.247761
2.1889195
1.8458121
1.9873563
0.59392077
-0.39372286
-0.98078769
0.32679737
0.15163499
-0.93904126
0.25406268
1.0589156
0.72019315
0.083267026
0.77092004
0.18236454
-0.34606567
0.067743331
0.32623661
0.12557833
1.3273344
1.0297911
-0.54007101
-0.67661393
-0.51799464
0.55672431
0.63134456
0.61866844
0.39461806
0.43630743
0.87884974
-0.23917767
-0.89240128
-1.4749807
-0.22520286
-0.75494164
-1.1143597
-0.18654798
-0.26215509
-0.70551264
0.67643666
-0.3120988
-0.18386042
0.28886393
-0.53436261
-1.0318382
-0.6288417
-0.59779769
-0.99611652
-0.20394127
-0.18453856
0.27760577
-0.33600843
-0.1633684
0.64346224
-0.60852849
-0.51270354
-0.042546567
0.23215154
0.0526268
0.94913864
-1.2848535
-0.90472627
-0.59325653
-1.2290949
-1.6906807
-1.8184613
-0.44922069
-0.30234253
-0.90701234
-0.51707709
-0.97763342
-0.55533051
0.13159245
0.34020552
0.53295887
1.0019827
0.52566534
0.5426169
0.0060406136
0.32023764
0.12961474
0.0065373885
0.11179214
-0.099529758
-0.64052534
-0.89919609
-1.4282253
-0.17776954
-0.54819047
-0.49058795
1.5148253
1.1176744
1.7690136
-0.071506605
-0.55698556
-0.94605827
0.28454313
-0.50343865
-0.91643882
1.3103651
0.51993394
0.20765799
0.2358191
0.49300775
-0.16514499
-0.21944898
0.57837671
-0.26580459
-0.87949848
-0.56330627
-0.934201
-0.59783649
-0.96751499
-1.0893226
-0.43657801
-1.1831217
-0.87499678
0.016923524
-0.21137027
0.50778091
-0.665806
-0.98622286
-0.83057606
0.14087151
-0.35186428
-0.056266017
-0.53943765
-0.86518741
-0.45251504
1.499841
1.252172
0.75115973
0.006195955
-0.086411096
-0.84382528
-0.32260394
-0.57222742
-0.7456156
-0.74628997
-0.72023833
-0.880404
-0.54219311
-0.90919167
-0.75641108
-0.83382249
-1.1802233
-1.1628075
-0.38422304
-0.19917008
-0.96171737
0.66747808
0.66754985
-0.11444344
1.6683372
1.7307146
1.7469554
-0.41413149
-0.55082196
-0.89054805
-0.9333117
-0.52014029
-1.4338877
0.055502001
-0.0082257977
0.059597459
0.052501105
0.47526312
0.11215325
0.25446519
0.50328505
0.058849029
1.0636734
0.84350783
0.35665503
-1.1572269
-0.2414048
-0.3693172
-0.99127769
-0.40151814
-0.79596502
-0.26295477
-0.17527117
-0.83278686
-0.19238327
-0.71750957
0.38072854
-1.8969206
-1.4859984
0.085564062
-1.1899203
-0.43977848
0.12436881
-0.011575335
-0.37392545
-0.023790853
-0.14577256
0.1488058
0.095214926
-0.069539174
0.033602957
-0.098922998
1.3060308
1.0161287
0.85980403
0.0073394557
-0.15224138
0.07976459
-1.1011412
-0.90228462
-0.53795701
-1.9623463
-1.876374
-2.025136
-1.7906299
-1.1815146
-1.1311466
-0.7196207
0.35829315
0.94048321
-0.73222697
-0.87768972
-1.0245137
0.39166829
0.61785817
-0.28414613
3.1513186
2.8178504
2.0250471
1.6590929
1.1705106
1.9885714
0.79918343
0.50415379
1.2272455
-0.29153037
-0.050053407
0.42583439
0.92152941
1.7824229
1.3559302
0.18961692
0.70806062
0.19515744
-0.20925297
-0.37174553
0.05059287
1.0154512
0.69283783
0.04952877
0.87851942
0.54685456
-0.11724632
0.60338277
0.25302958
-0.14492224
1.1016208
1.0579509
0.65411967
0.62013894
0.85747927
0.37730601
0.39240834
1.0376133
0.88818038
0.20530421
0.034959439
-0.23750807
0.87706113
0.97575331
0.82611507
0.63909608
0.59132516
0.43131542
0.092243075
0.39709976
0.56784946
0.42796737
0.84267342
0.66768354
0.29839185
0.8191945
0.42231217
0.44068614
1.5759243
0.26794791
0.64440787
1.1623647
0.48383117
0.86587387
1.1130005
0.56609815
-0.26744318
-0.53158605
0.38570854
0.28293794
-0.16836283
0.20061348
0.084660076
-0.41924846
-0.020005871
0.25795045
-0.10268788
0.70861948
0.66863692
0.14641446
0.55558479
-0.061520968
-0.47981983
0.12801275
-1.3120435
-0.9832806
-1.5817077
-1.4474366
-0.37441459
-1.3376951
-1.1321138
-0.30988196
-1.1038363
0.20163628
-0.088382579
-0.31349489
-0.78584003
-0.87177461
-0.27329293
-0.45971897
-0.72720867
0.18310535
0.17086262
-0.059821084
-0.038690846
0.10439447
-0.21618952
-0.48650238
-0.61228871
-0.6156559
-0.57958019
-0.089272738
-0.4238025
-0.31627652
0.060998462
-0.07008405
-0.10440925
1.1373557
1.0606683
0.42370859
0.24003275
-0.44369835
0.30928031
-0.41227865
-0.35584262
-0.21367753
-0.20026116
0.50231534
0.051787648
-1.4708408
-1.6666883
-1.5622625
-0.87823778
-1.2232596
-0.78167731
-1.4461614
-1.4830967
-1.430137
-0.24593738
-1.0215911
-0.19609687
0.026862416
-1.1127621
-0.38939238
-0.034300204
-0.69441873
-0.33807966
1.1900989
1.3920271
2.2007146
0.42395064
0.68011284
1.0414145
0.39134195
0.79084581
1.0623621
2.1022201
1.7873644
1.9212587
2.1251278
1.6055996
1.8766772
1.7074597
1.1848087
1.2488531
-0.14066593
-0.69186014
-0.31171653
-0.43271774
-0.72399241
-0.50000775
-0.43448442
-0.72358114
-0.37156165
-1.6201293
-1.6651969
-1.8992653
-1.1727368
-0.81036824
-0.87045151
-0.94263488
-0.20945054
-0.58400136
0.16290511
0.62470269
0.48814517
-1.0183988
-0.14663833
-0.18851264
-0.88743448
-0.67650467
-0.021370113
-1.3257548
-0.97365391
-1.2530317
-0.29327223
-0.47849306
-0.10896281
-0.2986235
-0.24822213
-0.18741834
0.11733844
-0.83958852
-0.17247158
0.44944903
-0.33070096
0.19972907
0.33541629
0.17707253
0.34517249
0.61725676
0.7659626
0.32746601
0.13597615
0.23751673
0.40501568
-0.32125464
-0.19973396
0.017615486
-0.47805744
-0.063654512
-0.34611166
-0.75419676
-0.43343356
-0.35020259
-0.064551465
-0.22802041
0.52858025
-1.2266597
-1.351478
-0.61579001
-1.3551379
-1.4417756
-0.80251503
-1.2305481
-1.2938365
-0.33841556
0.00078948587
-0.17744029
0.61895812
-0.23794055
0.053710911
0.58882469
0.12379216
0.41158551
0.379751
1.0420444
1.4203147
0.29347438
1.173836
0.88494164
-0.41791341
0.48269239
-0.35271931
-1.0949694
0.3397674
0.25634626
0.38524491
0.75013
0.66234452
0.99682009
0.24763094
0.40514204
0.50480467
0.75607479
-0.11422568
-0.25281596
0.60553342
0.18598977
0.31771222
-0.18166234
-0.2049443
0.37685958
-0.76918751
-0.93097854
-1.5571207
-1.3338152
-0.98916274
-1.9337177
-1.1157675
-1.2228798
-1.2102088
0.15368058
-0.98200583
0.092442386
-0.093992278
-0.75803727
0.45093226
0.26356944
0.30341452
0.8421647
-0.26824957
0.23600657
-0.20675482
-0.93401909
-0.51690662
-0.92363155
-1.3452928
-0.77920276
-1.3111053
0.47700056
0.32999372
0.027956612
0.43882191
0.52126706
0.18799724
1.1334836
0.72328055
-0.086978436
1.4492222
1.8154444
1.1620449
0.029586945
0.7054655
0.93890333
-1.5628459
-0.98037088
0.27812502
0.17553979
-0.78119254
-0.25479335
0.12942517
-0.43702096
0.14322132
-0.43062162
-0.94110799
-0.23117855
0.83948308
1.125416
0.66520238
0.8615405
0.8819083
0.37840059
0.52390218
0.50270069
1.0851318
1.9258047
1.559755
0.80592078
1.4169025
0.59671652
0.86754966
0.75660837
-0.15057039
0.30564901
-0.28783849
0.38733867
-0.30828881
0.033672139
0.17580515
0.19889897
0.65672892
0.98744172
1.2203466
0.82173771
0.28660098
-1.0516666
0.99790019
0.78148472
-0.60411924
0.62094653
1.5636858
0.45928559
0.064234868
0.044886898
-0.36830887
-0.70511174
-0.43815577
-0.47053766
0.11578686
-0.13464087
0.19556996
-0.55389369
-1.2285794
-0.41276065
-0.50369143
-0.95218289
-0.25311899
0.51485091
-0.043967161
0.70564055
-1.4504383
-1.571443
-1.2704157
0.53947085
0.48497567
0.44628847
1.2425053
1.5406419
0.7792567
0.2476873
0.0036247193
-0.21472178
-0.13202079
-0.32890901
-0.37816837
-0.31590116
-0.17255546
0.0089137387
-0.9416756
-1.3292929
-1.2329495
-0.10704434
-0.11199339
0.066665955
0.34254965
0.39955029
0.64415479
-0.94244111
-0.74911916
0.18619281
-1.1163327
-1.1382474
-0.17103197
-1.9313881
-1.5456178
-1.4374374
0.22630575
-0.013165354
-0.61491102
0.62198126
0.26811934
0.062234938
0.24357146
-0.15573661
0.21328707
3.0429225
3.1432734
2.2278073
2.1793778
2.3179862
1.7397972
2.1834261
2.3261473
1.4138272
-0.881576
-0.40727288
-0.91966248
-0.66075325
-0.096893989
-0.41656741
0.42351922
0.602247
-0.16300108
-1.1584897
-0.8801747
-0.92695385
-0.88845122
-0.82666647
-1.2728167
-0.012231422
-0.29345864
0.09472768
0.59056002
0.32445264
0.29703796
0.76815939
0.2826139
0.98259169
-0.27109668
-0.39548358
0.09923587
-0.65207702
-1.339766
-0.67812312
-1.0062772
-1.3949105
-1.0021343
0.87351358
0.19663242
0.42175332
-0.81781095
-1.4840674
-2.0205042
0.29123464
-0.1765734
-0.43612245
-0.91705835
-1.7249494
-1.2190233
0.16402583
-0.0056147166
0.16498493
-0.03910033
-0.54849303
-0.14265133
0.042853113
-0.30180401
0.50523603
-0.46140775
-0.56265616
-1.048121
0.12473757
-0.14814663
-0.20480381
-0.23914798
-0.62541199
-0.59381336
-0.81423736
-0.049301479
-0.57640386
-0.45367718
0.015256017
-0.26077613
0.25599098
0.54398209
0.3459641
-0.19264242
-0.032798182
-0.14417416
-0.78077829
-0.75616366
-0.80845207
-0.18691283
-0.23108061
-0.88325948
0.1048947
-0.15325856
-0.017381929
0.52189189
0.73390162
0.61483753
0.32866731
0.13686895
-0.074687324
0.030955106
0.02163082
-0.73492384
-0.59640771
-0.41106167
-0.60143101
-0.6301769
-0.73985976
-0.93467891
0.045909088
0.37397531
0.73372757
-0.47618234
-0.26918808
1.2592973
-1.3969289
-2.4309669
0.31076458
1.4399719
1.5626709
2.0270755
1.0750706
1.0085076
1.0098684
-0.096613273
0.37028489
0.56058943
0.96966887
0.60004306
0.3287096
0.5581519
0.31841135
0.1501873
0.67427266
0.034607813
-0.19589218
-0.61687642
-1.1029992
-0.86365986
-0.88986605
-1.1886938
-1.0850554
-0.10621626
-0.23458219
-0.20899421
-0.47912991
-0.70778304
-1.2991558
-0.70693243
-0.70001924
-1.0668658
0.3886973
0.59369016
-0.16194868
1.1509916
1.2492403
1.4781067
0.51901102
1.061381
1.4760801
0.86486781
1.0837671
1.9260124
0.38367921
0.40917733
0.29422829
0.23129089
0.18903254
0.0045983666
0.1515644
-0.071641557
-0.60545838
-0.12335507
0.78207308
0.026821306
0.18125997
0.72925669
0.21505931
-0.28748071
-0.25418514
-0.36102283
-0.34642252
-0.35504705
-0.57519203
0.5504021
0.78450519
0.78840941
-0.33046371
0.26303282
0.53996271
-0.42206058
-0.15837725
-0.12049802
-0.31849188
0.022174591
-0.69175029
0.082795754
0.54790241
0.11830157
-0.56368762
-0.7371521
-1.2711046
-0.25061589
-0.44635105
-0.054739159
0.17389834
0.34330234
1.0040678
0.53949702
0.47225264
0.066411413
-0.012796069
0.20152895
-0.2229225
-0.57176685
-0.32154799
-0.55681926
0.87021601
0.52165431
-0.0040664095
1.7217951
1.0375618
0.91640025
0.83964443
0.080164015
0.12630962
0.0074350997
-0.14284901
-0.42980644
-0.1637764
0.10445357
-0.45335224
-0.48039722
-0.4759115
-0.87869656
0.080200158
0.20456797
-0.69047689
-0.77363312
-0.25840759
-0.93791878
-1.1597039
-0.2775628
-1.2256978
0.67147005
0.55761337
-0.10518529
0.75121939
0.92924732
0.15584148
1.0052075
1.1867737
0.72967881
0.66766965
0.1739606
0.27185503
1.0669134
0.46934146
0.69680989
0.12933417
-0.13455382
-0.13120666
-0.17870535
0.41110945
0.062369846
0.35605803
0.876495
0.6390146
-0.54335189
0.1766956
-0.17443286
-0.87740135
-0.0085456632
-0.1436433
-0.62041998
0.18362847
-0.068655759
-0.24139288
0.29188606
-0.097965024
0.84257054
0.82148826
0.9862293
0.53326565
0.61620355
0.73611921
-0.83347833
-0.027206512
-0.43867382
0.089799762
-0.39249104
-0.63085407
-0.48262727
-0.53772676
-0.31032637
-0.031613417
-0.25356343
-0.039460566
-0.62605721
-0.68047154
-0.83390492
-0.7906642
-0.33862892
-0.63366473
0.16888262
0.31386331
0.030985283
-0.45939326
-0.017619221
-0.12502328
-0.47096521
-0.46496165
-1.1291399
-0.85552675
-0.52032709
-1.2536024
2.3985808
1.7592076
1.6199175
1.6188687
1.6423234
1.0208817
-0.23265459
-0.11048687
-0.53748631
0.075111695
0.64400452
0.40000007
-0.27005944
-0.042938985
-0.13898855
-0.42614096
-0.27488604
-0.26715523
0.61203915
0.2660771
0.69866526
0.32930887
0.41745287
0.87081468
-0.85597956
-0.4282755
-0.85648268
-1.2131174
-1.124844
-1.2569393
0.47273782
0.51261705
0.52959174
0.86553669
1.270573
1.5882443
-0.78041971
-0.52432883
-1.0193402
-0.5931527
-0.2960901
-0.79417592
-0.71532869
-0.26292077
-0.35268307
0.44849864
0.49132538
0.51205224
-0.48552889
-0.071604706
-0.0046507693
-0.33843473
-0.24430525
-0.28781697
0.11283535
0.10978981
-0.14030214
0.21770576
0.3762826
0.2890206
0.73185962
0.96743089
1.0604411
-0.96629494
-0.82398587
-0.72464895
-0.9589963
-1.1738918
-0.83589786
-0.47737139
-0.54126489
-0.44534585
-0.14699514
-0.079305269
0.16833633
0.81622177
0.46878389
0.76009995
0.84171188
0.37299892
0.56520885
-1.3161219
-0.7137711
-0.8794744
-1.0346006
-0.24970894
-0.23569125
-0.3523446
-0.11486179
-0.21414682
0.27530706
0.3036651
-0.0032260318
0.4925434
0.14470392
0.18204628
1.2389326
1.0790759
1.1157097
0.95572233
0.41072008
0.48898697
-0.27913678
-0.12297849
-0.68993187
-0.68078607
0.31004637
-0.65622312
-0.6861847
-0.91219002
-0.85232103
0.034157868
-0.12106335
-0.22404775
0.61263824
0.75415444
0.73611194
-0.67818439
-0.2780056
-0.26554564
0.42111549
0.50896668
0.51968241
-0.4646973
-0.49502486
-0.66532362
1.2577513
1.0450776
0.4606106
0.75055766
0.71027845
0.36321816
1.1359074
1.0544831
0.94121164
0.36130518
0.031209409
0.197239
0.75488865
0.56964755
0.77984583
-0.39454356
-0.65477329
-0.94540304
-0.89496702
-0.78662938
-0.67439789
-0.97893763
-0.59598911
0.031759784
-0.014054823
0.24628262
0.46542186
0.37704188
-0.021286687
0.70615238
0.31742108
0.20734197
0.64341831
-0.52166361
-0.66766578
-0.36936295
-0.33863482
0.082003735
0.0041610049
-0.46931949
-0.1659393
-0.53048378
-0.55460215
-0.085419282
-0.41668653
1.2759721
1.4089521
1.256614
0.93852097
0.82718122
0.92003775
0.50007218
0.30669039
0.39463392
0.022703484
0.27386516
-0.23408437
-0.092364959
0.047574431
-0.029031768
0.019105844
0.15620215
-0.2050032
-0.53036672
-0.28811035
-0.20802613
-1.4630789
-1.4248527
-0.89386606
-1.2604318
-1.3724248
-1.0831028
0.17652859
0.24910063
-0.41616997
0.08846014
-0.12033906
-0.28885201
-0.44866371
-0.39317948
-0.97855645
-1.9305549
-1.0170068
-1.1182002
-1.8747481
-0.81006742
-1.2858089
-1.0391045
-0.31153297
-1.0834019
-1.1420262
-1.0117456
-1.3774689
-0.93961197
-0.56200522
-0.83877766
-0.050709292
-0.12219039
-0.28837514
0.40152493
0.35893053
-0.05070515
2.8038156
3.1299098
2.8033633
2.9667869
2.8309071
2.6926663
0.99879438
0.84999037
0.52855152
0.097204313
0.38378361
-0.30749565
-0.53564656
-0.37628874
-0.72587776
0.41263103
-0.49095079
-0.85533917
-0.40951207
-0.72355258
-0.98459524
-0.45181054
-0.35681605
-0.3805669
-0.21433696
-0.43718514
-0.52678883
-0.67956728
-0.97197199
-0.88488656
-0.25543308
-0.42002961
-0.67180282
-1.2749338
-0.488888
-1.0721383
-0.59302765
-0.085611701
-0.27044183
-0.31213275
0.47115374
0.12520736
-0.21307713
0.20662148
-0.34466735
-0.3925488
-0.33349016
-0.83144045
-0.22195187
-0.25610709
-0.52032083
0.49721184
0.46529889
0.54860091
0.25329912
0.92761797
1.0671302
0.15783603
0.42915195
0.27913725
0.031949129
-0.75982875
0.0093648881
0.14941812
-0.29398221
-0.059770688
1.0684055
0.97379684
0.84881955
-0.038411424
-0.43836251
-0.1255088
-0.1560667
-0.49241126
-0.49197337
-0.66934317
-0.62107933
-0.85613877
-0.94589776
-0.46397781
-0.49545252
-0.43077019
-0.18987979
-0.37233981
-0.50010943
-0.45583913
-0.57892305
1.6745361
1.3859562
1.4584678
1.4282687
1.0658818
1.1746002
2.1131773
1.9254686
1.9860456
-0.34602123
0.040644571
-0.38667741
-0.83404952
-0.36481664
-0.22124596
-0.77437872
-0.27340195
0.0071301428
-0.030898772
0.25459912
0.50881553
0.52970088
0.62407166
0.99320608
0.59521967
0.90677762
0.77443451
-0.9472487
-0.95174783
-0.76309192
0.25732493
0.28077993
-0.12757908
0.082069673
0.41730168
0.46071765
-0.17825875
-0.4191308
-0.42360201
-0.79350734
-1.3276783
-1.1090214
-1.4810228
-1.6418999
-1.7049781
1.0020422
1.228268
1.038047
0.31579587
0.37966356
0.55759841
0.25361899
-0.27059224
-0.07661327
0.22503695
-0.50580394
-0.67830455
0.21927577
-0.15490881
-0.26903296
0.43071005
0.24887434
0.58890754
-0.33929363
0.066182822
-0.699018
-0.96790802
-0.69098425
-1.3354251
-1.4030386
-1.1859223
-1.3627955
0.11744168
0.071219645
-0.041479792
0.70118803
0.48615897
0.15939209
0.24788803
0.049045578
0.014753105
0.70206642
0.8002947
0.72776324
1.2200953
1.3024675
1.2584583
0.69604832
0.83983302
0.54773259
-0.082002401
-0.42822081
0.522089
-0.36624339
-0.42156979
-0.33898777
-1.4304347
-0.45648566
-0.59767038
0.48277548
0.52690721
0.19787444
0.32837996
0.38539207
0.4529939
0.57611251
0.56484425
0.58501315
0.52803415
1.1398499
0.75797242
0.80163008
0.93764347
1.1489325
0.060108729
0.28823671
0.31528604
0.032806188
0.33248553
0.39075589
1.1372637
1.3088566
0.5285784
1.6002667
1.7032261
0.49375907
-0.51092595
-0.55664992
-0.74395388
-0.69156444
-0.98837757
-0.91909301
-1.0760019
-1.3477924
-1.19138
-0.69401997
0.21475998
0.86956918
1.0125669
1.1449318
1.2999653
0.97338778
1.324659
1.0894176
-0.044674005
0.0029714128
-0.08738526
0.17650627
0.22065449
0.31646091
0.97789538
0.89858657
0.6616534
-0.56162447
-0.99550998
-1.3289105
-0.094677299
-0.46738493
-0.67019439
-0.2414449
-0.34166545
-0.5651921
0.063458264
-0.76739997
-1.0920016
-0.91046047
-0.97820413
-1.0064049
-0.95375162
-0.71002167
-0.4464643
0.10932468
-0.39977598
0.30219316
-0.26588804
-0.56870294
0.22123522
-0.61055845
-0.6019063
0.026244804
-0.43016827
-0.2153791
-0.95850599
-1.5906041
-1.0283098
-1.6835492
-1.5334784
-0.92317373
-1.5951529
1.5242335
1.3017813
1.2367643
0.6684348
0.57175475
0.6177296
0.24278422
0.05532708
0.16633733
0.21923779
-0.0034498137
-0.14679927
-0.80929309
-0.91031414
-0.86275989
-0.67659259
-0.65009588
-0.55190486
1.7953402
1.2818093
1.2072393
1.8341366
1.1225508
1.3212652
2.7182517
2.4144523
2.0296779
-0.27450684
-1.1486495
-1.7387599
-1.166697
-1.4477915
-1.5792565
0.49642074
-0.44899172
0.75396645
-0.27652699
0.31618732
-0.24380952
-0.56567109
-0.44473505
-0.93357068
-0.49285716
-0.016320959
-0.80052704
0.11232371
0.17180723
0.095671758
-0.1545513
-0.77520114
-0.56525683
-0.28720832
-0.72760665
-0.58379185
-0.65559334
0.11741932
-0.1675352
-0.57306975
0.51601267
0.44665071
-0.19833939
0.72329199
0.053526614
-0.76623791
-0.35349759
-0.33603331
-0.16966218
0.15837736
0.2019327
0.78852957
0.93643236
0.43634969
0.33449954
-0.15691392
0.67168659
-1.0200771
-1.1251312
-0.17543961
-0.98094583
-0.71366799
0.18242203
-0.6214121
0.026963012
0.097127922
-0.25258267
-0.021915691
-0.18052182
-1.2432302
-0.922405
-1.1980904
-0.16378145
-0.16621433
0.40684581
-0.50944126
0.077316493
0.085827261
-0.2346701
0.47069713
0.22219601
-0.65318811
-0.25743642
-0.69957674
-0.49973667
-0.79268205
-0.42804262
-1.0901898
-1.2147348
-1.063939
1.3091451
0.44736505
1.1045026
0.84791899
-0.17868686
0.43910238
1.8572788
1.0389026
1.900223
0.10934874
0.009869826
-0.074294195
0.59627151
0.50685567
0.014263117
0.51937681
0.45154229
0.11172246
-0.61925215
0.35862371
-0.022065407
-0.2535544
-0.068765171
0.58825696
0.26272753
-0.19130744
0.60538751
-1.1706617
-1.1215622
-1.1165361
-0.456027
-0.72600818
0.10757983
0.55988008
-0.02260191
0.8126266
-0.24936704
0.5369426
0.018741991
-0.43798038
0.16040009
0.069570765
-0.23826425
-0.11375698
-0.068294056
0.34239119
-1.3826381
-0.57082868
-0.31908321
-1.1128125
-0.32936108
0.20951602
-0.25574473
0.61680079
0.32856926
0.2338921
-0.11863311
0.50630736
0.69736826
0.50445348
1.3112007
1.0281218
0.94356215
-1.0213301
-0.8800928
-1.249402
-0.5666852
-0.84754473
-1.0097787
-0.078299284
0.22537176
0.590765
0.73387879
0.21690197
0.69526267
0.65025872
0.032363117
0.22716427
0.056277256
-0.372105
-0.33283043
-0.099318333
-1.0335389
-0.032840684
-0.12313493
-0.56592578
-0.15266672
-0.69159865
-1.3879158
-0.53924441
-0.24832949
-0.051142674
0.28734222
-0.39699301
-0.22590797
-0.048852406
-0.62293577
-0.94828451
-0.56088221
0.61945331
0.41596779
-0.23313203
0.55656099
0.45012754
-0.40705025
0.084288493
0.26221314
-0.2478326
-0.59010702
-0.33503303
-0.26113027
-0.51688981
-0.31288865
-0.3866978
-0.22830491
-0.039735138
-0.11790105
0.556463
0.39833382
0.4786393
0.50307006
0.18583189
0.20516221
0.17942776
0.055921409
-0.02570886
0.55682153
0.331523
0.14999677
0.44056606
0.31107193
0.016318319
0.007265348
-0.052223962
-0.35347942
0.059666932
0.1629416
-0.18055332
0.44650227
0.49253881
0.1773393
0.93787754
1.0303484
0.9290815
-0.32125458
-0.24274781
-0.29673776
-0.43186283
-0.25228992
-0.36849415
-0.57221484
-0.29350817
-0.52896726
-0.96712959
0.67822522
0.48158661
-0.68208861
-0.069996126
0.099975266
-0.8145982
-0.72631931
-0.5502044
2.1946456
2.0199645
2.0902336
1.5422488
1.17032
1.5694743
1.8444717
1.6544973
1.8809083
-1.4032731
-1.1895045
-1.4310387
-1.5125442
-1.3140359
-1.7683648
-1.0012915
-0.97344673
-1.1473022
0.016561903
0.17045291
0.18869308
0.091016613
0.35220993
0.28732958
0.094304137
0.12174348
-0.030090116
-0.47458211
-0.043865014
-0.16511814
0.052443244
0.71776813
0.72046959
0.28298768
0.84356815
0.7805618
-0.62313759
-0.55963856
-0.89925909
-0.58119577
-0.64073056
-0.62932914
-0.37159443
-0.48606458
-0.66689062
0.16972347
-0.22780123
-0.20814894
-0.24235538
-0.39718863
-0.52981567
0.31010187
0.35979143
-0.12900124
-0.70881718
-0.70940357
-0.51215285
-0.05187232
0.010081028
-0.05843218
-0.15567127
0.077093311
-0.27341595
-0.75835514
-0.78316957
-0.7536267
-0.63113296
-0.87573016
-0.88230467
-0.44623727
-0.96010786
-0.97395808
-0.8945688
-0.70546025
-0.55363035
-0.98349506
-1.0371087
-0.8796308
-1.2673166
-1.1629974
-1.008792
0.52676755
0.38947207
0.39052758
0.69065404
0.38486242
0.34407407
0.73154849
0.54938036
0.54137123
-1.2814159
-0.96114475
-1.0618501
-1.041609
-0.73637086
-0.78213596
0.03594834
0.33102113
0.26181737
0.77518576
0.62090212
0.57193828
-0.018220345
-0.11763457
-0.11699618
-0.35409993
-0.18463489
-0.293071
-0.47322598
-0.34620774
-0.13017595
-0.13085015
-0.13954416
-0.11309228
0.23336551
-0.048743676
-0.037737168
0.52801561
0.11789015
0.36049423
0.69376528
0.36169177
0.52152449
1.3072172
0.85359597
1.1330549
0.22761647
0.36149004
0.60768205
0.21994966
0.19627708
0.27670193
0.28526196
0.46740562
0.44552979
0.038875841
-0.19771469
-0.26608172
0.2831032
0.11349155
0.012758161
0.53682989
0.19153491
0.37879896
-0.14721991
-0.36312148
-0.65886825
-0.37638927
-0.34235349
-0.65591681
-0.7149843
-0.60934538
-0.70889473
0.10564559
-0.12469401
-0.1438925
0.6375885
0.31848508
0.46559557
1.0647666
0.8217057
0.62785953
0.42573941
0.19128895
0.85664946
0.58722907
0.14948303
0.67859584
1.1212264
0.78770781
1.1178614
0.65651596
0.99281162
0.80830824
0.11587601
0.43408787
0.20602587
0.9862169
1.4694641
0.42630047
0.15268837
0.23299159
0.35780725
-0.23643178
-0.13702278
0.0027285919
-0.27339801
-0.17258647
-0.28760862
0.36200592
0.61201411
0.10011418
0.48864251
0.54159558
0.30595961
0.050691083
0.061065841
0.06679146
-0.023105575
0.097650774
0.29399192
-0.3268531
-0.19904184
-0.16517404
-0.6483534
-0.60042048
-0.71282506
-0.34551001
-0.43313828
0.038859311
-0.88824505
-1.081001
-0.78541094
-0.50294739
-0.79419291
-0.2874662
0.31575677
0.37908742
0.35812426
0.25522599
0.22192092
0.36062774
0.33813491
0.47609049
0.50870121
-0.11936554
-0.13863726
-0.19494082
0.048807226
0.12701197
0.067983262
0.41359782
0.33098888
-0.053854723
-1.3079025
-1.4182522
-0.41198868
-1.1747127
-1.5410233
-0.65912855
-0.20634688
-0.4453001
0.39752305
-0.60229307
0.41348255
0.69615394
-2.1200058
-0.02540783
-0.50274736
-2.3604536
-1.0103694
-0.43465847
0.44237676
-0.089761652
-0.29212436
1.5994192
0.43695688
-0.19106486
2.4481149
0.85640949
-0.84565669
-1.2577512
-1.461152
-1.1817577
-1.4088436
-1.7674819
-1.3658897
-1.1240083
-2.1380637
-1.4787011
-0.7828095
-0.095265545
-0.57697123
0.067322314
0.46349868
-0.26130694
-0.072641119
0.26685703
-0.38854298
0.23430076
-0.25548914
-0.75347185
-0.42699176
-0.26150849
-0.70898134
-0.14319481
-0.068778023
-0.75064558
-1.1462903
-2.4857266
-1.6756725
-0.90854681
-2.7518258
-1.1108124
0.32442108
-1.2676035
-0.18914038
-1.0946147
-0.68528217
-0.77116454
-1.1754726
-1.1790909
-1.1083736
-0.585428
-1.6589481
-1.3276809
0.64156121
1.1999888
-0.43111002
0.13229719
1.0345659
0.097555466
1.0815426
1.1965078
0.45712456
0.75757337
-0.041975342
0.0097866468
0.89545768
0.61620849
0.10087394
1.1468257
0.68891573
0.68002903
-0.88470328
0.052376505
-0.88754719
-0.13010865
1.494004
0.5390361
1.4237152
2.266614
2.1922455
-0.49197119
-1.3348674
-0.81905687
-1.2875949
-1.1231533
-0.38993722
-1.7343327
-1.5188067
-0.68743247
0.29746109
-1.3532648
-0.27763939
0.75480789
1.9986112
2.0390778
1.4553763
3.5590055
3.5891588
-1.42013
-1.2665837
-1.8524933
-0.57927775
-0.14844744
-0.92632377
0.43514466
0.90673935
0.71471262
-0.5042249
-1.0787045
-1.5152746
-0.16720082
-1.2628206
-0.37571415
0.54915553
-1.702763
-1.085379
1.0234692
1.4653789
1.5027199
0.025972897
1.0208433
1.4537706
0.68366039
0.97000897
1.3445324
-0.037179388
-0.59519982
-0.6006279
-0.63016707
-0.74745852
-0.75538296
0.14443886
0.11289657
-0.38613474
-0.86215782
-0.02099297
-0.23980439
-0.89983237
0.014341597
0.055770237
-1.2399775
-1.4294397
-1.5140071
0.94341826
1.1072739
1.1573414
0.49983522
-0.060337886
-0.69035691
0.58518791
-0.06714645
-0.50990307
0.14110717
-0.57372832
0.10642302
-0.83652645
-1.4797333
-0.70731366
-1.0880461
-0.74103451
-0.82398194
0.29590455
0.14003772
1.0860707
1.0267324
-0.25844094
0.32156053
1.0630716
-0.17665893
0.74666947
1.4452291
2.0180078
1.9495072
1.065963
0.97563457
1.7028116
-0.047219668
0.37675762
1.5495182
-0.0033546691
0.44051784
0.48523566
-0.66778719
-1.1857898
-0.36433232
-1.1205354
-1.8200667
-0.7224564
0.87129891
0.4205339
0.081337467
1.1125879
1.4411597
0.86204118
0.88997525
1.1250218
1.0269967
1.49375
1.600105
0.84833848
0.38951531
0.93303192
0.23884313
0.70540714
0.44730642
0.63810027
2.0662322
0.12679601
0.18394835
1.5950937
1.1475086
0.15318686
0.091837347
1.0414033
1.2096765
0.07957793
-1.5447491
-0.72723168
-1.2455674
-2.3906906
-1.4284347
-0.56803268
-1.8065041
-0.47712567
0.2620869
0.80893916
1.2866744
-1.3355453
-1.1961975
0.94567251
-2.3269258
-1.4160156
0.64757389
3.3446374
2.550914
3.9456997
3.1773283
2.3794045
2.9091017
1.6325923
1.737523
1.494289
0.57918251
-0.024248224
0.7113061
0.14076185
0.21358208
0.02580685
-0.3743138
-0.30713725
-1.17803
-0.60410058
0.17987743
0.48789918
0.3096922
0.47289756
0.77076346
0.10504109
-0.10205711
0.2854186
2.3213885
1.1633255
-0.62966949
0.81011432
0.80943954
-0.49033055
0.2201156
-0.20605698
-0.75171459
-0.58773392
-0.13369198
-0.23755702
0.08971668
0.52102065
-0.070568696
-0.059884787
0.47340035
-0.079440393
0.031289488
-0.077509455
-0.3795673
-0.54180807
-0.61546946
-0.74996358
0.47531894
0.19589181
-0.24486671
0.45221627
-0.081641018
0.78260052
0.35432464
0.15372488
0.15308091
0.51542795
0.11197004
-0.89997679
-0.62708563
-0.65250099
-0.74898314
-0.35457107
-0.048738219
-0.28467244
0.0024383955
0.30366787
0.47907889
1.4452177
0.61070043
0.98340189
0.48296005
0.3372924
0.30774501
0.18892361
0.33585772
0.00022628096
-1.1430445
-0.59092814
0.4046185
-0.81558269
-0.97155249
0.07231845
-1.0565274
-1.269551
-0.15654728
0.6402657
0.04654561
-0.17195451
0.4755542
-0.050050396
-0.067947514
0.2355523
-0.41926441
-0.23913001
-0.11999346
0.53724676
-0.27135348
0.1832967
0.70370305
0.45188561
-0.062286276
0.13624349
-0.039188202
2.0272624
1.6548752
1.2106601
0.7460829
0.73140574
0.0028663394
-0.063465305
0.01413477
-0.22530027
-1.2822347
-1.0901911
-1.0227333
-1.1123135
-0.6620838
-0.44705081
-0.36797488
0.11225207
0.12120011
1.0018826
0.93173414
0.22634402
0.22830537
0.42325574
0.00043470712
-0.43327293
0.0033208255
-0.34136444
0.028605323
-0.56834662
0.14486964
1.2186632
0.55368966
1.1170987
1.5128841
1.2107422
1.8207818
0.85214478
0.44752273
0.83338022
0.48651031
0.096238017
-0.024271619
-0.58774686
-0.0919066
-0.56150389
-0.91374463
-2.1281016
-1.160428
-1.0904891
-1.65869
-1.1768217
-1.8191756
-1.741874
-1.1699994
0.14987709
-0.25539678
-0.29528832
0.083838664
-0.22483686
-0.41743875
-0.41970074
-0.98565024
-1.0501884
-1.0370613
-0.23881567
0.2906636
-0.72272903
-0.34314594
0.14134991
-0.61686319
0.031366684
0.14962347
-0.13247381
-0.20507038
-1.1320715
-0.26123816
-0.31874642
-1.1308758
-0.41066515
-0.52343905
-1.0390067
-0.69455373
-0.62660313
-0.18328027
0.50057733
0.38385573
0.52979314
-0.2459188
-0.5822292
-0.3011443
1.3416375
2.2050202
2.4021099
-0.039898876
1.3004296
0.90375102
0.33106712
1.3374369
0.95483989
-0.16081734
0.26810446
-0.19228779
-0.55967563
0.12808476
-0.3894501
-0.85826743
0.29515058
-0.65382802
0.29220089
0.21890344
0.20950031
0.34149519
0.074695148
0.5563978
-0.30687737
-0.29965195
0.10239103
-0.42460534
-0.58490282
-0.48659471
-0.35363641
-0.28822184
-0.44643006
-0.4483133
-0.90132993
-0.87803733
-0.28418797
-0.0017164272
-0.42022657
-1.2026912
-0.25706831
-0.5899716
-1.4241676
-0.79128629
-0.50534147
0.24112861
-0.1341545
0.2972022
0.50577539
0.67384505
0.69840592
0.25649112
0.77199072
0.59871042
-1.2981781
-0.6659171
-0.65220875
-0.26921201
-0.1428493
-0.30976677
-0.4344686
-0.36351797
-0.67560661
0.59867406
0.27218735
0.12176962
0.73119116
0.94946098
0.39059031
-0.0085972063
0.49822134
-0.76698053
-0.92564923
-1.0284694
-1.2110223
-0.41359231
-0.51490122
-0.64430082
-1.3077676
-1.3978298
-1.2973936
-0.25717419
-0.44798598
-0.27175122
0.49771401
0.53574693
0.30231467
0.30149066
0.37672475
0.40689465
0.72825384
0.77701879
0.79421318
0.11547771
0.75907457
0.31761628
0.35220969
0.89598948
0.32987604
1.1892334
1.3111926
1.3117619
1.5851243
1.9031932
1.5293163
0.99456745
1.8415058
1.5497879
-0.065011717
0.087972097
-0.3855145
0.17686483
0.26315302
-0.14093897
-0.31185281
-0.43256471
-0.59409243
-1.133298
-1.2405331
-0.68587917
-0.9800244
-0.8636921
-0.89564538
-1.2534541
-1.0371938
-0.99285948
-0.50483662
-0.18573935
-0.13103968
-1.0990002
-1.2510681
-1.0571722
-0.92168885
-0.94451517
-0.608248
-0.46835095
-0.62486738
-0.31095356
-0.44388518
-0.47662196
-0.21902622
-0.04550042
0.19736949
0.43075469
-0.76951677
-0.83755368
-1.1488221
-0.56620497
-0.75597787
-1.2355635
-0.64705634
-0.99950624
-1.3789225
0.44476447
0.42259875
0.43429106
0.46331066
0.32365611
0.21095797
0.61775345
0.24436176
0.11113574
0.62128484
0.49881589
0.74700862
0.528566
0.24230057
0.93305635
0.37975684
0.30817401
0.83645773
0.86237848
0.8960796
0.08910834
-0.0059397751
-0.19372472
-0.4824973
-0.21666521
0.19151211
-0.086180359
-0.057048641
-0.0027570068
-0.12632799
-0.24513584
0.098354742
0.22661571
-0.63863647
0.040111434
-0.23889434
1.1944287
1.1816282
1.4085766
0.77051777
0.79737681
1.2137411
-0.38153988
0.09079928
0.068592295
-1.2356278
-1.1155175
-1.532142
-0.89887094
-0.86436182
-0.84963626
-1.0551891
-0.9632476
-0.84201676
0.73657769
0.59077799
0.57249767
1.0943242
0.77382958
0.70477879
1.5660881
1.0451272
1.0961467
-0.15282233
-0.24107625
0.18180396
-0.39419711
-0.23372282
0.49939469
-1.0983934
-0.59833997
-0.64304608
0.18239558
0.37578195
-0.59072798
-0.62848639
-0.40760049
-0.67910153
-0.57122892
-0.70376384
-0.72383505
0.52198219
0.43665698
0.17412971
0.38736394
0.39528114
0.24959245
0.079389259
0.14375778
0.059031792
-0.93121308
-0.92557871
-0.88603461
-1.1311121
-0.88995802
-0.76410019
-0.86552876
-0.53640294
-0.71194345
0.3278276
0.16311365
0.030048091
0.27633184
0.40090349
0.13547489
0.78869224
0.89033562
1.0847733
0.20929845
-0.15471883
-0.2258949
-0.041836023
-0.30951694
-0.49488926
0.16430795
-0.26646328
-0.51708412
-1.1260023
-0.68817145
-0.36209336
-0.10150985
0.16284144
0.27656174
0.80237746
0.86196744
0.69996417
0.0077580214
-0.49637353
-0.38158995
0.26058486
-0.29046589
-0.16567388
-0.42907375
-0.11014278
-0.11783022
-0.90017903
-0.3881194
-1.1199114
0.037003215
0.18301919
-0.26081362
0.089324445
-0.02675868
-0.084799252
0.57180154
0.86089057
0.32417133
0.53980994
0.36327928
0.43629271
0.95357233
0.50948793
0.56193352
-0.18422513
-0.19959708
-0.35926223
-0.21979965
-0.27991155
-0.20639038
-0.13292667
-0.37476161
-0.25326556
0.76444954
0.94802934
0.53174889
1.2165698
1.5292079
1.1362923
1.4232339
1.7143832
1.8048146
0.159243
0.082635835
-0.69225699
1.2535585
1.495963
0.8511228
1.1501175
1.0194724
1.08565
0.63807213
0.95639873
0.34369373
0.57986605
0.6061368
0.64354527
0.40589735
0.51826429
0.58057517
0.58616376
0.68633395
0.32614058
-0.29967287
-0.14908947
-0.37483841
-0.033521969
-0.31498444
-0.80488259
-0.35648736
-0.59824437
-0.28718206
-1.1318709
-0.98557413
-0.36441258
-0.56654584
-0.49175841
-0.15355855
0.22943696
-0.12084109
0.062606566
-0.031414118
0.40979078
0.119073
-0.22224927
0.17821623
-0.12997304
0.41839427
0.69351
0.61762893
0.13608271
0.11226516
0.22235814
-0.81800044
-0.44065428
-0.24782035
-0.18405335
-0.42132586
-0.9633823
-0.4118166
-1.1517215
-0.64445084
-0.101403
-0.12051532
0.67869586
0.68133026
0.81991464
0.67223608
0.64991105
1.0034558
0.71915352
0.92619139
1.1266543
0.75087321
0.53653371
0.013006654
0.11733742
0.59086949
0.42445529
0.47697026
0.16578481
0.31733835
0.10515618
0.68854833
0.89813721
0.45004898
0.70282388
0.79420477
0.99423218
0.24281134
0.043883871
0.29839319
1.4010946
1.6855156
1.0952209
-0.16638808
-0.41686743
-0.27995503
-0.77384675
-0.95286971
-0.24075834
0.55529249
-0.093764052
-0.87559783
-1.2431779
-1.1402129
-1.2810836
-1.8472617
-1.5600265
-1.3018624
0.70003629
0.84651536
-0.040802166
0.52427757
1.2776706
-0.14171025
0.24734701
0.37945604
0.12057182
-0.52536327
-0.79787427
-1.0293257
0.7385568
0.3309828
-0.1720327
2.6742787
1.4504474
1.4093701
0.15936618
0.85269821
-0.19005942
-0.9586212
-1.3522838
-0.61127818
-0.15880488
-0.35546046
0.8310166
-0.70867944
-0.46580765
-0.81117702
-0.26795056
-0.2684606
-0.85834467
0.31920692
0.54684144
0.36519054
-1.4543548
-0.33881342
-0.059544686
0.78221613
1.8105458
1.595178
1.3964027
2.6651952
1.5321095
1.2625818
0.25111169
1.2626708
0.52327263
-0.43532026
0.9225527
0.9869197
0.79597783
0.9515366
-0.21146515
-0.48434365
0.099722691
-0.2785103
-0.84923011
0.70818573
-0.8753801
-0.76873404
-0.34830472
-0.051168002
-0.39461377
0.052374322
-0.49336162
-0.62475771
0.061529797
-0.80562097
-0.3427029
0.16016848
-0.078689933
0.25076783
-0.19357646
0.36684251
-0.30498815
0.98204249
0.68227774
0.53087771
1.6037834
-0.77495414
-0.59741062
-0.31276402
-1.8692582
-1.9266045
-2.3389513
-1.369936
-2.5221758
-1.6947656
-0.22748944
0.41235235
0.1158714
1.1197994
1.1348504
1.1704285
0.95140272
-0.74835742
-0.013260686
0.59187913
0.08052323
0.40381145
-0.22251628
-0.55773383
0.010963372
0.37028357
0.62446433
0.87123495
-1.9409239
-1.935109
-1.573105
0.00072151126
0.37601024
0.92031538
2.365905
2.3563275
2.3570001
0.085467085
-0.5578559
-1.4580395
-0.48711261
-1.3618044
-1.6541545
-0.042272374
-0.3799856
-0.68881083
-1.3023311
-0.82173729
-1.1321098
-0.16587621
0.045408297
0.024769144
0.28617677
-0.37185204
0.0090354383
1.3345535
1.6639899
0.48656783
-0.2223359
0.68585664
-0.79256415
-0.1319319
-1.281785
-1.0478945
-0.015237942
0.22890021
-0.41930169
0.1347722
0.12145326
-0.54814762
-1.4135635
-1.6937925
-1.1144428
0.62469745
-0.010378153
-0.53259426
0.2142266
-0.54636484
-1.2455671
-0.48208517
-1.1102382
-0.95536369
-0.32782727
0.038391426
0.39627638
-0.36219224
-0.30668834
-0.37073836
0.075008206
0.47920793
0.12090041
-0.83367532
-0.77763897
-1.0060184
0.29534256
0.21274966
0.62828088
2.6459613
2.3698688
2.622004
-0.16721816
0.21766229
-0.50095814
0.37618679
0.88190925
-0.97874737
1.2686944
1.2431153
-0.21786484
0.11612368
0.61989039
-0.91142285
1.759813
2.0480599
2.1822269
1.7195743
1.0921179
2.0099452
0.43673
0.72341663
0.49738592
-0.90267742
-0.64394981
-0.68132496
-0.12485459
-0.19273368
-1.7272598
-0.79067409
-0.26977482
0.87005067
-2.6491506
-2.0654922
-0.38626286
-1.0214736
-0.99810278
0.46222293
0.96605456
0.81162161
0.73762083
0.10332604
0.95031327
0.070087701
-1.1835442
1.078596
-0.29679373
0.33718911
-0.22069371
-0.39563027
0.81863862
0.21844307
0.33156043
0.11194517
0.5145033
1.1800576
0.98918325
0.58234048
-0.021510711
-1.2643734
-1.1650124
-1.7438966
-2.2976427
-1.9226035
-2.1137266
0.23009957
-0.39145362
-0.86485684
-0.38614839
-0.45783177
-0.83156699
1.2394806
0.85709977
0.94976747
1.0739222
0.5359019
1.347335
0.54546851
0.27457193
0.24431294
-0.20671736
-0.067132503
-0.84785104
1.2707617
1.8643146
2.1109803
-0.85750753
-0.52658659
0.72228068
-1.3196716
-1.5003804
-1.0072327
1.1713053
2.7109964
2.9103377
-0.20776768
1.1301203
1.4817159
-1.7263982
-1.2491132
-0.61669403
-0.56771368
-0.66159976
0.034071941
-0.83402395
-0.59085023
0.15170375
-0.57365924
-0.62183261
0.18126132
-0.30924192
0.17730217
1.4102123
0.019545346
-0.056263182
0.54337603
-0.640356
0.10749526
0.70375419
2.541543
1.6535289
1.9806664
1.1547928
1.9450153
1.4246227
-1.3065308
-0.47645569
-0.56516808
0.10608176
0.36212403
0.082771823
0.74196869
-0.62371188
-0.65547973
0.041440014
-0.26767084
-0.37507993
0.4016819
0.42907378
-1.2024682
0.10617519
0.79506809
0.1445425
-0.67024648
0.02206881
0.68545288
-0.42000449
-0.19498551
0.059351999
-0.89932543
-0.21704477
-0.34937447
-0.079986826
-0.38616231
0.10264462
-0.78563237
-1.1354498
-0.49869207
-0.75863695
-0.33080885
-0.38029495
-1.5378644
-1.4484013
-1.6472651
2.5639839
3.0768318
-0.49968478
2.5270944
3.0062692
0.85236943
1.7811272
2.6406901
1.5723007
-0.015990518
-0.027784266
-0.50124741
-0.41730437
-0.16342783
-0.14105436
-1.1996866
-0.2704955
-0.39323944
1.5873809
0.8349492
0.710024
-0.0070383949
0.7516408
0.60942608
-1.1758243
-1.0104407
-0.93994457
-1.091132
-0.36333308
0.040554442
-1.4150078
-0.96904677
-1.1036041
-0.75473237
-1.464874
-1.6062642
-0.66284382
-0.95384765
-0.1834431
0.15830876
-0.1887185
0.029572953
-1.0028605
-0.40325242
-0.57011026
0.36158389
0.31394908
0.0091843987
-0.45031667
-0.034644008
-0.42368165
-0.91704929
-1.2279286
-1.0504131
1.3472042
0.73737907
0.39978358
0.65085894
0.36526769
0.2057866
0.24382919
0.62185651
-0.22538966
-0.35577872
-0.50995159
-0.77077818
0.1601859
0.88147563
0.72167355
-0.45873219
0.56772423
0.49971879
-0.13151224
0.069048889
-0.13910441
0.0335613
-0.23414412
-0.12071033
0.71923363
0.60945177
0.84854025
-0.78985232
-1.7347814
-0.59230173
0.2401613
-0.53181118
0.31111822
-0.075450666
-0.040883631
0.37797648
-1.0517752
-1.3582009
-1.575943
-0.078811266
-0.26141101
-0.3200908
-0.44013041
-0.64599454
-0.25951767
0.63796234
0.62665606
0.61079144
0.46462533
1.196807
0.2888867
-0.60896826
-0.51400787
-0.50088507
-0.25301224
0.46728918
-0.052894421
-0.16276424
0.29522449
-0.26057065
0.32280016
0.18011104
0.50530314
-0.75884253
-0.79128522
-0.87120485
-0.97595716
-0.57064545
-0.95447904
-0.65950805
-0.033052862
-0.3786394
-0.19135067
-0.033936087
-0.765136
-0.57237744
-1.1048824
-0.78800189
-0.94410658
-1.1153647
-0.78316921
-0.27490425
-0.46248475
0.60232478
-0.26391593
-0.2449273
0.045279425
0.081582271
0.0062854188
0.32038087
-0.80556005
-0.79630047
-0.4958719
-0.1156942
-0.46817714
0.56809694
-0.758102
-0.9436003
-0.78756392
0.049353946
-0.92291301
0.025253883
-0.33075133
-0.89593774
-0.15613112
0.55202806
-0.0081420485
-0.55879706
0.28790778
-0.23255068
0.34950864
0.5698725
0.81184745
1.0993118
0.54289401
0.38273114
0.612266
0.58829677
1.2533113
0.30259287
0.44142675
1.0050092
0.27594402
0.017306654
0.4869262
-0.080645844
-1.1274146
-1.661931
-1.3025447
-0.64698166
-1.5738287
-1.0352222
0.88981563
0.11722314
0.54586744
0.23723677
-0.41443485
-0.22723043
-0.33183956
-0.15177567
-0.16634688
-0.033144977
-0.095233113
-0.37750506
1.6735952
1.8088112
2.1814005
1.5778799
2.2431331
2.7632856
1.8862576
1.1168758
2.0700576
0.15743257
-0.82791311
-1.3171777
0.78995037
0.57875955
-0.28150749
0.36546606
0.0022821564
-0.67260653
-0.42092383
-0.30688462
-0.39981315
-0.022247219
0.77472568
-0.27343056
0.16514017
0.70134389
-0.33002484
0.65207255
0.613442
1.2347696
-0.089185946
0.14656179
0.10273431
1.8196605
1.6236002
1.7305665
0.88641143
1.760022
1.8308885
0.6465745
0.81527525
0.77215773
-1.4054711
-1.460736
-1.1469129
-0.58019572
0.20739964
0.26089123
-1.5692852
-0.82559586
-1.5493078
-1.9350245
-1.5939186
-1.5256171
-0.79161793
-0.60884655
-0.84402376
-0.25767747
0.098132305
-0.45580691
1.0803947
1.1000483
0.27446574
-2.5741954
-1.0008363
-0.99985069
-2.1209042
-0.67917418
-0.58340079
0.63064659
0.23119426
-0.10195819
2.8221562
1.1672084
2.1933613
0.617028
0.26918918
-0.42461488
-1.7389199
-1.6961631
-1.8335509
0.97495335
0.17906886
1.2935191
0.41959223
-0.12008996
-0.49834698
-0.15182048
0.018883115
0.16162942
0.44589123
0.76461315
1.1094571
-0.62931722
0.024009259
-0.11286271
0.13316689
-0.10084681
-0.83120686
-0.85137337
-0.062186133
-0.34459454
1.4525982
1.3039944
1.0386403
2.6065722
1.3749728
2.3118606
-1.1382842
-0.9347344
-1.4783218
1.0502195
0.64394349
0.51256025
0.75847429
0.80326235
0.82282639
1.0214251
0.76626629
0.59062147
-0.94143045
-0.082721747
-0.55640042
-1.2720556
-1.0725434
-1.0065191
0.39665264
0.80294609
1.4779165
0.40933546
-0.15902756
0.093638711
0.42774796
-0.48013163
-0.54865718
1.1366661
1.1272908
0.66421211
0.41330901
-0.093341216
-0.12250871
-1.1042184
-1.6398265
-1.1049286
0.97282839
0.047949597
0.45348629
-0.4255932
-0.85156822
-1.5334491
-1.9652195
-1.585995
-1.3641559
-0.66222203
-0.5648573
-0.53302705
0.37555301
0.16738486
0.70878124
0.21446395
0.1698069
0.22295606
1.7337341
1.339132
1.1435558
0.99765235
0.56411386
1.0684056
0.82065928
1.0629129
1.8288579
1.2409594
2.1218357
1.3507689
-0.57190156
-0.037101123
-0.55286348
-0.96923763
-0.66276008
-0.9458009
-1.0450348
-0.96473765
-1.20389
1.0249634
0.10658676
0.72362107
1.7158369
1.238809
1.8748776
-1.5147564
-0.90409487
-1.6357397
-1.314104
-0.951092
-1.104207
-1.3551826
-1.1008118
-0.99291593
-0.26980793
-0.065482706
0.1252927
-1.4020493
-1.314971
-0.69241041
-1.5947063
-1.245949
-1.6094555
0.063307419
0.30976588
0.42324987
-0.62254572
-0.64829123
0.039238878
-0.68467695
-0.46602312
-0.74904352
-0.25693122
-0.56123215
-0.68095654
-0.68924361
-0.46327311
-0.70403254
-0.77745914
-0.14850542
-0.59211838
1.2333547
0.33082473
1.0948867
-0.080847293
-0.45937559
-0.16580224
-0.2350283
-0.081136085
-0.52611083
-1.1155307
-1.2765093
-0.79884821
-1.2984227
-0.92365837
-0.35833368
0.68313396
0.053021062
1.4205101
-0.1774527
-0.2126582
-1.4133545
-0.74514204
-1.1475344
-2.413914
-0.73326844
-0.33650872
-0.42774227
0.085817665
0.17432338
0.44416678
2.2866886
2.3897808
2.5817513
1.6355635
0.93260747
1.1617051
1.3819333
1.0155071
1.7997229
2.5974576
0.85431606
2.1945989
3.8130784
2.0448506
2.1281402
2.6574833
1.2077913
2.836514
0.52288067
0.29347533
0.59111279
-0.31013709
-0.27844205
-0.56156957
0.266164
0.27637628
-0.10783485
-0.50939453
-0.30436265
0.31702957
0.41781694
0.37516451
0.88849169
-1.4291984
-1.3290191
-1.8289219
-0.9527266
-0.87243259
-0.80907559
1.098763
1.0628946
1.4968336
-1.5310534
-1.5737299
-1.4864856
2.5045271
2.0646131
2.567951
2.8317018
2.2604213
3.1655359
-0.7412951
-0.47469139
-0.572734
-0.80883265
-0.62826377
-1.142861
-0.88829577
-0.63331217
-1.1325634
1.1430483
1.2351848
1.2800344
1.3997234
1.5893333
1.172561
1.3616265
1.3177432
1.1804159
-0.6520381
-0.17163657
-0.29755792
-0.40246952
-0.13083497
-0.26903278
-0.94779682
-0.62704831
-0.3458325
-0.17471951
-0.17490552
0.14302407
-0.89466631
-0.87749279
-0.53930843
-1.312103
-1.1377558
-1.1226541
-0.27186188
-0.23683386
-0.25029409
-0.32157588
-0.31101045
-0.24374683
0.0036152473
0.084570825
0.070814043
-0.35575312
0.054001849
-0.17176282
-0.24606334
-0.058530591
-0.065810315
0.43650267
0.11138432
-0.14553694
0.2625348
-0.073909357
-0.33138171
0.047235083
-0.00619312
-0.31591699
-0.80688876
-0.94708604
-0.6548456
0.49324587
0.43436992
0.35460523
-0.2344428
0.0064083496
0.30672735
-0.43942085
0.3826611
-0.032777149
-0.17127322
-0.12304856
-0.39731601
-0.42669252
-0.16672271
-0.4480066
-0.86502761
-0.86190784
-0.95838493
1.150708
1.1388885
0.80809814
1.6409216
1.4573549
1.2947075
1.9153391
1.3662895
1.6448683
-0.72081953
-0.28017634
-0.47982714
-0.20874687
0.35611165
-0.18364009
-0.44163275
0.26226541
-0.33707327
0.59018481
0.44675288
-0.019653797
-0.36569047
-0.13863702
-0.35894963
-0.58112359
-0.274712
-0.72853678
0.39662251
0.77072144
0.64334422
-0.015434991
0.22889173
-0.037069213
-0.27435893
-0.20508978
-0.37724578
-0.082445137
-0.27960148
-0.26805952
-0.03775274
-0.052435573
0.1142538
-0.79940528
-0.81521481
-0.78003103
-0.2717168
-0.38162047
-0.63373774
-0.22560711
-0.51447272
-0.93844688
-0.15178964
-0.39789289
-0.6716938
-0.25970745
-0.55726397
-0.71095526
-0.032742161
-0.39831534
-0.32604113
-0.10997111
-0.23988412
-0.15530477
0.48946559
0.43421003
0.78163201
0.64994448
0.71448618
0.79766786
1.3919448
0.96932387
1.0050528
-0.011871979
0.3350333
0.15260437
-0.15540418
0.0036557415
0.086278252
-0.66094947
-0.46045077
-0.033871483
0.18245284
0.13147499
0.095799848
0.48474061
0.22710656
0.20928191
0.92811638
0.63302511
0.71208853
0.076405436
0.73398006
0.41834959
0.25653914
0.55516541
0.25453746
-0.19347516
-0.025085567
-0.2539219
-0.78994733
-0.82123208
-1.1022437
-0.43835068
-0.63281769
-0.84214973
-0.10019327
-0.35377896
-0.4729313
0.058406614
0.20577578
-0.34756061
0.34021127
0.34987351
0.072400436
0.46194354
0.65228617
0.41486302
-0.3258926
-0.0081896139
-0.29419973
0.96461475
1.3187088
1.0655642
0.57564896
0.63012689
0.64194405
0.12954131
0.065106191
-0.21518783
-0.15139839
0.012912598
-0.32414487
-0.69896936
-0.55364084
-1.0250938
-0.1966875
-0.051952068
-0.39833409
0.03431109
-0.46457466
0.039240964
-0.20378722
-0.46735752
-0.32120553
-0.67242205
-0.50542819
-0.81443536
-0.82754165
-0.68022126
-0.65915799
-0.24005406
-0.26439932
-0.47253174
0.81561416
0.44024032
0.51897961
1.1374342
0.89663118
0.39786884
0.748088
0.45022896
0.44721133
0.79338121
0.1826462
0.036297802
1.0847577
0.73276538
0.3041653
1.3178682
0.96169335
0.59984994
0.98933595
0.83274919
1.2903637
0.92606437
1.3373667
1.3180612
0.59977025
1.0705183
0.92792451
0.37580904
0.45320186
0.52235723
-0.055777986
0.18985052
0.17295234
0.27290523
0.67143881
0.23418991
0.22462812
-0.22252676
-0.25243184
0.84138709
0.44858855
0.63555694
1.1440818
0.84810513
1.119557
0.8472659
1.1129488
1.4162337
1.064654
1.0203078
1.9475782
1.2224762
0.85531616
1.5614724
-0.96341944
-0.85577756
0.38556322
-1.3739127
-0.91041994
0.17486833
-0.96081054
-0.65221167
0.36065212
-1.8968498
-1.8708296
-0.1092755
-0.23125824
-0.23734692
0.53103697
1.1983446
0.59762609
1.2175561
2.913084
2.3098538
0.054111455
1.9872037
1.0235568
-0.21574332
2.3209369
1.8543751
-0.44787669
1.0471098
0.20217718
0.45909554
0.85150951
0.27150565
0.32743376
0.39878511
-0.42853391
-0.42492303
0.87838531
1.6494684
0.51597196
0.28717628
-0.029515207
-0.014012276
-0.077334926
-0.38892353
-0.36783454
-0.45616722
-1.2026242
-1.3409703
-0.38017231
-0.52815443
-0.49814847
-0.29136011
-0.37124738
-1.1920538
-0.54961354
-0.93175161
-0.35793298
-0.88264245
-0.79128551
-0.30632126
-1.0768719
-0.83457267
-0.97193706
-1.4998142
-1.6274053
-1.8439567
-0.55856276
-0.52283937
-0.61844486
0.46541187
-0.56844705
-0.52315605
0.70743746
0.84365374
0.43505436
-0.35848886
-0.90629143
-0.87266004
0.79913765
0.73534709
0.31525862
1.3726459
0.27396661
0.28006095
0.38480604
-0.17417818
-0.92114401
-0.046400253
-0.77963763
-0.56413001
-0.68716121
0.14306767
0.011052664
-0.37885877
-0.17527869
0.34332812
0.077159591
-0.13431263
0.53697556
-0.71802014
-1.1832328
-0.30515587
-1.2369866
-1.3291501
-0.31940347
-0.36576587
-0.97847152
0.42414099
-1.225997
-0.21366879
0.087083749
-0.94961566
-1.1538736
-0.28372604
-0.75070995
-0.47824317
0.071312472
0.90898603
2.0267775
-0.26968557
1.0443237
1.9392443
0.96703094
1.2898464
2.2523775
1.7979058
-1.3786932
-1.1461376
0.10061962
-0.70968711
-0.5477702
0.52702749
-1.0149599
-1.0372037
-0.35114777
0.91779661
0.24302328
0.95937669
1.4601438
0.6609208
1.034277
1.7951367
1.4850024
1.8103077
-0.49487746
-0.26958019
-0.45133391
-0.98709106
-1.0876687
-0.66342694
-0.034044333
-1.0519229
-1.1135602
0.85645473
0.41177574
0.033673417
-0.56283969
-0.67314547
-0.58519381
-1.0292002
-0.86030507
-0.83263958
0.095869124
0.52593368
0.66205418
0.53730702
1.3672713
0.93885052
-0.57107073
0.35479239
0.25132227
0.19479938
-0.59599197
-0.30014801
0.68210679
-0.012299331
0.021450493
0.38537127
0.024410808
0.52414477
-1.0878162
-1.4784509
-0.93207592
-0.88125938
-1.4151536
-1.2989504
-1.5529182
-0.7655502
-0.80780625
2.6150308
2.4343193
2.0850391
2.1336241
2.2229652
2.2312391
1.0078558
0.98054153
1.6979018
0.037556589
-0.14722988
0.48576626
-1.1062948
-0.9049927
0.11845224
-0.31963262
-0.23073605
1.7471154
-0.45494622
-0.16734767
-0.19426112
-0.22896171
-0.24624756
-0.44739354
-1.0207387
-1.4736067
-1.7969025
0.058942389
0.38143137
0.21208133
-0.42124891
-0.021360828
0.0027057377
0.35854489
0.45712847
1.0279492
1.0232263
-0.62053138
0.93674767
0.77050817
0.73643368
1.153002
0.44699505
0.97653288
1.6666758
-0.56993687
-0.017154288
-0.12246241
-1.0710268
-0.60794002
-0.24002402
-1.1916484
-0.77739334
-0.85900342
0.52325195
-0.26595607
-0.1153065
-1.1120849
-1.5432528
-1.1675946
-1.3427747
-1.2080045
-0.5706389
1.2771879
1.0055008
1.5401974
1.620016
1.767872
1.0138116
-0.20953143
0.76279616
0.20215972
0.89877909
0.19772276
0.89399034
-0.22491969
0.19956417
-0.015920302
-1.5810221
-1.4836216
-1.9399801
0.941374
0.60199153
0.31355807
0.11736263
0.11748037
0.15419635
0.88524419
1.0255604
1.0666989
0.54421228
-0.4478859
-0.94743532
-0.095873058
-0.73083866
-1.119225
0.23189975
-0.88154137
-1.2500783
-1.0652213
-1.0556479
-0.026855851
-0.18753958
0.16042298
0.66020668
0.67656088
1.2328618
1.1129841
0.30681291
0.31074953
-0.39861625
0.15371506
0.32786432
0.4511807
-0.22458981
-0.059802923
0.44777513
0.3667978
0.70914489
1.0581189
0.25553468
0.23606436
0.79141587
-0.39893007
-0.038992703
0.49774963
-0.55210626
0.59864634
-0.11647483
-0.16788307
0.21201442
-0.3843796
-0.75138682
-0.061038021
-0.6519233
-0.24947815
-0.064259999
-0.83403492
-0.81288636
-0.19947191
-0.84736639
-0.652623
0.31560525
-0.78384423
-2.6492352
-1.0293386
-0.51551312
-1.4819438
-0.38284782
0.071223982
0.26047927
0.058389176
-0.53774929
1.8457494
1.1054888
1.3112737
0.98623645
0.39728051
0.29581073
0.050672468
-0.27039185
-1.0480456
0.68175817
1.7534707
-0.0097018136
0.69751227
1.0082906
-0.64116627
1.2909367
0.83749557
0.54214633
0.73443395
0.31715611
1.1249741
0.44288936
0.261823
0.7244966
1.6073998
1.4931667
1.5595714
1.4678637
-0.0037985921
-0.82902497
0.65585041
0.65324086
-0.084737822
0.23772617
0.31053793
-0.64641851
-0.84589368
-1.0129668
-1.6164403
-0.80442953
-0.56521684
-1.4077952
-1.0440332
-0.59509629
-0.94846058
0.24557272
0.10258624
0.68049341
0.012774388
-0.34434575
0.71605152
0.26708439
0.80410588
1.1037539
0.064062163
-0.080376416
-0.28176296
0.63127202
0.77819961
0.32922491
0.42780343
0.7915262
-0.021134462
-0.088752083
-0.5184232
-0.33428913
0.078726791
-0.99266768
-0.66333973
0.051112987
-0.69571233
-1.0393994
0.20816484
-0.45396739
-0.36977914
-0.8842994
-1.6535093
-1.6412451
-1.5958066
-1.3934137
-1.5207943
0.30206493
0.61528689
0.96251225
0.8905645
0.59317392
0.48676807
0.02781591
0.75922155
1.2190491
-0.87213242
-0.16209161
-0.57125258
-0.12818936
-0.63899481
-0.33407918
-0.028091805
-0.31510922
-0.10532025
-0.30649051
0.54918641
-0.15391058
-1.4185539
-0.23114698
-0.56154108
-0.36495161
0.070368774
-0.32824197
-1.4074712
-1.0245708
-1.0087068
0.27570263
0.59666365
-0.017285584
1.3151103
1.2771417
0.85123092
1.2876822
0.18561375
0.48240933
0.4628076
-0.054420166
0.31809413
-1.1333914
-1.273602
-0.60636371
-0.20497194
-0.14049087
0.087156899
-0.86312854
-0.73998135
-0.89658988
-1.0647749
-0.4915522
-0.62881643
-0.23238237
-0.44370297
0.053989735
-0.57897609
-0.71015757
0.0072178058
-0.56861413
-0.6482197
-0.75894678
-0.37135431
-1.0079427
-1.1775764
-1.2479342
-1.6290972
-1.3623211
-2.0889666
-2.3314707
-1.948329
0.091104291
-0.087256864
0.34511694
-0.22673769
-0.30900368
0.20838678
-0.22494128
-0.062317759
-0.11223193
0.95166498
1.7299775
2.6060798
1.9509513
1.3579166
2.5485044
3.5022333
2.8465073
3.8677642
2.249506
1.6364535
0.040363193
1.900902
1.1247324
0.22708917
0.3716518
-0.48117033
-0.65994734
0.58402228
0.90647537
1.1840885
-0.63788259
-0.37929332
-0.062962621
-0.66619909
-0.71454519
-0.49547884
0.29502764
1.0697343
0.61844993
0.42362654
0.1212687
0.14201815
0.70090538
-0.28354269
0.23036131
-0.076735467
0.050472409
-0.25707316
-0.75406474
-0.72618091
-0.34933352
-0.52307642
-0.68953001
-0.0050190235
-0.51485544
-0.36420918
0.20186211
-1.0095333
-1.0899395
-1.1774811
-0.59814954
-0.58373338
-0.52746975
0.2790249
0.34704715
0.037150074
0.12201121
0.20290901
0.27637127
0.044240348
0.68703771
0.0094020488
-0.16380014
-0.82558227
-1.823525
0.0070548486
-0.51959389
-1.3118222
-0.13849276
-0.69435871
-1.0474304
1.5209497
1.0445373
1.2686635
1.3574319
1.013292
1.2888762
-0.53465277
0.31133497
1.1191254
-0.0061646169
1.8593663
1.6694006
0.68691981
0.89169419
0.76096183
0.55423486
0.49915424
0.80667126
-1.0666698
-0.22888756
0.20653306
-0.57432163
-0.17657326
0.22274084
0.55705595
0.29758507
0.51187056
-0.41503254
-0.37877268
-0.075090289
-0.71093738
-0.016679974
-0.1184462
-0.84738684
-1.2749195
-0.80347788
4.3051472
2.9285116
4.6113129
2.9017258
2.914628
3.3659503
0.5507673
0.68644333
-0.56879675
-0.85137916
-0.41626024
0.047203649
0.098260663
0.11747152
0.036778659
0.96809286
-0.16738674
-0.06694787
-0.53161818
-0.16717006
-0.78357977
-0.52366602
0.26588309
-0.72812897
-0.49031082
0.055971924
0.084983975
-0.39911112
-1.1253564
-0.63232982
-0.99114472
-0.86932975
-0.61151445
-0.96735209
-1.18777
-0.82405102
-0.2288755
-0.69773829
-0.49753618
-1.0891711
-1.8060127
-0.94295329
0.25057384
-0.20359804
0.019532306
1.1487439
0.72405601
0.39551806
0.20258515
-0.28952348
-1.1509026
-0.28096002
-1.0992903
-1.5567943
-0.11677412
-0.57959616
-0.26716048
-0.059342995
-0.90998501
-0.60316288
-0.099661283
-0.63275647
-0.16201568
0.17387582
-0.024627995
0.021472845
-1.1984919
-0.75453371
-0.51080966
-1.142013
-1.606249
-1.7846116
0.26658583
-0.30471879
-0.069515817
-0.25806403
-0.65665686
-0.030429304
1.1691356
0.86199278
1.3365927
-1.2122914
-2.0720425
-2.2977467
0.43347439
-0.40168512
-0.35241649
1.0592589
0.80842882
1.3148358
0.58949047
0.73945731
0.69451559
0.96951026
0.20535477
0.91119587
1.7684274
1.1688588
1.7736009
2.2359891
2.112932
1.7594751
1.5607982
2.1958668
1.530264
0.71367306
1.1185865
-0.038709626
-0.5718838
-1.1356485
-1.6646692
-0.82566148
-0.98200136
-1.5714349
-1.2264246
-1.0814116
-0.9820708
-1.2452575
-0.36746344
-1.0120846
-0.34852585
-0.53284103
-0.80711353
-0.36624652
-0.64269984
-0.2785427
0.88550818
0.13504846
0.40188387
-0.36079279
-0.094244324
0.11305493
-0.66592318
-0.8768518
-0.19810043
-0.08430393
-0.78986096
0.086739212
0.040388741
-0.21918258
-0.092034772
0.19284637
0.50188261
0.32419664
0.14603058
-0.71840757
-0.30859816
-0.65057772
-1.0340201
-0.82117873
-0.73815769
-0.66954017
-0.64186937
0.65988433
0.38337484
1.1743048
0.042399142
0.3636542
1.0928921
-0.50644737
0.48574176
0.34518266
0.27003697
-0.26563579
-0.35598704
-0.43851575
-0.60504508
-0.90880489
-1.2883196
-0.94440788
-0.3730059
-0.63366771
-0.64760709
-1.088993
-0.6412968
-0.91010135
-0.45264772
-0.29814738
-0.4042024
0.10495891
-0.77639651
0.066973872
-0.42050672
-0.90990484
0.42720413
0.24290039
-0.59083998
-0.19618151
0.26202062
0.87649971
0.18890481
-0.60967088
1.4674135
-0.8220107
-1.2329793
1.0048586
-0.76262838
-0.12274627
-1.1029271
-1.1884915
-0.71273017
-1.2175947
-0.97635913
-0.79752642
0.1730406
0.50891721
1.1817732
0.064051285
0.34803897
1.2435101
-0.67709285
-0.051953286
0.50404632
-1.3271459
-1.2413831
0.40718457
0.34276757
0.38527587
0.012527233
0.21315686
0.92720479
0.16631131
-0.292721
0.32158065
0.19239676
0.49501064
-1.0630171
-0.29018807
0.48158062
0.32058275
0.52507895
0.51125652
1.5966886
0.9350397
0.54169172
0.20396355
0.36761284
-0.1680253
-0.17832153
-0.23201719
-0.98726094
-0.21652338
-0.86073852
0.7367276
1.236004
0.26329023
0.53189057
1.0857306
-0.40130183
2.0044668
1.5726236
0.76547295
-0.38394719
0.12959649
-0.15126027
0.13544759
0.61391121
-0.098515086
0.56775522
0.58158022
-0.14739372
2.1721187
1.5170143
1.5991321
1.2706785
0.9289856
0.63950688
1.2692378
1.1624184
0.86305565
0.9935919
1.0667971
1.7025597
0.32980385
0.49840346
0.51097953
0.10297133
0.32063994
-0.5310412
0.33318576
0.20942152
0.64701265
-0.2383557
0.46425506
0.19488908
0.18872468
1.3435915
0.94378126
-0.66673452
-1.411038
-1.3705087
-0.6134752
-1.1183509
-1.3142521
-0.81786031
-0.60257465
-0.9199242
-1.0173658
-0.29532322
-0.18597463
-0.83030891
-1.3095747
-0.9257623
-1.1430959
-1.3650904
-1.1146873
-0.83931285
-0.5754106
-0.76437461
-0.56718683
-0.42452198
-0.81463099
-0.37280658
0.029673077
-0.26031208
-1.2018212
-0.56143159
-1.3154778
-0.50073093
-0.0062022139
-0.78935218
-0.050082974
0.49692354
-0.29925197
0.40222523
0.067601271
-0.20145471
0.57129097
0.45025912
0.090177499
0.0050989711
-0.20134549
-0.12494246
-1.0073594
-0.71269655
-0.84523374
1.0550308
1.439821
1.5787456
1.6905562
1.5775338
1.363795
0.57832909
0.40961611
-0.22709118
0.15551621
0.33545718
0.12234274
-0.78492451
-0.23733634
-0.35615709
1.1846009
0.30895805
0.15501264
0.49082378
-0.051551543
-0.1522994
1.1165305
0.62434131
0.22755483
-0.67837662
-0.13391341
-0.39074022
-1.3068441
-1.2977999
-1.3496883
-1.4771879
-1.4498583
-1.7796065
-0.10315703
-1.0305566
-0.27818194
-1.1672988
-1.4595648
-0.91995418
-1.7115716
-1.9398922
-1.3679658
-0.13114305
-0.31943965
-0.71941286
-0.12354619
-0.26026088
-0.30119291
0.14270338
0.20309195
-0.13155375
0.32917243
0.022742702
-0.24190362
0.25879297
0.16697037
-0.014713907
0.25622481
-0.26494077
-0.3573814
-0.88727778
-0.37659702
-0.78025109
-0.67846102
-0.27772707
-0.39586967
0.49394068
0.1223296
-0.075526044
-1.0376474
-0.58788383
-0.95377237
-0.25593221
0.10028665
-0.28276494
-0.15038434
-0.00010887071
-0.057794619
0.3580026
1.5739957
1.8389162
0.25352201
2.1299009
2.0099938
-0.024691071
1.909749
1.5153657
1.0811114
1.1403552
1.1431881
0.3585718
0.81940806
0.62513661
0.59855604
1.4284314
1.048978
-0.095337711
0.32564476
0.18267027
-0.59091294
-0.41559491
-0.32965407
0.067597188
0.45262298
0.36716083
0.21957578
0.28927252
0.041971713
-0.024102457
0.077421755
-0.26429048
0.060406491
-0.17747155
-0.02208383
-1.3668631
-1.113461
-1.4289585
-0.017579423
0.0045481729
-0.20520736
0.24185513
0.010707772
0.38427359
0.73690909
0.70452994
0.86945432
0.67149723
0.77021724
1.0220311
0.035898402
0.80235136
0.56869549
-0.91921395
-0.50482726
-0.13088217
-0.7462666
-0.73730677
-0.34389204
-0.67641598
-0.82090473
-0.43939188
-0.39645165
-0.80498725
-0.76030588
-0.14953074
-0.12670133
-0.19652343
0.30883348
1.3089194
0.30635002
-0.2949959
-0.23300956
-0.65460545
-0.2501606
-0.21768886
-0.9851318
-0.36153308
-0.33187422
-1.1251107
-0.39194548
-0.56666881
-0.93621141
-0.29357478
-0.40286463
-0.57350671
0.42453554
0.28532085
0.54950243
0.4488011
0.71063662
0.76383781
0.54686958
1.0062423
0.81498569
0.26814437
0.65907198
-0.0092851501
-1.5930361
-1.6049346
-0.54602826
1.0394588
1.1184952
1.4535575
0.23598483
0.0017593952
0.4335205
0.6131407
0.12853913
-0.12394929
0.89599079
0.45156205
0.20967515
0.15248822
-0.13942364
-0.24350068
-0.087415382
0.65275216
0.7448799
-0.13561907
0.376481
0.74643892
-0.36628136
0.074712276
0.073459588
0.56954283
0.14798123
0.29974392
0.29325047
-0.29764643
-0.47885412
0.45647055
-0.046874143
-0.3367593
0.23853461
0.47828344
0.33230165
0.32070652
0.33042002
-0.065718502
-0.10165273
-0.050825696
-0.96289182
-0.90412319
-0.21025896
0.81055599
0.50978881
0.50634158
0.77454579
0.42841986
0.42535812
0.57842076
-0.40168571
-0.80278069
-0.43682659
-0.56489158
-0.57101619
-0.46730354
-1.4729712
-0.95678443
-0.44683897
-0.0878511
-0.024475688
0.3260856
0.34525788
0.20916983
0.47619098
0.42888603
0.14615908
0.27139154
0.58793575
0.054516893
0.43941948
0.033550784
0.34727883
0.037834402
-0.45589313
0.049380969
0.42327833
-0.25037324
-0.4035987
-0.013498935
0.2259296
0.10937661
0.25524956
0.35560825
0.38818553
0.45369348
-0.50581342
-0.51271659
-0.86707735
-0.9821431
-0.57680768
-1.0913724
-0.56621003
-0.50322229
-0.99322683
0.076326869
0.0084417369
0.19217139
0.54053485
-0.25490037
-0.092131063
0.35543165
-0.32925972
0.087917283
0.26750463
-0.051319607
0.084292121
0.14888096
0.2440457
0.44498426
-0.10983664
0.17476152
-0.067082249
1.0866313
0.84143186
1.0410756
1.5781753
1.6297373
0.77929991
1.757171
1.347567
-0.3214345
0.036261417
0.095685489
-0.33675563
0.28963438
0.5259378
0.35823441
0.34138018
0.6988464
0.35985366
-0.52180487
-1.2870542
-0.7199958
-0.91339684
-0.90619051
-0.10446022
0.7722767
0.91457707
0.98626113
-0.16336143
-1.0190505
-0.63341951
0.52631027
-0.0021089565
0.051819589
-0.050366879
-0.046951097
-0.062815152
-1.4937689
-0.42268574
-0.21361327
0.010871144
0.63709283
0.54520881
0.47795928
0.89092124
0.22930154
0.071647055
0.9460904
1.1462696
1.1550028
1.0950264
1.2966475
-0.14037323
0.058568064
-0.7316972
0.37991127
0.24207085
0.64302027
-0.21814345
0.012897661
0.032250769
-1.0218624
-0.32770976
-0.44232672
-0.17588645
-0.057446741
0.050034754
1.137272
1.1826488
0.80719739
1.1615709
1.3175199
0.75896084
-0.5129571
0.10859454
0.3625071
-0.30696175
-0.45250142
0.25699535
-0.056464575
-0.069594145
0.39863735
-1.4325868
-1.9186596
-1.723688
-1.1949019
-1.3103496
-1.2610698
-0.57583272
-0.61490601
-0.34229502
1.163511
0.76670623
0.52872121
1.8366839
0.78571701
0.72981042
1.415871
0.63788986
1.0509381
0.34015223
0.045905594
0.15371205
0.037385646
0.16937663
-0.086709417
-0.7115351
-0.43603608
-1.2715446
0.62400681
0.73563254
0.47859511
0.11689783
-0.22969255
-0.3272171
-0.23404376
-1.0461699
-1.0249332
-0.55543053
-0.21402699
0.4952589
0.25338951
0.39872772
0.47442362
1.0510724
1.0593466
0.89977455
0.56318933
0.27494437
1.0652107
0.76442748
0.30697751
0.8499167
0.14208405
0.060032994
0.36356309
0.16728286
-0.92623842
-0.74956131
0.095277525
-0.54952878
-0.43462345
-0.42346123
-0.62770933
-0.9459812
0.25346187
0.56489331
0.34167871
0.63677156
0.99259865
0.60519427
1.2506835
1.5303935
1.1980293
-0.6203866
-0.47745267
-0.33046344
-0.71340245
-0.58935225
-0.24160023
-0.72112668
-0.71777833
-0.32356489
-0.32244626
-0.11084153
-0.26782206
-0.60725641
-0.023214834
-0.50896943
-0.30528724
0.31480798
-0.56679469
-0.54178268
-0.73165107
-0.55724007
0.87974328
0.5888707
0.29011339
0.35920793
0.19523759
0.15690909
-0.76373327
-0.70199752
-1.0850048
-1.1923527
-0.91018736
-1.2671185
-1.1990426
-1.5253524
-1.3264173
0.19836059
0.19568744
-0.078579858
0.050949119
0.41802406
-0.0391137
0.83048457
0.87975037
0.37664208

[fc.bias] shape=[10] dtype=float32
0.12284788
-0.29385281
0.099169582
0.22119536
-0.13528636
-0.085266657
0.14245053
0.033006456
0.056087349
-0.1602551

[fc.weight] shape=[10, 40] dtype=float32
0.62873864
-0.072955966
-0.23535243
-0.059717659
0.85761189
-0.87475413
0.21345881
-0.39681849
-0.8576684
0.814533
0.51789784
0.16940874
0.84996021
0.52450818
-0.78010339
-0.73126704
0.11166868
-0.45365992
0.51669419
-0.21381095
-0.47340155
1.1911564
-0.34418383
0.68610787
-0.28878483
-0.60344326
-0.26869631
0.21935186
-0.46330786
0.043204859
0.83261216
1.696075
-0.17244756
-0.47067225
0.069046631
-0.37408221
-0.46050975
-0.61919743
-0.4854503
-0.4786596
-0.34058377
-0.25362256
-0.19500618
-0.34533128
-0.62401938
-0.059812929
-0.48762271
0.74308926
-0.52759546
0.56335223
-0.21210271
-0.64888179
0.33796686
-0.24366395
-0.3625026
-0.11400341
0.23268278
0.097692944
0.42374226
-0.23897591
0.86618894
-0.53643811
-0.23477758
-0.26921991
1.0892156
0.38650909
-0.45125479
0.22289222
-0.12836283
-0.89749527
0.21064365
-0.44352862
-0.13514623
2.4716682
1.2800323
-0.35402599
0.37382689
-0.65388131
-0.11593502
-0.33540595
0.12647259
-0.42067584
0.50985652
1.0254399
0.99406648
-0.065825537
0.057057951
-0.26374257
0.44837144
-0.68236446
-0.35603985
0.27919498
-0.68687099
-0.99281687
-0.56398368
1.9430767
-0.54222697
-0.41784513
1.1963108
-0.63436508
-0.49833372
-0.76505554
-0.81047773
-0.38285851
-0.203559
-0.098513
0.31485865
-0.49177906
1.5503666
0.48220268
-0.27606362
1.211236
-0.098081812
-0.19719893
-0.29035142
-0.63831598
-0.20744775
0.079745762
-0.69512904
0.74529397
-0.77349162
0.58156151
0.96068501
0.49707523
0.051713362
0.17663012
-0.63387263
-0.54092985
-0.24314749
-0.20311603
0.93128943
0.026937217
-0.5552963
0.29442367
1.2847629
-0.051712342
-0.4392437
0.018997768
-0.27361259
-0.44224957
-0.047617681
0.6528129
-0.26686159
0.61797047
0.38892564
-0.2097
0.55352789
-0.47038075
-0.6687513
0.38018614
-0.040031526
-0.43574753
1.6433481
-0.18274871
-0.007068669
0.16723189
-0.021967998
-0.0015479812
-0.16237217
-0.46196258
0.96624184
-0.27258202
-0.010345968
-0.498849
-0.11624154
1.2727543
-0.44009224
-0.76715076
0.8496334
-0.58009022
-0.68382657
0.34716114
0.19997852
-0.036566108
-0.70977098
-0.013247662
0.059355311
-0.50056958
0.014127337
2.0172181
-0.45839232
-0.19089688
0.11302775
1.320684
0.34729004
-0.59338754
-0.081022888
-0.27499041
-0.5405829
1.37608
-0.68343848
-0.09908127
-0.24030589
-0.15207396
-0.39102012
0.15190677
-0.17024595
-0.91498715
1.0678731
0.087049805
-0.36572599
0.61831266
0.37769544
-0.0046219476
-0.74125355
-0.12571944
-0.70828366
0.030786203
0.55546433
-0.55953956
0.72741157
0.30562302
-0.21926169
0.38359925
0.85625839
0.048991472
-0.25576115
-0.182065
-0.33642232
0.23061298
-0.40441689
0.27924731
-0.13030629
-0.26843348
0.10952745
0.16131023
0.19512969
-0.67580664
1.5478076
-0.010374085
-0.27575594
-0.2633552
-0.45182392
-0.22688699
-0.19434673
1.8759375
-0.32402599
0.67023402
-0.30626804
-0.51763248
-0.42412814
-0.029344102
-0.34886771
-0.61996335
-0.24718766
0.49717861
-0.22191948
1.7586187
-0.48380145
-0.43327788
-0.023855092
1.1133263
0.55847114
0.59839594
0.11148644
-0.38575116
0.06693577
0.91457093
-0.15205435
-0.27831578
0.32419661
-0.71276164
0.7782011
-0.89457572
-0.27735156
-0.37207311
1.3648012
-0.25698888
-0.21394737
-0.71116602
-0.61403954
-0.49984163
-0.071326084
0.021424364
-0.52815408
-0.38441566
-0.41258425
-0.18569067
-0.23506615
0.87404788
-0.33459941
-0.5526545
-0.2925109
-0.25586358
0.034376182
-0.43841624
0.3450914
-0.73825359
1.091588
-0.39005667
0.018584494
-0.44442594
-0.3732045
-0.18446049
0.53164911
0.0061483751
1.7448303
-0.26648414
-0.14771
0.18831627
-0.24817784
0.68212211
0.91564476
-0.13127548
-0.33805099
-0.47487077
-0.73716533
-0.20020618
-0.5610677
0.087756798
0.27061212
-0.76454961
-0.22258066
-0.27107409
0.068564594
-0.41527456
-0.20620909
1.8308222
0.36661741
0.30184886
0.91815466
0.72117227
-0.43081596
0.038154822
0.35779503
-0.19812056
0.78131884
0.8081823
-0.5087117
0.7463339
-0.44747213
-0.69548905
-0.060653046
-0.57686067
0.052717604
-0.39917642
-0.49431789
-0.055250384
-0.41560769
-0.45888531
-0.55222917
-0.52815163
0.20805207
-0.34100491
-0.40872389
0.21817663
-0.55805796
1.4271166
-0.29911
-0.32523566
-0.37601489
-0.42133015
0.099965826
-0.20462272
-0.57018572
-0.0068327696
1.8175353
-0.2005748
-0.38029814
-0.24694838
-0.4010807
-0.31924745
-0.3354001
0.22369988
-0.56695986
-0.18404533
1.0950121
-0.63382262
-0.32409793
0.72426099
-0.4718405
-0.45283058
-0.050993141
0.2333134
-0.42064488
-0.30326742
-0.48413432
0.84455234
-0.82553208
-0.16963214
1.4921925
-0.072034888
-0.22843646
-0.3376517
-0.41833386
1.5858473
-0.33213621
0.50054586
-0.22303577
-0.42519292
0.95151711
0.020025792
-0.35148889
-0.78782922
0.56342024
-0.022187253
-0.3882722
-0.0049896245
0.94584882
0.032243654
